ISO-10303-21;
HEADER;
FILE_DESCRIPTION(('FreeCAD Model'),'2;1');
FILE_NAME('Open CASCADE Shape Model','2026-08-29T18:51:43',('FreeCAD'),(
    'FreeCAD'),'Open CASCADE STEP processor 7.8','FreeCAD','Unknown');
FILE_SCHEMA(('AUTOMOTIVE_DESIGN { 1 0 10303 214 1 1 1 1 }'));
ENDSEC;
DATA;
#1 = APPLICATION_PROTOCOL_DEFINITION('international standard',
  'automotive_design',2000,#2);
#2 = APPLICATION_CONTEXT(
  'core data for automotive mechanical design processes');
#3 = SHAPE_DEFINITION_REPRESENTATION(#4,#10);
#4 = PRODUCT_DEFINITION_SHAPE('','',#5);
#5 = PRODUCT_DEFINITION('design','',#6,#9);
#6 = PRODUCT_DEFINITION_FORMATION('','',#7);
#7 = PRODUCT('Open CASCADE STEP translator 7.8 1',
  'Open CASCADE STEP translator 7.8 1','',(#8));
#8 = PRODUCT_CONTEXT('',#2,'mechanical');
#9 = PRODUCT_DEFINITION_CONTEXT('part definition',#2,'design');
#10 = SHAPE_REPRESENTATION('',(#11,#15,#113,#445,#777,#1109,#1441,#1773,
    #2105,#2437,#2769,#3101,#3433,#3765,#4097,#4429,#4761,#5093,#5425,
    #5757,#6089,#6421,#6519,#6617,#6715,#6813,#6911,#7009,#7107,#7205,
    #7303,#7401,#7499,#7597,#7695,#7793,#7891,#7989,#8087,#8185,#8283,
    #8381,#8479,#8577,#8675,#8773,#8871,#8969,#9067,#9165,#9263,#9361,
    #9459,#9557,#9655,#9753,#9851,#9949,#10047,#10145,#10243,#10341,
    #10439,#10537,#10635,#10733,#10831,#10929,#11027,#11125,#11223,
    #11321,#11419,#11517,#11615,#11713,#11811,#11909,#12007,#12105,
    #12203,#12301,#12399,#12497,#12595,#12693,#12791,#12889,#12987,
    #13085,#13183,#13281,#13379,#13477,#13575,#13673,#13771,#13869,
    #13967),#18264);
#11 = AXIS2_PLACEMENT_3D('',#12,#13,#14);
#12 = CARTESIAN_POINT('',(0.,0.,0.));
#13 = DIRECTION('',(0.,0.,1.));
#14 = DIRECTION('',(1.,0.,-0.));
#15 = MANIFOLD_SOLID_BREP('',#16);
#16 = CLOSED_SHELL('',(#17,#105,#109));
#17 = ADVANCED_FACE('',(#18),#31,.T.);
#18 = FACE_BOUND('',#19,.T.);
#19 = EDGE_LOOP('',(#20,#54,#77,#104));
#20 = ORIENTED_EDGE('',*,*,#21,.F.);
#21 = EDGE_CURVE('',#22,#22,#24,.T.);
#22 = VERTEX_POINT('',#23);
#23 = CARTESIAN_POINT('',(2.,-4.898587196589E-16,173.7));
#24 = SURFACE_CURVE('',#25,(#30,#42),.PCURVE_S1.);
#25 = CIRCLE('',#26,2.);
#26 = AXIS2_PLACEMENT_3D('',#27,#28,#29);
#27 = CARTESIAN_POINT('',(0.,0.,173.7));
#28 = DIRECTION('',(0.,0.,1.));
#29 = DIRECTION('',(1.,0.,0.));
#30 = PCURVE('',#31,#36);
#31 = CYLINDRICAL_SURFACE('',#32,2.);
#32 = AXIS2_PLACEMENT_3D('',#33,#34,#35);
#33 = CARTESIAN_POINT('',(0.,0.,0.));
#34 = DIRECTION('',(0.,0.,1.));
#35 = DIRECTION('',(1.,0.,0.));
#36 = DEFINITIONAL_REPRESENTATION('',(#37),#41);
#37 = LINE('',#38,#39);
#38 = CARTESIAN_POINT('',(0.,173.7));
#39 = VECTOR('',#40,1.);
#40 = DIRECTION('',(1.,0.));
#41 = ( GEOMETRIC_REPRESENTATION_CONTEXT(2) 
PARAMETRIC_REPRESENTATION_CONTEXT() REPRESENTATION_CONTEXT('2D SPACE',''
  ) );
#42 = PCURVE('',#43,#48);
#43 = PLANE('',#44);
#44 = AXIS2_PLACEMENT_3D('',#45,#46,#47);
#45 = CARTESIAN_POINT('',(0.,0.,173.7));
#46 = DIRECTION('',(0.,0.,1.));
#47 = DIRECTION('',(1.,0.,0.));
#48 = DEFINITIONAL_REPRESENTATION('',(#49),#53);
#49 = CIRCLE('',#50,2.);
#50 = AXIS2_PLACEMENT_2D('',#51,#52);
#51 = CARTESIAN_POINT('',(0.,0.));
#52 = DIRECTION('',(1.,0.));
#53 = ( GEOMETRIC_REPRESENTATION_CONTEXT(2) 
PARAMETRIC_REPRESENTATION_CONTEXT() REPRESENTATION_CONTEXT('2D SPACE',''
  ) );
#54 = ORIENTED_EDGE('',*,*,#55,.F.);
#55 = EDGE_CURVE('',#56,#22,#58,.T.);
#56 = VERTEX_POINT('',#57);
#57 = CARTESIAN_POINT('',(2.,-4.898587196589E-16,0.));
#58 = SEAM_CURVE('',#59,(#63,#70),.PCURVE_S1.);
#59 = LINE('',#60,#61);
#60 = CARTESIAN_POINT('',(2.,-4.898587196589E-16,0.));
#61 = VECTOR('',#62,1.);
#62 = DIRECTION('',(0.,0.,1.));
#63 = PCURVE('',#31,#64);
#64 = DEFINITIONAL_REPRESENTATION('',(#65),#69);
#65 = LINE('',#66,#67);
#66 = CARTESIAN_POINT('',(6.28318530718,-0.));
#67 = VECTOR('',#68,1.);
#68 = DIRECTION('',(0.,1.));
#69 = ( GEOMETRIC_REPRESENTATION_CONTEXT(2) 
PARAMETRIC_REPRESENTATION_CONTEXT() REPRESENTATION_CONTEXT('2D SPACE',''
  ) );
#70 = PCURVE('',#31,#71);
#71 = DEFINITIONAL_REPRESENTATION('',(#72),#76);
#72 = LINE('',#73,#74);
#73 = CARTESIAN_POINT('',(0.,-0.));
#74 = VECTOR('',#75,1.);
#75 = DIRECTION('',(0.,1.));
#76 = ( GEOMETRIC_REPRESENTATION_CONTEXT(2) 
PARAMETRIC_REPRESENTATION_CONTEXT() REPRESENTATION_CONTEXT('2D SPACE',''
  ) );
#77 = ORIENTED_EDGE('',*,*,#78,.T.);
#78 = EDGE_CURVE('',#56,#56,#79,.T.);
#79 = SURFACE_CURVE('',#80,(#85,#92),.PCURVE_S1.);
#80 = CIRCLE('',#81,2.);
#81 = AXIS2_PLACEMENT_3D('',#82,#83,#84);
#82 = CARTESIAN_POINT('',(0.,0.,0.));
#83 = DIRECTION('',(0.,0.,1.));
#84 = DIRECTION('',(1.,0.,0.));
#85 = PCURVE('',#31,#86);
#86 = DEFINITIONAL_REPRESENTATION('',(#87),#91);
#87 = LINE('',#88,#89);
#88 = CARTESIAN_POINT('',(0.,0.));
#89 = VECTOR('',#90,1.);
#90 = DIRECTION('',(1.,0.));
#91 = ( GEOMETRIC_REPRESENTATION_CONTEXT(2) 
PARAMETRIC_REPRESENTATION_CONTEXT() REPRESENTATION_CONTEXT('2D SPACE',''
  ) );
#92 = PCURVE('',#93,#98);
#93 = PLANE('',#94);
#94 = AXIS2_PLACEMENT_3D('',#95,#96,#97);
#95 = CARTESIAN_POINT('',(0.,0.,0.));
#96 = DIRECTION('',(0.,0.,1.));
#97 = DIRECTION('',(1.,0.,0.));
#98 = DEFINITIONAL_REPRESENTATION('',(#99),#103);
#99 = CIRCLE('',#100,2.);
#100 = AXIS2_PLACEMENT_2D('',#101,#102);
#101 = CARTESIAN_POINT('',(0.,0.));
#102 = DIRECTION('',(1.,0.));
#103 = ( GEOMETRIC_REPRESENTATION_CONTEXT(2) 
PARAMETRIC_REPRESENTATION_CONTEXT() REPRESENTATION_CONTEXT('2D SPACE',''
  ) );
#104 = ORIENTED_EDGE('',*,*,#55,.T.);
#105 = ADVANCED_FACE('',(#106),#43,.T.);
#106 = FACE_BOUND('',#107,.T.);
#107 = EDGE_LOOP('',(#108));
#108 = ORIENTED_EDGE('',*,*,#21,.T.);
#109 = ADVANCED_FACE('',(#110),#93,.F.);
#110 = FACE_BOUND('',#111,.T.);
#111 = EDGE_LOOP('',(#112));
#112 = ORIENTED_EDGE('',*,*,#78,.F.);
#113 = MANIFOLD_SOLID_BREP('',#114);
#114 = CLOSED_SHELL('',(#115,#237,#314,#361,#411,#438));
#115 = ADVANCED_FACE('',(#116),#131,.T.);
#116 = FACE_BOUND('',#117,.T.);
#117 = EDGE_LOOP('',(#118,#154,#182,#211));
#118 = ORIENTED_EDGE('',*,*,#119,.F.);
#119 = EDGE_CURVE('',#120,#122,#124,.T.);
#120 = VERTEX_POINT('',#121);
#121 = CARTESIAN_POINT('',(30.664951476956,-18.85897003857,0.));
#122 = VERTEX_POINT('',#123);
#123 = CARTESIAN_POINT('',(36.,3.552713678801E-15,0.));
#124 = SURFACE_CURVE('',#125,(#130,#142),.PCURVE_S1.);
#125 = CIRCLE('',#126,36.);
#126 = AXIS2_PLACEMENT_3D('',#127,#128,#129);
#127 = CARTESIAN_POINT('',(0.,0.,0.));
#128 = DIRECTION('',(-0.,0.,1.));
#129 = DIRECTION('',(0.851804207693,-0.523860278849,0.));
#130 = PCURVE('',#131,#136);
#131 = CYLINDRICAL_SURFACE('',#132,36.);
#132 = AXIS2_PLACEMENT_3D('',#133,#134,#135);
#133 = CARTESIAN_POINT('',(0.,0.,-1.5));
#134 = DIRECTION('',(0.,0.,1.));
#135 = DIRECTION('',(0.851804207693,-0.523860278849,0.));
#136 = DEFINITIONAL_REPRESENTATION('',(#137),#141);
#137 = LINE('',#138,#139);
#138 = CARTESIAN_POINT('',(0.,1.5));
#139 = VECTOR('',#140,1.);
#140 = DIRECTION('',(1.,0.));
#141 = ( GEOMETRIC_REPRESENTATION_CONTEXT(2) 
PARAMETRIC_REPRESENTATION_CONTEXT() REPRESENTATION_CONTEXT('2D SPACE',''
  ) );
#142 = PCURVE('',#143,#148);
#143 = PLANE('',#144);
#144 = AXIS2_PLACEMENT_3D('',#145,#146,#147);
#145 = CARTESIAN_POINT('',(0.,0.,0.));
#146 = DIRECTION('',(0.,0.,1.));
#147 = DIRECTION('',(0.851804207693,-0.523860278849,0.));
#148 = DEFINITIONAL_REPRESENTATION('',(#149),#153);
#149 = CIRCLE('',#150,36.);
#150 = AXIS2_PLACEMENT_2D('',#151,#152);
#151 = CARTESIAN_POINT('',(0.,0.));
#152 = DIRECTION('',(1.,0.));
#153 = ( GEOMETRIC_REPRESENTATION_CONTEXT(2) 
PARAMETRIC_REPRESENTATION_CONTEXT() REPRESENTATION_CONTEXT('2D SPACE',''
  ) );
#154 = ORIENTED_EDGE('',*,*,#155,.F.);
#155 = EDGE_CURVE('',#156,#120,#158,.T.);
#156 = VERTEX_POINT('',#157);
#157 = CARTESIAN_POINT('',(30.664951476956,-18.85897003857,-1.5));
#158 = SURFACE_CURVE('',#159,(#163,#170),.PCURVE_S1.);
#159 = LINE('',#160,#161);
#160 = CARTESIAN_POINT('',(30.664951476956,-18.85897003857,-1.5));
#161 = VECTOR('',#162,1.);
#162 = DIRECTION('',(0.,0.,1.));
#163 = PCURVE('',#131,#164);
#164 = DEFINITIONAL_REPRESENTATION('',(#165),#169);
#165 = LINE('',#166,#167);
#166 = CARTESIAN_POINT('',(0.,-0.));
#167 = VECTOR('',#168,1.);
#168 = DIRECTION('',(0.,1.));
#169 = ( GEOMETRIC_REPRESENTATION_CONTEXT(2) 
PARAMETRIC_REPRESENTATION_CONTEXT() REPRESENTATION_CONTEXT('2D SPACE',''
  ) );
#170 = PCURVE('',#171,#176);
#171 = PLANE('',#172);
#172 = AXIS2_PLACEMENT_3D('',#173,#174,#175);
#173 = CARTESIAN_POINT('',(0.,0.,-1.5));
#174 = DIRECTION('',(-0.523860278849,-0.851804207693,-0.));
#175 = DIRECTION('',(0.851804207693,-0.523860278849,0.));
#176 = DEFINITIONAL_REPRESENTATION('',(#177),#181);
#177 = LINE('',#178,#179);
#178 = CARTESIAN_POINT('',(36.,0.));
#179 = VECTOR('',#180,1.);
#180 = DIRECTION('',(0.,1.));
#181 = ( GEOMETRIC_REPRESENTATION_CONTEXT(2) 
PARAMETRIC_REPRESENTATION_CONTEXT() REPRESENTATION_CONTEXT('2D SPACE',''
  ) );
#182 = ORIENTED_EDGE('',*,*,#183,.T.);
#183 = EDGE_CURVE('',#156,#184,#186,.T.);
#184 = VERTEX_POINT('',#185);
#185 = CARTESIAN_POINT('',(36.,3.552713678801E-15,-1.5));
#186 = SURFACE_CURVE('',#187,(#192,#199),.PCURVE_S1.);
#187 = CIRCLE('',#188,36.);
#188 = AXIS2_PLACEMENT_3D('',#189,#190,#191);
#189 = CARTESIAN_POINT('',(0.,0.,-1.5));
#190 = DIRECTION('',(-0.,0.,1.));
#191 = DIRECTION('',(0.851804207693,-0.523860278849,0.));
#192 = PCURVE('',#131,#193);
#193 = DEFINITIONAL_REPRESENTATION('',(#194),#198);
#194 = LINE('',#195,#196);
#195 = CARTESIAN_POINT('',(0.,0.));
#196 = VECTOR('',#197,1.);
#197 = DIRECTION('',(1.,0.));
#198 = ( GEOMETRIC_REPRESENTATION_CONTEXT(2) 
PARAMETRIC_REPRESENTATION_CONTEXT() REPRESENTATION_CONTEXT('2D SPACE',''
  ) );
#199 = PCURVE('',#200,#205);
#200 = PLANE('',#201);
#201 = AXIS2_PLACEMENT_3D('',#202,#203,#204);
#202 = CARTESIAN_POINT('',(0.,0.,-1.5));
#203 = DIRECTION('',(0.,0.,1.));
#204 = DIRECTION('',(0.851804207693,-0.523860278849,0.));
#205 = DEFINITIONAL_REPRESENTATION('',(#206),#210);
#206 = CIRCLE('',#207,36.);
#207 = AXIS2_PLACEMENT_2D('',#208,#209);
#208 = CARTESIAN_POINT('',(0.,0.));
#209 = DIRECTION('',(1.,0.));
#210 = ( GEOMETRIC_REPRESENTATION_CONTEXT(2) 
PARAMETRIC_REPRESENTATION_CONTEXT() REPRESENTATION_CONTEXT('2D SPACE',''
  ) );
#211 = ORIENTED_EDGE('',*,*,#212,.T.);
#212 = EDGE_CURVE('',#184,#122,#213,.T.);
#213 = SURFACE_CURVE('',#214,(#218,#225),.PCURVE_S1.);
#214 = LINE('',#215,#216);
#215 = CARTESIAN_POINT('',(36.,3.552713678801E-15,-1.5));
#216 = VECTOR('',#217,1.);
#217 = DIRECTION('',(0.,0.,1.));
#218 = PCURVE('',#131,#219);
#219 = DEFINITIONAL_REPRESENTATION('',(#220),#224);
#220 = LINE('',#221,#222);
#221 = CARTESIAN_POINT('',(0.551376553376,-0.));
#222 = VECTOR('',#223,1.);
#223 = DIRECTION('',(0.,1.));
#224 = ( GEOMETRIC_REPRESENTATION_CONTEXT(2) 
PARAMETRIC_REPRESENTATION_CONTEXT() REPRESENTATION_CONTEXT('2D SPACE',''
  ) );
#225 = PCURVE('',#226,#231);
#226 = PLANE('',#227);
#227 = AXIS2_PLACEMENT_3D('',#228,#229,#230);
#228 = CARTESIAN_POINT('',(0.,0.,-1.5));
#229 = DIRECTION('',(5.551115123126E-17,-1.,0.));
#230 = DIRECTION('',(1.,5.551115123126E-17,0.));
#231 = DEFINITIONAL_REPRESENTATION('',(#232),#236);
#232 = LINE('',#233,#234);
#233 = CARTESIAN_POINT('',(36.,0.));
#234 = VECTOR('',#235,1.);
#235 = DIRECTION('',(0.,1.));
#236 = ( GEOMETRIC_REPRESENTATION_CONTEXT(2) 
PARAMETRIC_REPRESENTATION_CONTEXT() REPRESENTATION_CONTEXT('2D SPACE',''
  ) );
#237 = ADVANCED_FACE('',(#238),#143,.T.);
#238 = FACE_BOUND('',#239,.T.);
#239 = EDGE_LOOP('',(#240,#241,#264,#293));
#240 = ORIENTED_EDGE('',*,*,#119,.T.);
#241 = ORIENTED_EDGE('',*,*,#242,.F.);
#242 = EDGE_CURVE('',#243,#122,#245,.T.);
#243 = VERTEX_POINT('',#244);
#244 = CARTESIAN_POINT('',(2.,1.110223024625E-16,0.));
#245 = SURFACE_CURVE('',#246,(#250,#257),.PCURVE_S1.);
#246 = LINE('',#247,#248);
#247 = CARTESIAN_POINT('',(0.,0.,0.));
#248 = VECTOR('',#249,1.);
#249 = DIRECTION('',(1.,5.551115123126E-17,0.));
#250 = PCURVE('',#143,#251);
#251 = DEFINITIONAL_REPRESENTATION('',(#252),#256);
#252 = LINE('',#253,#254);
#253 = CARTESIAN_POINT('',(0.,0.));
#254 = VECTOR('',#255,1.);
#255 = DIRECTION('',(0.851804207693,0.523860278849));
#256 = ( GEOMETRIC_REPRESENTATION_CONTEXT(2) 
PARAMETRIC_REPRESENTATION_CONTEXT() REPRESENTATION_CONTEXT('2D SPACE',''
  ) );
#257 = PCURVE('',#226,#258);
#258 = DEFINITIONAL_REPRESENTATION('',(#259),#263);
#259 = LINE('',#260,#261);
#260 = CARTESIAN_POINT('',(0.,1.5));
#261 = VECTOR('',#262,1.);
#262 = DIRECTION('',(1.,0.));
#263 = ( GEOMETRIC_REPRESENTATION_CONTEXT(2) 
PARAMETRIC_REPRESENTATION_CONTEXT() REPRESENTATION_CONTEXT('2D SPACE',''
  ) );
#264 = ORIENTED_EDGE('',*,*,#265,.F.);
#265 = EDGE_CURVE('',#266,#243,#268,.T.);
#266 = VERTEX_POINT('',#267);
#267 = CARTESIAN_POINT('',(1.703608415386,-1.047720557699,0.));
#268 = SURFACE_CURVE('',#269,(#274,#281),.PCURVE_S1.);
#269 = CIRCLE('',#270,2.);
#270 = AXIS2_PLACEMENT_3D('',#271,#272,#273);
#271 = CARTESIAN_POINT('',(0.,0.,0.));
#272 = DIRECTION('',(-0.,0.,1.));
#273 = DIRECTION('',(0.851804207693,-0.523860278849,0.));
#274 = PCURVE('',#143,#275);
#275 = DEFINITIONAL_REPRESENTATION('',(#276),#280);
#276 = CIRCLE('',#277,2.);
#277 = AXIS2_PLACEMENT_2D('',#278,#279);
#278 = CARTESIAN_POINT('',(0.,0.));
#279 = DIRECTION('',(1.,0.));
#280 = ( GEOMETRIC_REPRESENTATION_CONTEXT(2) 
PARAMETRIC_REPRESENTATION_CONTEXT() REPRESENTATION_CONTEXT('2D SPACE',''
  ) );
#281 = PCURVE('',#282,#287);
#282 = CYLINDRICAL_SURFACE('',#283,2.);
#283 = AXIS2_PLACEMENT_3D('',#284,#285,#286);
#284 = CARTESIAN_POINT('',(0.,0.,-2.5));
#285 = DIRECTION('',(0.,0.,1.));
#286 = DIRECTION('',(0.851804207693,-0.523860278849,0.));
#287 = DEFINITIONAL_REPRESENTATION('',(#288),#292);
#288 = LINE('',#289,#290);
#289 = CARTESIAN_POINT('',(0.,2.5));
#290 = VECTOR('',#291,1.);
#291 = DIRECTION('',(1.,0.));
#292 = ( GEOMETRIC_REPRESENTATION_CONTEXT(2) 
PARAMETRIC_REPRESENTATION_CONTEXT() REPRESENTATION_CONTEXT('2D SPACE',''
  ) );
#293 = ORIENTED_EDGE('',*,*,#294,.T.);
#294 = EDGE_CURVE('',#266,#120,#295,.T.);
#295 = SURFACE_CURVE('',#296,(#300,#307),.PCURVE_S1.);
#296 = LINE('',#297,#298);
#297 = CARTESIAN_POINT('',(0.,0.,0.));
#298 = VECTOR('',#299,1.);
#299 = DIRECTION('',(0.851804207693,-0.523860278849,0.));
#300 = PCURVE('',#143,#301);
#301 = DEFINITIONAL_REPRESENTATION('',(#302),#306);
#302 = LINE('',#303,#304);
#303 = CARTESIAN_POINT('',(0.,0.));
#304 = VECTOR('',#305,1.);
#305 = DIRECTION('',(1.,0.));
#306 = ( GEOMETRIC_REPRESENTATION_CONTEXT(2) 
PARAMETRIC_REPRESENTATION_CONTEXT() REPRESENTATION_CONTEXT('2D SPACE',''
  ) );
#307 = PCURVE('',#171,#308);
#308 = DEFINITIONAL_REPRESENTATION('',(#309),#313);
#309 = LINE('',#310,#311);
#310 = CARTESIAN_POINT('',(0.,1.5));
#311 = VECTOR('',#312,1.);
#312 = DIRECTION('',(1.,0.));
#313 = ( GEOMETRIC_REPRESENTATION_CONTEXT(2) 
PARAMETRIC_REPRESENTATION_CONTEXT() REPRESENTATION_CONTEXT('2D SPACE',''
  ) );
#314 = ADVANCED_FACE('',(#315),#226,.F.);
#315 = FACE_BOUND('',#316,.F.);
#316 = EDGE_LOOP('',(#317,#318,#339,#360));
#317 = ORIENTED_EDGE('',*,*,#242,.F.);
#318 = ORIENTED_EDGE('',*,*,#319,.F.);
#319 = EDGE_CURVE('',#320,#243,#322,.T.);
#320 = VERTEX_POINT('',#321);
#321 = CARTESIAN_POINT('',(2.,1.110223024625E-16,-1.5));
#322 = SURFACE_CURVE('',#323,(#327,#333),.PCURVE_S1.);
#323 = LINE('',#324,#325);
#324 = CARTESIAN_POINT('',(2.,1.110223024625E-16,-2.5));
#325 = VECTOR('',#326,1.);
#326 = DIRECTION('',(0.,0.,1.));
#327 = PCURVE('',#226,#328);
#328 = DEFINITIONAL_REPRESENTATION('',(#329),#332);
#329 = B_SPLINE_CURVE_WITH_KNOTS('',1,(#330,#331),.UNSPECIFIED.,.F.,.F.,
  (2,2),(0.85,2.65),.PIECEWISE_BEZIER_KNOTS.);
#330 = CARTESIAN_POINT('',(2.,-0.15));
#331 = CARTESIAN_POINT('',(2.,1.65));
#332 = ( GEOMETRIC_REPRESENTATION_CONTEXT(2) 
PARAMETRIC_REPRESENTATION_CONTEXT() REPRESENTATION_CONTEXT('2D SPACE',''
  ) );
#333 = PCURVE('',#282,#334);
#334 = DEFINITIONAL_REPRESENTATION('',(#335),#338);
#335 = B_SPLINE_CURVE_WITH_KNOTS('',1,(#336,#337),.UNSPECIFIED.,.F.,.F.,
  (2,2),(0.85,2.65),.PIECEWISE_BEZIER_KNOTS.);
#336 = CARTESIAN_POINT('',(0.551376553376,0.85));
#337 = CARTESIAN_POINT('',(0.551376553376,2.65));
#338 = ( GEOMETRIC_REPRESENTATION_CONTEXT(2) 
PARAMETRIC_REPRESENTATION_CONTEXT() REPRESENTATION_CONTEXT('2D SPACE',''
  ) );
#339 = ORIENTED_EDGE('',*,*,#340,.T.);
#340 = EDGE_CURVE('',#320,#184,#341,.T.);
#341 = SURFACE_CURVE('',#342,(#346,#353),.PCURVE_S1.);
#342 = LINE('',#343,#344);
#343 = CARTESIAN_POINT('',(0.,0.,-1.5));
#344 = VECTOR('',#345,1.);
#345 = DIRECTION('',(1.,5.551115123126E-17,0.));
#346 = PCURVE('',#226,#347);
#347 = DEFINITIONAL_REPRESENTATION('',(#348),#352);
#348 = LINE('',#349,#350);
#349 = CARTESIAN_POINT('',(0.,0.));
#350 = VECTOR('',#351,1.);
#351 = DIRECTION('',(1.,0.));
#352 = ( GEOMETRIC_REPRESENTATION_CONTEXT(2) 
PARAMETRIC_REPRESENTATION_CONTEXT() REPRESENTATION_CONTEXT('2D SPACE',''
  ) );
#353 = PCURVE('',#200,#354);
#354 = DEFINITIONAL_REPRESENTATION('',(#355),#359);
#355 = LINE('',#356,#357);
#356 = CARTESIAN_POINT('',(0.,0.));
#357 = VECTOR('',#358,1.);
#358 = DIRECTION('',(0.851804207693,0.523860278849));
#359 = ( GEOMETRIC_REPRESENTATION_CONTEXT(2) 
PARAMETRIC_REPRESENTATION_CONTEXT() REPRESENTATION_CONTEXT('2D SPACE',''
  ) );
#360 = ORIENTED_EDGE('',*,*,#212,.T.);
#361 = ADVANCED_FACE('',(#362),#200,.F.);
#362 = FACE_BOUND('',#363,.F.);
#363 = EDGE_LOOP('',(#364,#365,#366,#390));
#364 = ORIENTED_EDGE('',*,*,#183,.T.);
#365 = ORIENTED_EDGE('',*,*,#340,.F.);
#366 = ORIENTED_EDGE('',*,*,#367,.F.);
#367 = EDGE_CURVE('',#368,#320,#370,.T.);
#368 = VERTEX_POINT('',#369);
#369 = CARTESIAN_POINT('',(1.703608415386,-1.047720557699,-1.5));
#370 = SURFACE_CURVE('',#371,(#376,#383),.PCURVE_S1.);
#371 = CIRCLE('',#372,2.);
#372 = AXIS2_PLACEMENT_3D('',#373,#374,#375);
#373 = CARTESIAN_POINT('',(0.,0.,-1.5));
#374 = DIRECTION('',(-0.,0.,1.));
#375 = DIRECTION('',(0.851804207693,-0.523860278849,0.));
#376 = PCURVE('',#200,#377);
#377 = DEFINITIONAL_REPRESENTATION('',(#378),#382);
#378 = CIRCLE('',#379,2.);
#379 = AXIS2_PLACEMENT_2D('',#380,#381);
#380 = CARTESIAN_POINT('',(0.,0.));
#381 = DIRECTION('',(1.,0.));
#382 = ( GEOMETRIC_REPRESENTATION_CONTEXT(2) 
PARAMETRIC_REPRESENTATION_CONTEXT() REPRESENTATION_CONTEXT('2D SPACE',''
  ) );
#383 = PCURVE('',#282,#384);
#384 = DEFINITIONAL_REPRESENTATION('',(#385),#389);
#385 = LINE('',#386,#387);
#386 = CARTESIAN_POINT('',(0.,1.));
#387 = VECTOR('',#388,1.);
#388 = DIRECTION('',(1.,0.));
#389 = ( GEOMETRIC_REPRESENTATION_CONTEXT(2) 
PARAMETRIC_REPRESENTATION_CONTEXT() REPRESENTATION_CONTEXT('2D SPACE',''
  ) );
#390 = ORIENTED_EDGE('',*,*,#391,.T.);
#391 = EDGE_CURVE('',#368,#156,#392,.T.);
#392 = SURFACE_CURVE('',#393,(#397,#404),.PCURVE_S1.);
#393 = LINE('',#394,#395);
#394 = CARTESIAN_POINT('',(0.,0.,-1.5));
#395 = VECTOR('',#396,1.);
#396 = DIRECTION('',(0.851804207693,-0.523860278849,0.));
#397 = PCURVE('',#200,#398);
#398 = DEFINITIONAL_REPRESENTATION('',(#399),#403);
#399 = LINE('',#400,#401);
#400 = CARTESIAN_POINT('',(0.,0.));
#401 = VECTOR('',#402,1.);
#402 = DIRECTION('',(1.,0.));
#403 = ( GEOMETRIC_REPRESENTATION_CONTEXT(2) 
PARAMETRIC_REPRESENTATION_CONTEXT() REPRESENTATION_CONTEXT('2D SPACE',''
  ) );
#404 = PCURVE('',#171,#405);
#405 = DEFINITIONAL_REPRESENTATION('',(#406),#410);
#406 = LINE('',#407,#408);
#407 = CARTESIAN_POINT('',(0.,0.));
#408 = VECTOR('',#409,1.);
#409 = DIRECTION('',(1.,0.));
#410 = ( GEOMETRIC_REPRESENTATION_CONTEXT(2) 
PARAMETRIC_REPRESENTATION_CONTEXT() REPRESENTATION_CONTEXT('2D SPACE',''
  ) );
#411 = ADVANCED_FACE('',(#412),#171,.T.);
#412 = FACE_BOUND('',#413,.T.);
#413 = EDGE_LOOP('',(#414,#435,#436,#437));
#414 = ORIENTED_EDGE('',*,*,#415,.F.);
#415 = EDGE_CURVE('',#368,#266,#416,.T.);
#416 = SURFACE_CURVE('',#417,(#421,#428),.PCURVE_S1.);
#417 = LINE('',#418,#419);
#418 = CARTESIAN_POINT('',(1.703608415386,-1.047720557699,-2.5));
#419 = VECTOR('',#420,1.);
#420 = DIRECTION('',(0.,0.,1.));
#421 = PCURVE('',#171,#422);
#422 = DEFINITIONAL_REPRESENTATION('',(#423),#427);
#423 = LINE('',#424,#425);
#424 = CARTESIAN_POINT('',(2.,-1.));
#425 = VECTOR('',#426,1.);
#426 = DIRECTION('',(0.,1.));
#427 = ( GEOMETRIC_REPRESENTATION_CONTEXT(2) 
PARAMETRIC_REPRESENTATION_CONTEXT() REPRESENTATION_CONTEXT('2D SPACE',''
  ) );
#428 = PCURVE('',#282,#429);
#429 = DEFINITIONAL_REPRESENTATION('',(#430),#434);
#430 = LINE('',#431,#432);
#431 = CARTESIAN_POINT('',(0.,-0.));
#432 = VECTOR('',#433,1.);
#433 = DIRECTION('',(0.,1.));
#434 = ( GEOMETRIC_REPRESENTATION_CONTEXT(2) 
PARAMETRIC_REPRESENTATION_CONTEXT() REPRESENTATION_CONTEXT('2D SPACE',''
  ) );
#435 = ORIENTED_EDGE('',*,*,#391,.T.);
#436 = ORIENTED_EDGE('',*,*,#155,.T.);
#437 = ORIENTED_EDGE('',*,*,#294,.F.);
#438 = ADVANCED_FACE('',(#439),#282,.F.);
#439 = FACE_BOUND('',#440,.F.);
#440 = EDGE_LOOP('',(#441,#442,#443,#444));
#441 = ORIENTED_EDGE('',*,*,#265,.F.);
#442 = ORIENTED_EDGE('',*,*,#415,.F.);
#443 = ORIENTED_EDGE('',*,*,#367,.T.);
#444 = ORIENTED_EDGE('',*,*,#319,.T.);
#445 = MANIFOLD_SOLID_BREP('',#446);
#446 = CLOSED_SHELL('',(#447,#569,#646,#693,#743,#770));
#447 = ADVANCED_FACE('',(#448),#463,.T.);
#448 = FACE_BOUND('',#449,.T.);
#449 = EDGE_LOOP('',(#450,#486,#514,#543));
#450 = ORIENTED_EDGE('',*,*,#451,.F.);
#451 = EDGE_CURVE('',#452,#454,#456,.T.);
#452 = VERTEX_POINT('',#453);
#453 = CARTESIAN_POINT('',(16.24106939356,-32.12830006323,7.25));
#454 = VERTEX_POINT('',#455);
#455 = CARTESIAN_POINT('',(30.664951476956,-18.85897003857,7.25));
#456 = SURFACE_CURVE('',#457,(#462,#474),.PCURVE_S1.);
#457 = CIRCLE('',#458,36.);
#458 = AXIS2_PLACEMENT_3D('',#459,#460,#461);
#459 = CARTESIAN_POINT('',(0.,0.,7.25));
#460 = DIRECTION('',(-0.,0.,1.));
#461 = DIRECTION('',(0.451140816488,-0.892452779534,0.));
#462 = PCURVE('',#463,#468);
#463 = CYLINDRICAL_SURFACE('',#464,36.);
#464 = AXIS2_PLACEMENT_3D('',#465,#466,#467);
#465 = CARTESIAN_POINT('',(0.,0.,5.75));
#466 = DIRECTION('',(0.,0.,1.));
#467 = DIRECTION('',(0.451140816488,-0.892452779534,0.));
#468 = DEFINITIONAL_REPRESENTATION('',(#469),#473);
#469 = LINE('',#470,#471);
#470 = CARTESIAN_POINT('',(0.,1.5));
#471 = VECTOR('',#472,1.);
#472 = DIRECTION('',(1.,0.));
#473 = ( GEOMETRIC_REPRESENTATION_CONTEXT(2) 
PARAMETRIC_REPRESENTATION_CONTEXT() REPRESENTATION_CONTEXT('2D SPACE',''
  ) );
#474 = PCURVE('',#475,#480);
#475 = PLANE('',#476);
#476 = AXIS2_PLACEMENT_3D('',#477,#478,#479);
#477 = CARTESIAN_POINT('',(0.,0.,7.25));
#478 = DIRECTION('',(0.,0.,1.));
#479 = DIRECTION('',(0.451140816488,-0.892452779534,0.));
#480 = DEFINITIONAL_REPRESENTATION('',(#481),#485);
#481 = CIRCLE('',#482,36.);
#482 = AXIS2_PLACEMENT_2D('',#483,#484);
#483 = CARTESIAN_POINT('',(0.,0.));
#484 = DIRECTION('',(1.,0.));
#485 = ( GEOMETRIC_REPRESENTATION_CONTEXT(2) 
PARAMETRIC_REPRESENTATION_CONTEXT() REPRESENTATION_CONTEXT('2D SPACE',''
  ) );
#486 = ORIENTED_EDGE('',*,*,#487,.F.);
#487 = EDGE_CURVE('',#488,#452,#490,.T.);
#488 = VERTEX_POINT('',#489);
#489 = CARTESIAN_POINT('',(16.24106939356,-32.12830006323,5.75));
#490 = SURFACE_CURVE('',#491,(#495,#502),.PCURVE_S1.);
#491 = LINE('',#492,#493);
#492 = CARTESIAN_POINT('',(16.24106939356,-32.12830006323,5.75));
#493 = VECTOR('',#494,1.);
#494 = DIRECTION('',(0.,0.,1.));
#495 = PCURVE('',#463,#496);
#496 = DEFINITIONAL_REPRESENTATION('',(#497),#501);
#497 = LINE('',#498,#499);
#498 = CARTESIAN_POINT('',(0.,-0.));
#499 = VECTOR('',#500,1.);
#500 = DIRECTION('',(0.,1.));
#501 = ( GEOMETRIC_REPRESENTATION_CONTEXT(2) 
PARAMETRIC_REPRESENTATION_CONTEXT() REPRESENTATION_CONTEXT('2D SPACE',''
  ) );
#502 = PCURVE('',#503,#508);
#503 = PLANE('',#504);
#504 = AXIS2_PLACEMENT_3D('',#505,#506,#507);
#505 = CARTESIAN_POINT('',(0.,0.,5.75));
#506 = DIRECTION('',(-0.892452779534,-0.451140816488,-0.));
#507 = DIRECTION('',(0.451140816488,-0.892452779534,0.));
#508 = DEFINITIONAL_REPRESENTATION('',(#509),#513);
#509 = LINE('',#510,#511);
#510 = CARTESIAN_POINT('',(36.,0.));
#511 = VECTOR('',#512,1.);
#512 = DIRECTION('',(0.,1.));
#513 = ( GEOMETRIC_REPRESENTATION_CONTEXT(2) 
PARAMETRIC_REPRESENTATION_CONTEXT() REPRESENTATION_CONTEXT('2D SPACE',''
  ) );
#514 = ORIENTED_EDGE('',*,*,#515,.T.);
#515 = EDGE_CURVE('',#488,#516,#518,.T.);
#516 = VERTEX_POINT('',#517);
#517 = CARTESIAN_POINT('',(30.664951476956,-18.85897003857,5.75));
#518 = SURFACE_CURVE('',#519,(#524,#531),.PCURVE_S1.);
#519 = CIRCLE('',#520,36.);
#520 = AXIS2_PLACEMENT_3D('',#521,#522,#523);
#521 = CARTESIAN_POINT('',(0.,0.,5.75));
#522 = DIRECTION('',(-0.,0.,1.));
#523 = DIRECTION('',(0.451140816488,-0.892452779534,0.));
#524 = PCURVE('',#463,#525);
#525 = DEFINITIONAL_REPRESENTATION('',(#526),#530);
#526 = LINE('',#527,#528);
#527 = CARTESIAN_POINT('',(0.,0.));
#528 = VECTOR('',#529,1.);
#529 = DIRECTION('',(1.,0.));
#530 = ( GEOMETRIC_REPRESENTATION_CONTEXT(2) 
PARAMETRIC_REPRESENTATION_CONTEXT() REPRESENTATION_CONTEXT('2D SPACE',''
  ) );
#531 = PCURVE('',#532,#537);
#532 = PLANE('',#533);
#533 = AXIS2_PLACEMENT_3D('',#534,#535,#536);
#534 = CARTESIAN_POINT('',(0.,0.,5.75));
#535 = DIRECTION('',(0.,0.,1.));
#536 = DIRECTION('',(0.451140816488,-0.892452779534,0.));
#537 = DEFINITIONAL_REPRESENTATION('',(#538),#542);
#538 = CIRCLE('',#539,36.);
#539 = AXIS2_PLACEMENT_2D('',#540,#541);
#540 = CARTESIAN_POINT('',(0.,0.));
#541 = DIRECTION('',(1.,0.));
#542 = ( GEOMETRIC_REPRESENTATION_CONTEXT(2) 
PARAMETRIC_REPRESENTATION_CONTEXT() REPRESENTATION_CONTEXT('2D SPACE',''
  ) );
#543 = ORIENTED_EDGE('',*,*,#544,.T.);
#544 = EDGE_CURVE('',#516,#454,#545,.T.);
#545 = SURFACE_CURVE('',#546,(#550,#557),.PCURVE_S1.);
#546 = LINE('',#547,#548);
#547 = CARTESIAN_POINT('',(30.664951476956,-18.85897003857,5.75));
#548 = VECTOR('',#549,1.);
#549 = DIRECTION('',(0.,0.,1.));
#550 = PCURVE('',#463,#551);
#551 = DEFINITIONAL_REPRESENTATION('',(#552),#556);
#552 = LINE('',#553,#554);
#553 = CARTESIAN_POINT('',(0.551376553376,-0.));
#554 = VECTOR('',#555,1.);
#555 = DIRECTION('',(0.,1.));
#556 = ( GEOMETRIC_REPRESENTATION_CONTEXT(2) 
PARAMETRIC_REPRESENTATION_CONTEXT() REPRESENTATION_CONTEXT('2D SPACE',''
  ) );
#557 = PCURVE('',#558,#563);
#558 = PLANE('',#559);
#559 = AXIS2_PLACEMENT_3D('',#560,#561,#562);
#560 = CARTESIAN_POINT('',(0.,0.,5.75));
#561 = DIRECTION('',(-0.523860278849,-0.851804207693,0.));
#562 = DIRECTION('',(0.851804207693,-0.523860278849,0.));
#563 = DEFINITIONAL_REPRESENTATION('',(#564),#568);
#564 = LINE('',#565,#566);
#565 = CARTESIAN_POINT('',(36.,0.));
#566 = VECTOR('',#567,1.);
#567 = DIRECTION('',(0.,1.));
#568 = ( GEOMETRIC_REPRESENTATION_CONTEXT(2) 
PARAMETRIC_REPRESENTATION_CONTEXT() REPRESENTATION_CONTEXT('2D SPACE',''
  ) );
#569 = ADVANCED_FACE('',(#570),#475,.T.);
#570 = FACE_BOUND('',#571,.T.);
#571 = EDGE_LOOP('',(#572,#573,#596,#625));
#572 = ORIENTED_EDGE('',*,*,#451,.T.);
#573 = ORIENTED_EDGE('',*,*,#574,.F.);
#574 = EDGE_CURVE('',#575,#454,#577,.T.);
#575 = VERTEX_POINT('',#576);
#576 = CARTESIAN_POINT('',(1.703608415386,-1.047720557699,7.25));
#577 = SURFACE_CURVE('',#578,(#582,#589),.PCURVE_S1.);
#578 = LINE('',#579,#580);
#579 = CARTESIAN_POINT('',(0.,0.,7.25));
#580 = VECTOR('',#581,1.);
#581 = DIRECTION('',(0.851804207693,-0.523860278849,0.));
#582 = PCURVE('',#475,#583);
#583 = DEFINITIONAL_REPRESENTATION('',(#584),#588);
#584 = LINE('',#585,#586);
#585 = CARTESIAN_POINT('',(0.,0.));
#586 = VECTOR('',#587,1.);
#587 = DIRECTION('',(0.851804207693,0.523860278849));
#588 = ( GEOMETRIC_REPRESENTATION_CONTEXT(2) 
PARAMETRIC_REPRESENTATION_CONTEXT() REPRESENTATION_CONTEXT('2D SPACE',''
  ) );
#589 = PCURVE('',#558,#590);
#590 = DEFINITIONAL_REPRESENTATION('',(#591),#595);
#591 = LINE('',#592,#593);
#592 = CARTESIAN_POINT('',(0.,1.5));
#593 = VECTOR('',#594,1.);
#594 = DIRECTION('',(1.,0.));
#595 = ( GEOMETRIC_REPRESENTATION_CONTEXT(2) 
PARAMETRIC_REPRESENTATION_CONTEXT() REPRESENTATION_CONTEXT('2D SPACE',''
  ) );
#596 = ORIENTED_EDGE('',*,*,#597,.F.);
#597 = EDGE_CURVE('',#598,#575,#600,.T.);
#598 = VERTEX_POINT('',#599);
#599 = CARTESIAN_POINT('',(0.902281632976,-1.784905559069,7.25));
#600 = SURFACE_CURVE('',#601,(#606,#613),.PCURVE_S1.);
#601 = CIRCLE('',#602,2.);
#602 = AXIS2_PLACEMENT_3D('',#603,#604,#605);
#603 = CARTESIAN_POINT('',(0.,0.,7.25));
#604 = DIRECTION('',(-0.,0.,1.));
#605 = DIRECTION('',(0.451140816488,-0.892452779534,0.));
#606 = PCURVE('',#475,#607);
#607 = DEFINITIONAL_REPRESENTATION('',(#608),#612);
#608 = CIRCLE('',#609,2.);
#609 = AXIS2_PLACEMENT_2D('',#610,#611);
#610 = CARTESIAN_POINT('',(0.,0.));
#611 = DIRECTION('',(1.,0.));
#612 = ( GEOMETRIC_REPRESENTATION_CONTEXT(2) 
PARAMETRIC_REPRESENTATION_CONTEXT() REPRESENTATION_CONTEXT('2D SPACE',''
  ) );
#613 = PCURVE('',#614,#619);
#614 = CYLINDRICAL_SURFACE('',#615,2.);
#615 = AXIS2_PLACEMENT_3D('',#616,#617,#618);
#616 = CARTESIAN_POINT('',(0.,0.,4.75));
#617 = DIRECTION('',(0.,0.,1.));
#618 = DIRECTION('',(0.451140816488,-0.892452779534,0.));
#619 = DEFINITIONAL_REPRESENTATION('',(#620),#624);
#620 = LINE('',#621,#622);
#621 = CARTESIAN_POINT('',(0.,2.5));
#622 = VECTOR('',#623,1.);
#623 = DIRECTION('',(1.,0.));
#624 = ( GEOMETRIC_REPRESENTATION_CONTEXT(2) 
PARAMETRIC_REPRESENTATION_CONTEXT() REPRESENTATION_CONTEXT('2D SPACE',''
  ) );
#625 = ORIENTED_EDGE('',*,*,#626,.T.);
#626 = EDGE_CURVE('',#598,#452,#627,.T.);
#627 = SURFACE_CURVE('',#628,(#632,#639),.PCURVE_S1.);
#628 = LINE('',#629,#630);
#629 = CARTESIAN_POINT('',(0.,0.,7.25));
#630 = VECTOR('',#631,1.);
#631 = DIRECTION('',(0.451140816488,-0.892452779534,0.));
#632 = PCURVE('',#475,#633);
#633 = DEFINITIONAL_REPRESENTATION('',(#634),#638);
#634 = LINE('',#635,#636);
#635 = CARTESIAN_POINT('',(0.,0.));
#636 = VECTOR('',#637,1.);
#637 = DIRECTION('',(1.,0.));
#638 = ( GEOMETRIC_REPRESENTATION_CONTEXT(2) 
PARAMETRIC_REPRESENTATION_CONTEXT() REPRESENTATION_CONTEXT('2D SPACE',''
  ) );
#639 = PCURVE('',#503,#640);
#640 = DEFINITIONAL_REPRESENTATION('',(#641),#645);
#641 = LINE('',#642,#643);
#642 = CARTESIAN_POINT('',(0.,1.5));
#643 = VECTOR('',#644,1.);
#644 = DIRECTION('',(1.,0.));
#645 = ( GEOMETRIC_REPRESENTATION_CONTEXT(2) 
PARAMETRIC_REPRESENTATION_CONTEXT() REPRESENTATION_CONTEXT('2D SPACE',''
  ) );
#646 = ADVANCED_FACE('',(#647),#558,.F.);
#647 = FACE_BOUND('',#648,.F.);
#648 = EDGE_LOOP('',(#649,#650,#671,#692));
#649 = ORIENTED_EDGE('',*,*,#574,.F.);
#650 = ORIENTED_EDGE('',*,*,#651,.F.);
#651 = EDGE_CURVE('',#652,#575,#654,.T.);
#652 = VERTEX_POINT('',#653);
#653 = CARTESIAN_POINT('',(1.703608415386,-1.047720557699,5.75));
#654 = SURFACE_CURVE('',#655,(#659,#665),.PCURVE_S1.);
#655 = LINE('',#656,#657);
#656 = CARTESIAN_POINT('',(1.703608415386,-1.047720557699,4.75));
#657 = VECTOR('',#658,1.);
#658 = DIRECTION('',(0.,0.,1.));
#659 = PCURVE('',#558,#660);
#660 = DEFINITIONAL_REPRESENTATION('',(#661),#664);
#661 = B_SPLINE_CURVE_WITH_KNOTS('',1,(#662,#663),.UNSPECIFIED.,.F.,.F.,
  (2,2),(0.85,2.65),.PIECEWISE_BEZIER_KNOTS.);
#662 = CARTESIAN_POINT('',(2.,-0.15));
#663 = CARTESIAN_POINT('',(2.,1.65));
#664 = ( GEOMETRIC_REPRESENTATION_CONTEXT(2) 
PARAMETRIC_REPRESENTATION_CONTEXT() REPRESENTATION_CONTEXT('2D SPACE',''
  ) );
#665 = PCURVE('',#614,#666);
#666 = DEFINITIONAL_REPRESENTATION('',(#667),#670);
#667 = B_SPLINE_CURVE_WITH_KNOTS('',1,(#668,#669),.UNSPECIFIED.,.F.,.F.,
  (2,2),(0.85,2.65),.PIECEWISE_BEZIER_KNOTS.);
#668 = CARTESIAN_POINT('',(0.551376553376,0.85));
#669 = CARTESIAN_POINT('',(0.551376553376,2.65));
#670 = ( GEOMETRIC_REPRESENTATION_CONTEXT(2) 
PARAMETRIC_REPRESENTATION_CONTEXT() REPRESENTATION_CONTEXT('2D SPACE',''
  ) );
#671 = ORIENTED_EDGE('',*,*,#672,.T.);
#672 = EDGE_CURVE('',#652,#516,#673,.T.);
#673 = SURFACE_CURVE('',#674,(#678,#685),.PCURVE_S1.);
#674 = LINE('',#675,#676);
#675 = CARTESIAN_POINT('',(0.,0.,5.75));
#676 = VECTOR('',#677,1.);
#677 = DIRECTION('',(0.851804207693,-0.523860278849,0.));
#678 = PCURVE('',#558,#679);
#679 = DEFINITIONAL_REPRESENTATION('',(#680),#684);
#680 = LINE('',#681,#682);
#681 = CARTESIAN_POINT('',(0.,0.));
#682 = VECTOR('',#683,1.);
#683 = DIRECTION('',(1.,0.));
#684 = ( GEOMETRIC_REPRESENTATION_CONTEXT(2) 
PARAMETRIC_REPRESENTATION_CONTEXT() REPRESENTATION_CONTEXT('2D SPACE',''
  ) );
#685 = PCURVE('',#532,#686);
#686 = DEFINITIONAL_REPRESENTATION('',(#687),#691);
#687 = LINE('',#688,#689);
#688 = CARTESIAN_POINT('',(0.,0.));
#689 = VECTOR('',#690,1.);
#690 = DIRECTION('',(0.851804207693,0.523860278849));
#691 = ( GEOMETRIC_REPRESENTATION_CONTEXT(2) 
PARAMETRIC_REPRESENTATION_CONTEXT() REPRESENTATION_CONTEXT('2D SPACE',''
  ) );
#692 = ORIENTED_EDGE('',*,*,#544,.T.);
#693 = ADVANCED_FACE('',(#694),#532,.F.);
#694 = FACE_BOUND('',#695,.F.);
#695 = EDGE_LOOP('',(#696,#697,#698,#722));
#696 = ORIENTED_EDGE('',*,*,#515,.T.);
#697 = ORIENTED_EDGE('',*,*,#672,.F.);
#698 = ORIENTED_EDGE('',*,*,#699,.F.);
#699 = EDGE_CURVE('',#700,#652,#702,.T.);
#700 = VERTEX_POINT('',#701);
#701 = CARTESIAN_POINT('',(0.902281632976,-1.784905559069,5.75));
#702 = SURFACE_CURVE('',#703,(#708,#715),.PCURVE_S1.);
#703 = CIRCLE('',#704,2.);
#704 = AXIS2_PLACEMENT_3D('',#705,#706,#707);
#705 = CARTESIAN_POINT('',(0.,0.,5.75));
#706 = DIRECTION('',(-0.,0.,1.));
#707 = DIRECTION('',(0.451140816488,-0.892452779534,0.));
#708 = PCURVE('',#532,#709);
#709 = DEFINITIONAL_REPRESENTATION('',(#710),#714);
#710 = CIRCLE('',#711,2.);
#711 = AXIS2_PLACEMENT_2D('',#712,#713);
#712 = CARTESIAN_POINT('',(0.,0.));
#713 = DIRECTION('',(1.,0.));
#714 = ( GEOMETRIC_REPRESENTATION_CONTEXT(2) 
PARAMETRIC_REPRESENTATION_CONTEXT() REPRESENTATION_CONTEXT('2D SPACE',''
  ) );
#715 = PCURVE('',#614,#716);
#716 = DEFINITIONAL_REPRESENTATION('',(#717),#721);
#717 = LINE('',#718,#719);
#718 = CARTESIAN_POINT('',(0.,1.));
#719 = VECTOR('',#720,1.);
#720 = DIRECTION('',(1.,0.));
#721 = ( GEOMETRIC_REPRESENTATION_CONTEXT(2) 
PARAMETRIC_REPRESENTATION_CONTEXT() REPRESENTATION_CONTEXT('2D SPACE',''
  ) );
#722 = ORIENTED_EDGE('',*,*,#723,.T.);
#723 = EDGE_CURVE('',#700,#488,#724,.T.);
#724 = SURFACE_CURVE('',#725,(#729,#736),.PCURVE_S1.);
#725 = LINE('',#726,#727);
#726 = CARTESIAN_POINT('',(0.,0.,5.75));
#727 = VECTOR('',#728,1.);
#728 = DIRECTION('',(0.451140816488,-0.892452779534,0.));
#729 = PCURVE('',#532,#730);
#730 = DEFINITIONAL_REPRESENTATION('',(#731),#735);
#731 = LINE('',#732,#733);
#732 = CARTESIAN_POINT('',(0.,0.));
#733 = VECTOR('',#734,1.);
#734 = DIRECTION('',(1.,0.));
#735 = ( GEOMETRIC_REPRESENTATION_CONTEXT(2) 
PARAMETRIC_REPRESENTATION_CONTEXT() REPRESENTATION_CONTEXT('2D SPACE',''
  ) );
#736 = PCURVE('',#503,#737);
#737 = DEFINITIONAL_REPRESENTATION('',(#738),#742);
#738 = LINE('',#739,#740);
#739 = CARTESIAN_POINT('',(0.,0.));
#740 = VECTOR('',#741,1.);
#741 = DIRECTION('',(1.,0.));
#742 = ( GEOMETRIC_REPRESENTATION_CONTEXT(2) 
PARAMETRIC_REPRESENTATION_CONTEXT() REPRESENTATION_CONTEXT('2D SPACE',''
  ) );
#743 = ADVANCED_FACE('',(#744),#503,.T.);
#744 = FACE_BOUND('',#745,.T.);
#745 = EDGE_LOOP('',(#746,#767,#768,#769));
#746 = ORIENTED_EDGE('',*,*,#747,.F.);
#747 = EDGE_CURVE('',#700,#598,#748,.T.);
#748 = SURFACE_CURVE('',#749,(#753,#760),.PCURVE_S1.);
#749 = LINE('',#750,#751);
#750 = CARTESIAN_POINT('',(0.902281632976,-1.784905559069,4.75));
#751 = VECTOR('',#752,1.);
#752 = DIRECTION('',(0.,0.,1.));
#753 = PCURVE('',#503,#754);
#754 = DEFINITIONAL_REPRESENTATION('',(#755),#759);
#755 = LINE('',#756,#757);
#756 = CARTESIAN_POINT('',(2.,-1.));
#757 = VECTOR('',#758,1.);
#758 = DIRECTION('',(0.,1.));
#759 = ( GEOMETRIC_REPRESENTATION_CONTEXT(2) 
PARAMETRIC_REPRESENTATION_CONTEXT() REPRESENTATION_CONTEXT('2D SPACE',''
  ) );
#760 = PCURVE('',#614,#761);
#761 = DEFINITIONAL_REPRESENTATION('',(#762),#766);
#762 = LINE('',#763,#764);
#763 = CARTESIAN_POINT('',(0.,-0.));
#764 = VECTOR('',#765,1.);
#765 = DIRECTION('',(0.,1.));
#766 = ( GEOMETRIC_REPRESENTATION_CONTEXT(2) 
PARAMETRIC_REPRESENTATION_CONTEXT() REPRESENTATION_CONTEXT('2D SPACE',''
  ) );
#767 = ORIENTED_EDGE('',*,*,#723,.T.);
#768 = ORIENTED_EDGE('',*,*,#487,.T.);
#769 = ORIENTED_EDGE('',*,*,#626,.F.);
#770 = ADVANCED_FACE('',(#771),#614,.F.);
#771 = FACE_BOUND('',#772,.F.);
#772 = EDGE_LOOP('',(#773,#774,#775,#776));
#773 = ORIENTED_EDGE('',*,*,#597,.F.);
#774 = ORIENTED_EDGE('',*,*,#747,.F.);
#775 = ORIENTED_EDGE('',*,*,#699,.T.);
#776 = ORIENTED_EDGE('',*,*,#651,.T.);
#777 = MANIFOLD_SOLID_BREP('',#778);
#778 = CLOSED_SHELL('',(#779,#901,#978,#1025,#1075,#1102));
#779 = ADVANCED_FACE('',(#780),#795,.T.);
#780 = FACE_BOUND('',#781,.T.);
#781 = EDGE_LOOP('',(#782,#818,#846,#875));
#782 = ORIENTED_EDGE('',*,*,#783,.F.);
#783 = EDGE_CURVE('',#784,#786,#788,.T.);
#784 = VERTEX_POINT('',#785);
#785 = CARTESIAN_POINT('',(-2.996528983211,-35.87507232122,14.5));
#786 = VERTEX_POINT('',#787);
#787 = CARTESIAN_POINT('',(16.24106939356,-32.12830006323,14.5));
#788 = SURFACE_CURVE('',#789,(#794,#806),.PCURVE_S1.);
#789 = CIRCLE('',#790,36.);
#790 = AXIS2_PLACEMENT_3D('',#791,#792,#793);
#791 = CARTESIAN_POINT('',(0.,0.,14.5));
#792 = DIRECTION('',(0.,0.,1.));
#793 = DIRECTION('',(-8.323691620031E-02,-0.996529786701,0.));
#794 = PCURVE('',#795,#800);
#795 = CYLINDRICAL_SURFACE('',#796,36.);
#796 = AXIS2_PLACEMENT_3D('',#797,#798,#799);
#797 = CARTESIAN_POINT('',(0.,0.,13.));
#798 = DIRECTION('',(0.,0.,1.));
#799 = DIRECTION('',(-8.323691620031E-02,-0.996529786701,0.));
#800 = DEFINITIONAL_REPRESENTATION('',(#801),#805);
#801 = LINE('',#802,#803);
#802 = CARTESIAN_POINT('',(0.,1.5));
#803 = VECTOR('',#804,1.);
#804 = DIRECTION('',(1.,0.));
#805 = ( GEOMETRIC_REPRESENTATION_CONTEXT(2) 
PARAMETRIC_REPRESENTATION_CONTEXT() REPRESENTATION_CONTEXT('2D SPACE',''
  ) );
#806 = PCURVE('',#807,#812);
#807 = PLANE('',#808);
#808 = AXIS2_PLACEMENT_3D('',#809,#810,#811);
#809 = CARTESIAN_POINT('',(0.,0.,14.5));
#810 = DIRECTION('',(0.,0.,1.));
#811 = DIRECTION('',(-8.323691620031E-02,-0.996529786701,0.));
#812 = DEFINITIONAL_REPRESENTATION('',(#813),#817);
#813 = CIRCLE('',#814,36.);
#814 = AXIS2_PLACEMENT_2D('',#815,#816);
#815 = CARTESIAN_POINT('',(0.,0.));
#816 = DIRECTION('',(1.,0.));
#817 = ( GEOMETRIC_REPRESENTATION_CONTEXT(2) 
PARAMETRIC_REPRESENTATION_CONTEXT() REPRESENTATION_CONTEXT('2D SPACE',''
  ) );
#818 = ORIENTED_EDGE('',*,*,#819,.F.);
#819 = EDGE_CURVE('',#820,#784,#822,.T.);
#820 = VERTEX_POINT('',#821);
#821 = CARTESIAN_POINT('',(-2.996528983211,-35.87507232122,13.));
#822 = SURFACE_CURVE('',#823,(#827,#834),.PCURVE_S1.);
#823 = LINE('',#824,#825);
#824 = CARTESIAN_POINT('',(-2.996528983211,-35.87507232122,13.));
#825 = VECTOR('',#826,1.);
#826 = DIRECTION('',(0.,0.,1.));
#827 = PCURVE('',#795,#828);
#828 = DEFINITIONAL_REPRESENTATION('',(#829),#833);
#829 = LINE('',#830,#831);
#830 = CARTESIAN_POINT('',(0.,-0.));
#831 = VECTOR('',#832,1.);
#832 = DIRECTION('',(0.,1.));
#833 = ( GEOMETRIC_REPRESENTATION_CONTEXT(2) 
PARAMETRIC_REPRESENTATION_CONTEXT() REPRESENTATION_CONTEXT('2D SPACE',''
  ) );
#834 = PCURVE('',#835,#840);
#835 = PLANE('',#836);
#836 = AXIS2_PLACEMENT_3D('',#837,#838,#839);
#837 = CARTESIAN_POINT('',(0.,0.,13.));
#838 = DIRECTION('',(-0.996529786701,8.323691620031E-02,0.));
#839 = DIRECTION('',(-8.323691620031E-02,-0.996529786701,0.));
#840 = DEFINITIONAL_REPRESENTATION('',(#841),#845);
#841 = LINE('',#842,#843);
#842 = CARTESIAN_POINT('',(36.,0.));
#843 = VECTOR('',#844,1.);
#844 = DIRECTION('',(0.,1.));
#845 = ( GEOMETRIC_REPRESENTATION_CONTEXT(2) 
PARAMETRIC_REPRESENTATION_CONTEXT() REPRESENTATION_CONTEXT('2D SPACE',''
  ) );
#846 = ORIENTED_EDGE('',*,*,#847,.T.);
#847 = EDGE_CURVE('',#820,#848,#850,.T.);
#848 = VERTEX_POINT('',#849);
#849 = CARTESIAN_POINT('',(16.24106939356,-32.12830006323,13.));
#850 = SURFACE_CURVE('',#851,(#856,#863),.PCURVE_S1.);
#851 = CIRCLE('',#852,36.);
#852 = AXIS2_PLACEMENT_3D('',#853,#854,#855);
#853 = CARTESIAN_POINT('',(0.,0.,13.));
#854 = DIRECTION('',(0.,0.,1.));
#855 = DIRECTION('',(-8.323691620031E-02,-0.996529786701,0.));
#856 = PCURVE('',#795,#857);
#857 = DEFINITIONAL_REPRESENTATION('',(#858),#862);
#858 = LINE('',#859,#860);
#859 = CARTESIAN_POINT('',(0.,0.));
#860 = VECTOR('',#861,1.);
#861 = DIRECTION('',(1.,0.));
#862 = ( GEOMETRIC_REPRESENTATION_CONTEXT(2) 
PARAMETRIC_REPRESENTATION_CONTEXT() REPRESENTATION_CONTEXT('2D SPACE',''
  ) );
#863 = PCURVE('',#864,#869);
#864 = PLANE('',#865);
#865 = AXIS2_PLACEMENT_3D('',#866,#867,#868);
#866 = CARTESIAN_POINT('',(0.,0.,13.));
#867 = DIRECTION('',(0.,0.,1.));
#868 = DIRECTION('',(-8.323691620031E-02,-0.996529786701,0.));
#869 = DEFINITIONAL_REPRESENTATION('',(#870),#874);
#870 = CIRCLE('',#871,36.);
#871 = AXIS2_PLACEMENT_2D('',#872,#873);
#872 = CARTESIAN_POINT('',(0.,0.));
#873 = DIRECTION('',(1.,0.));
#874 = ( GEOMETRIC_REPRESENTATION_CONTEXT(2) 
PARAMETRIC_REPRESENTATION_CONTEXT() REPRESENTATION_CONTEXT('2D SPACE',''
  ) );
#875 = ORIENTED_EDGE('',*,*,#876,.T.);
#876 = EDGE_CURVE('',#848,#786,#877,.T.);
#877 = SURFACE_CURVE('',#878,(#882,#889),.PCURVE_S1.);
#878 = LINE('',#879,#880);
#879 = CARTESIAN_POINT('',(16.24106939356,-32.12830006323,13.));
#880 = VECTOR('',#881,1.);
#881 = DIRECTION('',(0.,0.,1.));
#882 = PCURVE('',#795,#883);
#883 = DEFINITIONAL_REPRESENTATION('',(#884),#888);
#884 = LINE('',#885,#886);
#885 = CARTESIAN_POINT('',(0.551376553376,-0.));
#886 = VECTOR('',#887,1.);
#887 = DIRECTION('',(0.,1.));
#888 = ( GEOMETRIC_REPRESENTATION_CONTEXT(2) 
PARAMETRIC_REPRESENTATION_CONTEXT() REPRESENTATION_CONTEXT('2D SPACE',''
  ) );
#889 = PCURVE('',#890,#895);
#890 = PLANE('',#891);
#891 = AXIS2_PLACEMENT_3D('',#892,#893,#894);
#892 = CARTESIAN_POINT('',(0.,0.,13.));
#893 = DIRECTION('',(-0.892452779534,-0.451140816488,0.));
#894 = DIRECTION('',(0.451140816488,-0.892452779534,0.));
#895 = DEFINITIONAL_REPRESENTATION('',(#896),#900);
#896 = LINE('',#897,#898);
#897 = CARTESIAN_POINT('',(36.,0.));
#898 = VECTOR('',#899,1.);
#899 = DIRECTION('',(0.,1.));
#900 = ( GEOMETRIC_REPRESENTATION_CONTEXT(2) 
PARAMETRIC_REPRESENTATION_CONTEXT() REPRESENTATION_CONTEXT('2D SPACE',''
  ) );
#901 = ADVANCED_FACE('',(#902),#807,.T.);
#902 = FACE_BOUND('',#903,.T.);
#903 = EDGE_LOOP('',(#904,#905,#928,#957));
#904 = ORIENTED_EDGE('',*,*,#783,.T.);
#905 = ORIENTED_EDGE('',*,*,#906,.F.);
#906 = EDGE_CURVE('',#907,#786,#909,.T.);
#907 = VERTEX_POINT('',#908);
#908 = CARTESIAN_POINT('',(0.902281632976,-1.784905559069,14.5));
#909 = SURFACE_CURVE('',#910,(#914,#921),.PCURVE_S1.);
#910 = LINE('',#911,#912);
#911 = CARTESIAN_POINT('',(0.,0.,14.5));
#912 = VECTOR('',#913,1.);
#913 = DIRECTION('',(0.451140816488,-0.892452779534,0.));
#914 = PCURVE('',#807,#915);
#915 = DEFINITIONAL_REPRESENTATION('',(#916),#920);
#916 = LINE('',#917,#918);
#917 = CARTESIAN_POINT('',(0.,0.));
#918 = VECTOR('',#919,1.);
#919 = DIRECTION('',(0.851804207693,0.523860278849));
#920 = ( GEOMETRIC_REPRESENTATION_CONTEXT(2) 
PARAMETRIC_REPRESENTATION_CONTEXT() REPRESENTATION_CONTEXT('2D SPACE',''
  ) );
#921 = PCURVE('',#890,#922);
#922 = DEFINITIONAL_REPRESENTATION('',(#923),#927);
#923 = LINE('',#924,#925);
#924 = CARTESIAN_POINT('',(0.,1.5));
#925 = VECTOR('',#926,1.);
#926 = DIRECTION('',(1.,0.));
#927 = ( GEOMETRIC_REPRESENTATION_CONTEXT(2) 
PARAMETRIC_REPRESENTATION_CONTEXT() REPRESENTATION_CONTEXT('2D SPACE',''
  ) );
#928 = ORIENTED_EDGE('',*,*,#929,.F.);
#929 = EDGE_CURVE('',#930,#907,#932,.T.);
#930 = VERTEX_POINT('',#931);
#931 = CARTESIAN_POINT('',(-0.166473832401,-1.993059573401,14.5));
#932 = SURFACE_CURVE('',#933,(#938,#945),.PCURVE_S1.);
#933 = CIRCLE('',#934,2.);
#934 = AXIS2_PLACEMENT_3D('',#935,#936,#937);
#935 = CARTESIAN_POINT('',(0.,0.,14.5));
#936 = DIRECTION('',(0.,0.,1.));
#937 = DIRECTION('',(-8.323691620031E-02,-0.996529786701,0.));
#938 = PCURVE('',#807,#939);
#939 = DEFINITIONAL_REPRESENTATION('',(#940),#944);
#940 = CIRCLE('',#941,2.);
#941 = AXIS2_PLACEMENT_2D('',#942,#943);
#942 = CARTESIAN_POINT('',(0.,0.));
#943 = DIRECTION('',(1.,0.));
#944 = ( GEOMETRIC_REPRESENTATION_CONTEXT(2) 
PARAMETRIC_REPRESENTATION_CONTEXT() REPRESENTATION_CONTEXT('2D SPACE',''
  ) );
#945 = PCURVE('',#946,#951);
#946 = CYLINDRICAL_SURFACE('',#947,2.);
#947 = AXIS2_PLACEMENT_3D('',#948,#949,#950);
#948 = CARTESIAN_POINT('',(0.,0.,12.));
#949 = DIRECTION('',(0.,0.,1.));
#950 = DIRECTION('',(-8.323691620031E-02,-0.996529786701,0.));
#951 = DEFINITIONAL_REPRESENTATION('',(#952),#956);
#952 = LINE('',#953,#954);
#953 = CARTESIAN_POINT('',(0.,2.5));
#954 = VECTOR('',#955,1.);
#955 = DIRECTION('',(1.,0.));
#956 = ( GEOMETRIC_REPRESENTATION_CONTEXT(2) 
PARAMETRIC_REPRESENTATION_CONTEXT() REPRESENTATION_CONTEXT('2D SPACE',''
  ) );
#957 = ORIENTED_EDGE('',*,*,#958,.T.);
#958 = EDGE_CURVE('',#930,#784,#959,.T.);
#959 = SURFACE_CURVE('',#960,(#964,#971),.PCURVE_S1.);
#960 = LINE('',#961,#962);
#961 = CARTESIAN_POINT('',(0.,0.,14.5));
#962 = VECTOR('',#963,1.);
#963 = DIRECTION('',(-8.323691620031E-02,-0.996529786701,0.));
#964 = PCURVE('',#807,#965);
#965 = DEFINITIONAL_REPRESENTATION('',(#966),#970);
#966 = LINE('',#967,#968);
#967 = CARTESIAN_POINT('',(0.,0.));
#968 = VECTOR('',#969,1.);
#969 = DIRECTION('',(1.,0.));
#970 = ( GEOMETRIC_REPRESENTATION_CONTEXT(2) 
PARAMETRIC_REPRESENTATION_CONTEXT() REPRESENTATION_CONTEXT('2D SPACE',''
  ) );
#971 = PCURVE('',#835,#972);
#972 = DEFINITIONAL_REPRESENTATION('',(#973),#977);
#973 = LINE('',#974,#975);
#974 = CARTESIAN_POINT('',(0.,1.5));
#975 = VECTOR('',#976,1.);
#976 = DIRECTION('',(1.,0.));
#977 = ( GEOMETRIC_REPRESENTATION_CONTEXT(2) 
PARAMETRIC_REPRESENTATION_CONTEXT() REPRESENTATION_CONTEXT('2D SPACE',''
  ) );
#978 = ADVANCED_FACE('',(#979),#890,.F.);
#979 = FACE_BOUND('',#980,.F.);
#980 = EDGE_LOOP('',(#981,#982,#1003,#1024));
#981 = ORIENTED_EDGE('',*,*,#906,.F.);
#982 = ORIENTED_EDGE('',*,*,#983,.F.);
#983 = EDGE_CURVE('',#984,#907,#986,.T.);
#984 = VERTEX_POINT('',#985);
#985 = CARTESIAN_POINT('',(0.902281632976,-1.784905559069,13.));
#986 = SURFACE_CURVE('',#987,(#991,#997),.PCURVE_S1.);
#987 = LINE('',#988,#989);
#988 = CARTESIAN_POINT('',(0.902281632976,-1.784905559069,12.));
#989 = VECTOR('',#990,1.);
#990 = DIRECTION('',(0.,0.,1.));
#991 = PCURVE('',#890,#992);
#992 = DEFINITIONAL_REPRESENTATION('',(#993),#996);
#993 = B_SPLINE_CURVE_WITH_KNOTS('',1,(#994,#995),.UNSPECIFIED.,.F.,.F.,
  (2,2),(0.85,2.65),.PIECEWISE_BEZIER_KNOTS.);
#994 = CARTESIAN_POINT('',(2.,-0.15));
#995 = CARTESIAN_POINT('',(2.,1.65));
#996 = ( GEOMETRIC_REPRESENTATION_CONTEXT(2) 
PARAMETRIC_REPRESENTATION_CONTEXT() REPRESENTATION_CONTEXT('2D SPACE',''
  ) );
#997 = PCURVE('',#946,#998);
#998 = DEFINITIONAL_REPRESENTATION('',(#999),#1002);
#999 = B_SPLINE_CURVE_WITH_KNOTS('',1,(#1000,#1001),.UNSPECIFIED.,.F.,
  .F.,(2,2),(0.85,2.65),.PIECEWISE_BEZIER_KNOTS.);
#1000 = CARTESIAN_POINT('',(0.551376553376,0.85));
#1001 = CARTESIAN_POINT('',(0.551376553376,2.65));
#1002 = ( GEOMETRIC_REPRESENTATION_CONTEXT(2) 
PARAMETRIC_REPRESENTATION_CONTEXT() REPRESENTATION_CONTEXT('2D SPACE',''
  ) );
#1003 = ORIENTED_EDGE('',*,*,#1004,.T.);
#1004 = EDGE_CURVE('',#984,#848,#1005,.T.);
#1005 = SURFACE_CURVE('',#1006,(#1010,#1017),.PCURVE_S1.);
#1006 = LINE('',#1007,#1008);
#1007 = CARTESIAN_POINT('',(0.,0.,13.));
#1008 = VECTOR('',#1009,1.);
#1009 = DIRECTION('',(0.451140816488,-0.892452779534,0.));
#1010 = PCURVE('',#890,#1011);
#1011 = DEFINITIONAL_REPRESENTATION('',(#1012),#1016);
#1012 = LINE('',#1013,#1014);
#1013 = CARTESIAN_POINT('',(0.,0.));
#1014 = VECTOR('',#1015,1.);
#1015 = DIRECTION('',(1.,0.));
#1016 = ( GEOMETRIC_REPRESENTATION_CONTEXT(2) 
PARAMETRIC_REPRESENTATION_CONTEXT() REPRESENTATION_CONTEXT('2D SPACE',''
  ) );
#1017 = PCURVE('',#864,#1018);
#1018 = DEFINITIONAL_REPRESENTATION('',(#1019),#1023);
#1019 = LINE('',#1020,#1021);
#1020 = CARTESIAN_POINT('',(0.,0.));
#1021 = VECTOR('',#1022,1.);
#1022 = DIRECTION('',(0.851804207693,0.523860278849));
#1023 = ( GEOMETRIC_REPRESENTATION_CONTEXT(2) 
PARAMETRIC_REPRESENTATION_CONTEXT() REPRESENTATION_CONTEXT('2D SPACE',''
  ) );
#1024 = ORIENTED_EDGE('',*,*,#876,.T.);
#1025 = ADVANCED_FACE('',(#1026),#864,.F.);
#1026 = FACE_BOUND('',#1027,.F.);
#1027 = EDGE_LOOP('',(#1028,#1029,#1030,#1054));
#1028 = ORIENTED_EDGE('',*,*,#847,.T.);
#1029 = ORIENTED_EDGE('',*,*,#1004,.F.);
#1030 = ORIENTED_EDGE('',*,*,#1031,.F.);
#1031 = EDGE_CURVE('',#1032,#984,#1034,.T.);
#1032 = VERTEX_POINT('',#1033);
#1033 = CARTESIAN_POINT('',(-0.166473832401,-1.993059573401,13.));
#1034 = SURFACE_CURVE('',#1035,(#1040,#1047),.PCURVE_S1.);
#1035 = CIRCLE('',#1036,2.);
#1036 = AXIS2_PLACEMENT_3D('',#1037,#1038,#1039);
#1037 = CARTESIAN_POINT('',(0.,0.,13.));
#1038 = DIRECTION('',(0.,0.,1.));
#1039 = DIRECTION('',(-8.323691620031E-02,-0.996529786701,0.));
#1040 = PCURVE('',#864,#1041);
#1041 = DEFINITIONAL_REPRESENTATION('',(#1042),#1046);
#1042 = CIRCLE('',#1043,2.);
#1043 = AXIS2_PLACEMENT_2D('',#1044,#1045);
#1044 = CARTESIAN_POINT('',(0.,0.));
#1045 = DIRECTION('',(1.,0.));
#1046 = ( GEOMETRIC_REPRESENTATION_CONTEXT(2) 
PARAMETRIC_REPRESENTATION_CONTEXT() REPRESENTATION_CONTEXT('2D SPACE',''
  ) );
#1047 = PCURVE('',#946,#1048);
#1048 = DEFINITIONAL_REPRESENTATION('',(#1049),#1053);
#1049 = LINE('',#1050,#1051);
#1050 = CARTESIAN_POINT('',(0.,1.));
#1051 = VECTOR('',#1052,1.);
#1052 = DIRECTION('',(1.,0.));
#1053 = ( GEOMETRIC_REPRESENTATION_CONTEXT(2) 
PARAMETRIC_REPRESENTATION_CONTEXT() REPRESENTATION_CONTEXT('2D SPACE',''
  ) );
#1054 = ORIENTED_EDGE('',*,*,#1055,.T.);
#1055 = EDGE_CURVE('',#1032,#820,#1056,.T.);
#1056 = SURFACE_CURVE('',#1057,(#1061,#1068),.PCURVE_S1.);
#1057 = LINE('',#1058,#1059);
#1058 = CARTESIAN_POINT('',(0.,0.,13.));
#1059 = VECTOR('',#1060,1.);
#1060 = DIRECTION('',(-8.323691620031E-02,-0.996529786701,0.));
#1061 = PCURVE('',#864,#1062);
#1062 = DEFINITIONAL_REPRESENTATION('',(#1063),#1067);
#1063 = LINE('',#1064,#1065);
#1064 = CARTESIAN_POINT('',(0.,0.));
#1065 = VECTOR('',#1066,1.);
#1066 = DIRECTION('',(1.,0.));
#1067 = ( GEOMETRIC_REPRESENTATION_CONTEXT(2) 
PARAMETRIC_REPRESENTATION_CONTEXT() REPRESENTATION_CONTEXT('2D SPACE',''
  ) );
#1068 = PCURVE('',#835,#1069);
#1069 = DEFINITIONAL_REPRESENTATION('',(#1070),#1074);
#1070 = LINE('',#1071,#1072);
#1071 = CARTESIAN_POINT('',(0.,0.));
#1072 = VECTOR('',#1073,1.);
#1073 = DIRECTION('',(1.,0.));
#1074 = ( GEOMETRIC_REPRESENTATION_CONTEXT(2) 
PARAMETRIC_REPRESENTATION_CONTEXT() REPRESENTATION_CONTEXT('2D SPACE',''
  ) );
#1075 = ADVANCED_FACE('',(#1076),#835,.T.);
#1076 = FACE_BOUND('',#1077,.T.);
#1077 = EDGE_LOOP('',(#1078,#1099,#1100,#1101));
#1078 = ORIENTED_EDGE('',*,*,#1079,.F.);
#1079 = EDGE_CURVE('',#1032,#930,#1080,.T.);
#1080 = SURFACE_CURVE('',#1081,(#1085,#1092),.PCURVE_S1.);
#1081 = LINE('',#1082,#1083);
#1082 = CARTESIAN_POINT('',(-0.166473832401,-1.993059573401,12.));
#1083 = VECTOR('',#1084,1.);
#1084 = DIRECTION('',(0.,0.,1.));
#1085 = PCURVE('',#835,#1086);
#1086 = DEFINITIONAL_REPRESENTATION('',(#1087),#1091);
#1087 = LINE('',#1088,#1089);
#1088 = CARTESIAN_POINT('',(2.,-1.));
#1089 = VECTOR('',#1090,1.);
#1090 = DIRECTION('',(0.,1.));
#1091 = ( GEOMETRIC_REPRESENTATION_CONTEXT(2) 
PARAMETRIC_REPRESENTATION_CONTEXT() REPRESENTATION_CONTEXT('2D SPACE',''
  ) );
#1092 = PCURVE('',#946,#1093);
#1093 = DEFINITIONAL_REPRESENTATION('',(#1094),#1098);
#1094 = LINE('',#1095,#1096);
#1095 = CARTESIAN_POINT('',(0.,-0.));
#1096 = VECTOR('',#1097,1.);
#1097 = DIRECTION('',(0.,1.));
#1098 = ( GEOMETRIC_REPRESENTATION_CONTEXT(2) 
PARAMETRIC_REPRESENTATION_CONTEXT() REPRESENTATION_CONTEXT('2D SPACE',''
  ) );
#1099 = ORIENTED_EDGE('',*,*,#1055,.T.);
#1100 = ORIENTED_EDGE('',*,*,#819,.T.);
#1101 = ORIENTED_EDGE('',*,*,#958,.F.);
#1102 = ADVANCED_FACE('',(#1103),#946,.F.);
#1103 = FACE_BOUND('',#1104,.F.);
#1104 = EDGE_LOOP('',(#1105,#1106,#1107,#1108));
#1105 = ORIENTED_EDGE('',*,*,#929,.F.);
#1106 = ORIENTED_EDGE('',*,*,#1079,.F.);
#1107 = ORIENTED_EDGE('',*,*,#1031,.T.);
#1108 = ORIENTED_EDGE('',*,*,#983,.T.);
#1109 = MANIFOLD_SOLID_BREP('',#1110);
#1110 = CLOSED_SHELL('',(#1111,#1233,#1310,#1357,#1407,#1434));
#1111 = ADVANCED_FACE('',(#1112),#1127,.T.);
#1112 = FACE_BOUND('',#1113,.T.);
#1113 = EDGE_LOOP('',(#1114,#1150,#1178,#1207));
#1114 = ORIENTED_EDGE('',*,*,#1115,.F.);
#1115 = EDGE_CURVE('',#1116,#1118,#1120,.T.);
#1116 = VERTEX_POINT('',#1117);
#1117 = CARTESIAN_POINT('',(-21.3459813863,-28.98877504578,21.75));
#1118 = VERTEX_POINT('',#1119);
#1119 = CARTESIAN_POINT('',(-2.996528983211,-35.87507232122,21.75));
#1120 = SURFACE_CURVE('',#1121,(#1126,#1138),.PCURVE_S1.);
#1121 = CIRCLE('',#1122,36.);
#1122 = AXIS2_PLACEMENT_3D('',#1123,#1124,#1125);
#1123 = CARTESIAN_POINT('',(0.,0.,21.75));
#1124 = DIRECTION('',(0.,0.,1.));
#1125 = DIRECTION('',(-0.592943927397,-0.805243751272,0.));
#1126 = PCURVE('',#1127,#1132);
#1127 = CYLINDRICAL_SURFACE('',#1128,36.);
#1128 = AXIS2_PLACEMENT_3D('',#1129,#1130,#1131);
#1129 = CARTESIAN_POINT('',(0.,0.,20.25));
#1130 = DIRECTION('',(0.,0.,1.));
#1131 = DIRECTION('',(-0.592943927397,-0.805243751272,0.));
#1132 = DEFINITIONAL_REPRESENTATION('',(#1133),#1137);
#1133 = LINE('',#1134,#1135);
#1134 = CARTESIAN_POINT('',(0.,1.5));
#1135 = VECTOR('',#1136,1.);
#1136 = DIRECTION('',(1.,0.));
#1137 = ( GEOMETRIC_REPRESENTATION_CONTEXT(2) 
PARAMETRIC_REPRESENTATION_CONTEXT() REPRESENTATION_CONTEXT('2D SPACE',''
  ) );
#1138 = PCURVE('',#1139,#1144);
#1139 = PLANE('',#1140);
#1140 = AXIS2_PLACEMENT_3D('',#1141,#1142,#1143);
#1141 = CARTESIAN_POINT('',(0.,0.,21.75));
#1142 = DIRECTION('',(0.,0.,1.));
#1143 = DIRECTION('',(-0.592943927397,-0.805243751272,0.));
#1144 = DEFINITIONAL_REPRESENTATION('',(#1145),#1149);
#1145 = CIRCLE('',#1146,36.);
#1146 = AXIS2_PLACEMENT_2D('',#1147,#1148);
#1147 = CARTESIAN_POINT('',(0.,0.));
#1148 = DIRECTION('',(1.,0.));
#1149 = ( GEOMETRIC_REPRESENTATION_CONTEXT(2) 
PARAMETRIC_REPRESENTATION_CONTEXT() REPRESENTATION_CONTEXT('2D SPACE',''
  ) );
#1150 = ORIENTED_EDGE('',*,*,#1151,.F.);
#1151 = EDGE_CURVE('',#1152,#1116,#1154,.T.);
#1152 = VERTEX_POINT('',#1153);
#1153 = CARTESIAN_POINT('',(-21.3459813863,-28.98877504578,20.25));
#1154 = SURFACE_CURVE('',#1155,(#1159,#1166),.PCURVE_S1.);
#1155 = LINE('',#1156,#1157);
#1156 = CARTESIAN_POINT('',(-21.3459813863,-28.98877504578,20.25));
#1157 = VECTOR('',#1158,1.);
#1158 = DIRECTION('',(0.,0.,1.));
#1159 = PCURVE('',#1127,#1160);
#1160 = DEFINITIONAL_REPRESENTATION('',(#1161),#1165);
#1161 = LINE('',#1162,#1163);
#1162 = CARTESIAN_POINT('',(0.,-0.));
#1163 = VECTOR('',#1164,1.);
#1164 = DIRECTION('',(0.,1.));
#1165 = ( GEOMETRIC_REPRESENTATION_CONTEXT(2) 
PARAMETRIC_REPRESENTATION_CONTEXT() REPRESENTATION_CONTEXT('2D SPACE',''
  ) );
#1166 = PCURVE('',#1167,#1172);
#1167 = PLANE('',#1168);
#1168 = AXIS2_PLACEMENT_3D('',#1169,#1170,#1171);
#1169 = CARTESIAN_POINT('',(0.,0.,20.25));
#1170 = DIRECTION('',(-0.805243751272,0.592943927397,0.));
#1171 = DIRECTION('',(-0.592943927397,-0.805243751272,0.));
#1172 = DEFINITIONAL_REPRESENTATION('',(#1173),#1177);
#1173 = LINE('',#1174,#1175);
#1174 = CARTESIAN_POINT('',(36.,0.));
#1175 = VECTOR('',#1176,1.);
#1176 = DIRECTION('',(0.,1.));
#1177 = ( GEOMETRIC_REPRESENTATION_CONTEXT(2) 
PARAMETRIC_REPRESENTATION_CONTEXT() REPRESENTATION_CONTEXT('2D SPACE',''
  ) );
#1178 = ORIENTED_EDGE('',*,*,#1179,.T.);
#1179 = EDGE_CURVE('',#1152,#1180,#1182,.T.);
#1180 = VERTEX_POINT('',#1181);
#1181 = CARTESIAN_POINT('',(-2.996528983211,-35.87507232122,20.25));
#1182 = SURFACE_CURVE('',#1183,(#1188,#1195),.PCURVE_S1.);
#1183 = CIRCLE('',#1184,36.);
#1184 = AXIS2_PLACEMENT_3D('',#1185,#1186,#1187);
#1185 = CARTESIAN_POINT('',(0.,0.,20.25));
#1186 = DIRECTION('',(0.,0.,1.));
#1187 = DIRECTION('',(-0.592943927397,-0.805243751272,0.));
#1188 = PCURVE('',#1127,#1189);
#1189 = DEFINITIONAL_REPRESENTATION('',(#1190),#1194);
#1190 = LINE('',#1191,#1192);
#1191 = CARTESIAN_POINT('',(0.,0.));
#1192 = VECTOR('',#1193,1.);
#1193 = DIRECTION('',(1.,0.));
#1194 = ( GEOMETRIC_REPRESENTATION_CONTEXT(2) 
PARAMETRIC_REPRESENTATION_CONTEXT() REPRESENTATION_CONTEXT('2D SPACE',''
  ) );
#1195 = PCURVE('',#1196,#1201);
#1196 = PLANE('',#1197);
#1197 = AXIS2_PLACEMENT_3D('',#1198,#1199,#1200);
#1198 = CARTESIAN_POINT('',(0.,0.,20.25));
#1199 = DIRECTION('',(0.,0.,1.));
#1200 = DIRECTION('',(-0.592943927397,-0.805243751272,0.));
#1201 = DEFINITIONAL_REPRESENTATION('',(#1202),#1206);
#1202 = CIRCLE('',#1203,36.);
#1203 = AXIS2_PLACEMENT_2D('',#1204,#1205);
#1204 = CARTESIAN_POINT('',(0.,0.));
#1205 = DIRECTION('',(1.,0.));
#1206 = ( GEOMETRIC_REPRESENTATION_CONTEXT(2) 
PARAMETRIC_REPRESENTATION_CONTEXT() REPRESENTATION_CONTEXT('2D SPACE',''
  ) );
#1207 = ORIENTED_EDGE('',*,*,#1208,.T.);
#1208 = EDGE_CURVE('',#1180,#1118,#1209,.T.);
#1209 = SURFACE_CURVE('',#1210,(#1214,#1221),.PCURVE_S1.);
#1210 = LINE('',#1211,#1212);
#1211 = CARTESIAN_POINT('',(-2.996528983211,-35.87507232122,20.25));
#1212 = VECTOR('',#1213,1.);
#1213 = DIRECTION('',(0.,0.,1.));
#1214 = PCURVE('',#1127,#1215);
#1215 = DEFINITIONAL_REPRESENTATION('',(#1216),#1220);
#1216 = LINE('',#1217,#1218);
#1217 = CARTESIAN_POINT('',(0.551376553376,-0.));
#1218 = VECTOR('',#1219,1.);
#1219 = DIRECTION('',(0.,1.));
#1220 = ( GEOMETRIC_REPRESENTATION_CONTEXT(2) 
PARAMETRIC_REPRESENTATION_CONTEXT() REPRESENTATION_CONTEXT('2D SPACE',''
  ) );
#1221 = PCURVE('',#1222,#1227);
#1222 = PLANE('',#1223);
#1223 = AXIS2_PLACEMENT_3D('',#1224,#1225,#1226);
#1224 = CARTESIAN_POINT('',(0.,0.,20.25));
#1225 = DIRECTION('',(-0.996529786701,8.323691620031E-02,0.));
#1226 = DIRECTION('',(-8.323691620031E-02,-0.996529786701,0.));
#1227 = DEFINITIONAL_REPRESENTATION('',(#1228),#1232);
#1228 = LINE('',#1229,#1230);
#1229 = CARTESIAN_POINT('',(36.,0.));
#1230 = VECTOR('',#1231,1.);
#1231 = DIRECTION('',(0.,1.));
#1232 = ( GEOMETRIC_REPRESENTATION_CONTEXT(2) 
PARAMETRIC_REPRESENTATION_CONTEXT() REPRESENTATION_CONTEXT('2D SPACE',''
  ) );
#1233 = ADVANCED_FACE('',(#1234),#1139,.T.);
#1234 = FACE_BOUND('',#1235,.T.);
#1235 = EDGE_LOOP('',(#1236,#1237,#1260,#1289));
#1236 = ORIENTED_EDGE('',*,*,#1115,.T.);
#1237 = ORIENTED_EDGE('',*,*,#1238,.F.);
#1238 = EDGE_CURVE('',#1239,#1118,#1241,.T.);
#1239 = VERTEX_POINT('',#1240);
#1240 = CARTESIAN_POINT('',(-0.166473832401,-1.993059573401,21.75));
#1241 = SURFACE_CURVE('',#1242,(#1246,#1253),.PCURVE_S1.);
#1242 = LINE('',#1243,#1244);
#1243 = CARTESIAN_POINT('',(0.,0.,21.75));
#1244 = VECTOR('',#1245,1.);
#1245 = DIRECTION('',(-8.323691620031E-02,-0.996529786701,0.));
#1246 = PCURVE('',#1139,#1247);
#1247 = DEFINITIONAL_REPRESENTATION('',(#1248),#1252);
#1248 = LINE('',#1249,#1250);
#1249 = CARTESIAN_POINT('',(0.,0.));
#1250 = VECTOR('',#1251,1.);
#1251 = DIRECTION('',(0.851804207693,0.523860278849));
#1252 = ( GEOMETRIC_REPRESENTATION_CONTEXT(2) 
PARAMETRIC_REPRESENTATION_CONTEXT() REPRESENTATION_CONTEXT('2D SPACE',''
  ) );
#1253 = PCURVE('',#1222,#1254);
#1254 = DEFINITIONAL_REPRESENTATION('',(#1255),#1259);
#1255 = LINE('',#1256,#1257);
#1256 = CARTESIAN_POINT('',(0.,1.5));
#1257 = VECTOR('',#1258,1.);
#1258 = DIRECTION('',(1.,0.));
#1259 = ( GEOMETRIC_REPRESENTATION_CONTEXT(2) 
PARAMETRIC_REPRESENTATION_CONTEXT() REPRESENTATION_CONTEXT('2D SPACE',''
  ) );
#1260 = ORIENTED_EDGE('',*,*,#1261,.F.);
#1261 = EDGE_CURVE('',#1262,#1239,#1264,.T.);
#1262 = VERTEX_POINT('',#1263);
#1263 = CARTESIAN_POINT('',(-1.185887854795,-1.610487502544,21.75));
#1264 = SURFACE_CURVE('',#1265,(#1270,#1277),.PCURVE_S1.);
#1265 = CIRCLE('',#1266,2.);
#1266 = AXIS2_PLACEMENT_3D('',#1267,#1268,#1269);
#1267 = CARTESIAN_POINT('',(0.,0.,21.75));
#1268 = DIRECTION('',(0.,0.,1.));
#1269 = DIRECTION('',(-0.592943927397,-0.805243751272,0.));
#1270 = PCURVE('',#1139,#1271);
#1271 = DEFINITIONAL_REPRESENTATION('',(#1272),#1276);
#1272 = CIRCLE('',#1273,2.);
#1273 = AXIS2_PLACEMENT_2D('',#1274,#1275);
#1274 = CARTESIAN_POINT('',(0.,0.));
#1275 = DIRECTION('',(1.,0.));
#1276 = ( GEOMETRIC_REPRESENTATION_CONTEXT(2) 
PARAMETRIC_REPRESENTATION_CONTEXT() REPRESENTATION_CONTEXT('2D SPACE',''
  ) );
#1277 = PCURVE('',#1278,#1283);
#1278 = CYLINDRICAL_SURFACE('',#1279,2.);
#1279 = AXIS2_PLACEMENT_3D('',#1280,#1281,#1282);
#1280 = CARTESIAN_POINT('',(0.,0.,19.25));
#1281 = DIRECTION('',(0.,0.,1.));
#1282 = DIRECTION('',(-0.592943927397,-0.805243751272,0.));
#1283 = DEFINITIONAL_REPRESENTATION('',(#1284),#1288);
#1284 = LINE('',#1285,#1286);
#1285 = CARTESIAN_POINT('',(0.,2.5));
#1286 = VECTOR('',#1287,1.);
#1287 = DIRECTION('',(1.,0.));
#1288 = ( GEOMETRIC_REPRESENTATION_CONTEXT(2) 
PARAMETRIC_REPRESENTATION_CONTEXT() REPRESENTATION_CONTEXT('2D SPACE',''
  ) );
#1289 = ORIENTED_EDGE('',*,*,#1290,.T.);
#1290 = EDGE_CURVE('',#1262,#1116,#1291,.T.);
#1291 = SURFACE_CURVE('',#1292,(#1296,#1303),.PCURVE_S1.);
#1292 = LINE('',#1293,#1294);
#1293 = CARTESIAN_POINT('',(0.,0.,21.75));
#1294 = VECTOR('',#1295,1.);
#1295 = DIRECTION('',(-0.592943927397,-0.805243751272,0.));
#1296 = PCURVE('',#1139,#1297);
#1297 = DEFINITIONAL_REPRESENTATION('',(#1298),#1302);
#1298 = LINE('',#1299,#1300);
#1299 = CARTESIAN_POINT('',(0.,0.));
#1300 = VECTOR('',#1301,1.);
#1301 = DIRECTION('',(1.,0.));
#1302 = ( GEOMETRIC_REPRESENTATION_CONTEXT(2) 
PARAMETRIC_REPRESENTATION_CONTEXT() REPRESENTATION_CONTEXT('2D SPACE',''
  ) );
#1303 = PCURVE('',#1167,#1304);
#1304 = DEFINITIONAL_REPRESENTATION('',(#1305),#1309);
#1305 = LINE('',#1306,#1307);
#1306 = CARTESIAN_POINT('',(0.,1.5));
#1307 = VECTOR('',#1308,1.);
#1308 = DIRECTION('',(1.,0.));
#1309 = ( GEOMETRIC_REPRESENTATION_CONTEXT(2) 
PARAMETRIC_REPRESENTATION_CONTEXT() REPRESENTATION_CONTEXT('2D SPACE',''
  ) );
#1310 = ADVANCED_FACE('',(#1311),#1222,.F.);
#1311 = FACE_BOUND('',#1312,.F.);
#1312 = EDGE_LOOP('',(#1313,#1314,#1335,#1356));
#1313 = ORIENTED_EDGE('',*,*,#1238,.F.);
#1314 = ORIENTED_EDGE('',*,*,#1315,.F.);
#1315 = EDGE_CURVE('',#1316,#1239,#1318,.T.);
#1316 = VERTEX_POINT('',#1317);
#1317 = CARTESIAN_POINT('',(-0.166473832401,-1.993059573401,20.25));
#1318 = SURFACE_CURVE('',#1319,(#1323,#1329),.PCURVE_S1.);
#1319 = LINE('',#1320,#1321);
#1320 = CARTESIAN_POINT('',(-0.166473832401,-1.993059573401,19.25));
#1321 = VECTOR('',#1322,1.);
#1322 = DIRECTION('',(0.,0.,1.));
#1323 = PCURVE('',#1222,#1324);
#1324 = DEFINITIONAL_REPRESENTATION('',(#1325),#1328);
#1325 = B_SPLINE_CURVE_WITH_KNOTS('',1,(#1326,#1327),.UNSPECIFIED.,.F.,
  .F.,(2,2),(0.85,2.65),.PIECEWISE_BEZIER_KNOTS.);
#1326 = CARTESIAN_POINT('',(2.,-0.15));
#1327 = CARTESIAN_POINT('',(2.,1.65));
#1328 = ( GEOMETRIC_REPRESENTATION_CONTEXT(2) 
PARAMETRIC_REPRESENTATION_CONTEXT() REPRESENTATION_CONTEXT('2D SPACE',''
  ) );
#1329 = PCURVE('',#1278,#1330);
#1330 = DEFINITIONAL_REPRESENTATION('',(#1331),#1334);
#1331 = B_SPLINE_CURVE_WITH_KNOTS('',1,(#1332,#1333),.UNSPECIFIED.,.F.,
  .F.,(2,2),(0.85,2.65),.PIECEWISE_BEZIER_KNOTS.);
#1332 = CARTESIAN_POINT('',(0.551376553376,0.85));
#1333 = CARTESIAN_POINT('',(0.551376553376,2.65));
#1334 = ( GEOMETRIC_REPRESENTATION_CONTEXT(2) 
PARAMETRIC_REPRESENTATION_CONTEXT() REPRESENTATION_CONTEXT('2D SPACE',''
  ) );
#1335 = ORIENTED_EDGE('',*,*,#1336,.T.);
#1336 = EDGE_CURVE('',#1316,#1180,#1337,.T.);
#1337 = SURFACE_CURVE('',#1338,(#1342,#1349),.PCURVE_S1.);
#1338 = LINE('',#1339,#1340);
#1339 = CARTESIAN_POINT('',(0.,0.,20.25));
#1340 = VECTOR('',#1341,1.);
#1341 = DIRECTION('',(-8.323691620031E-02,-0.996529786701,0.));
#1342 = PCURVE('',#1222,#1343);
#1343 = DEFINITIONAL_REPRESENTATION('',(#1344),#1348);
#1344 = LINE('',#1345,#1346);
#1345 = CARTESIAN_POINT('',(0.,0.));
#1346 = VECTOR('',#1347,1.);
#1347 = DIRECTION('',(1.,0.));
#1348 = ( GEOMETRIC_REPRESENTATION_CONTEXT(2) 
PARAMETRIC_REPRESENTATION_CONTEXT() REPRESENTATION_CONTEXT('2D SPACE',''
  ) );
#1349 = PCURVE('',#1196,#1350);
#1350 = DEFINITIONAL_REPRESENTATION('',(#1351),#1355);
#1351 = LINE('',#1352,#1353);
#1352 = CARTESIAN_POINT('',(0.,0.));
#1353 = VECTOR('',#1354,1.);
#1354 = DIRECTION('',(0.851804207693,0.523860278849));
#1355 = ( GEOMETRIC_REPRESENTATION_CONTEXT(2) 
PARAMETRIC_REPRESENTATION_CONTEXT() REPRESENTATION_CONTEXT('2D SPACE',''
  ) );
#1356 = ORIENTED_EDGE('',*,*,#1208,.T.);
#1357 = ADVANCED_FACE('',(#1358),#1196,.F.);
#1358 = FACE_BOUND('',#1359,.F.);
#1359 = EDGE_LOOP('',(#1360,#1361,#1362,#1386));
#1360 = ORIENTED_EDGE('',*,*,#1179,.T.);
#1361 = ORIENTED_EDGE('',*,*,#1336,.F.);
#1362 = ORIENTED_EDGE('',*,*,#1363,.F.);
#1363 = EDGE_CURVE('',#1364,#1316,#1366,.T.);
#1364 = VERTEX_POINT('',#1365);
#1365 = CARTESIAN_POINT('',(-1.185887854795,-1.610487502544,20.25));
#1366 = SURFACE_CURVE('',#1367,(#1372,#1379),.PCURVE_S1.);
#1367 = CIRCLE('',#1368,2.);
#1368 = AXIS2_PLACEMENT_3D('',#1369,#1370,#1371);
#1369 = CARTESIAN_POINT('',(0.,0.,20.25));
#1370 = DIRECTION('',(0.,0.,1.));
#1371 = DIRECTION('',(-0.592943927397,-0.805243751272,0.));
#1372 = PCURVE('',#1196,#1373);
#1373 = DEFINITIONAL_REPRESENTATION('',(#1374),#1378);
#1374 = CIRCLE('',#1375,2.);
#1375 = AXIS2_PLACEMENT_2D('',#1376,#1377);
#1376 = CARTESIAN_POINT('',(0.,0.));
#1377 = DIRECTION('',(1.,0.));
#1378 = ( GEOMETRIC_REPRESENTATION_CONTEXT(2) 
PARAMETRIC_REPRESENTATION_CONTEXT() REPRESENTATION_CONTEXT('2D SPACE',''
  ) );
#1379 = PCURVE('',#1278,#1380);
#1380 = DEFINITIONAL_REPRESENTATION('',(#1381),#1385);
#1381 = LINE('',#1382,#1383);
#1382 = CARTESIAN_POINT('',(0.,1.));
#1383 = VECTOR('',#1384,1.);
#1384 = DIRECTION('',(1.,0.));
#1385 = ( GEOMETRIC_REPRESENTATION_CONTEXT(2) 
PARAMETRIC_REPRESENTATION_CONTEXT() REPRESENTATION_CONTEXT('2D SPACE',''
  ) );
#1386 = ORIENTED_EDGE('',*,*,#1387,.T.);
#1387 = EDGE_CURVE('',#1364,#1152,#1388,.T.);
#1388 = SURFACE_CURVE('',#1389,(#1393,#1400),.PCURVE_S1.);
#1389 = LINE('',#1390,#1391);
#1390 = CARTESIAN_POINT('',(0.,0.,20.25));
#1391 = VECTOR('',#1392,1.);
#1392 = DIRECTION('',(-0.592943927397,-0.805243751272,0.));
#1393 = PCURVE('',#1196,#1394);
#1394 = DEFINITIONAL_REPRESENTATION('',(#1395),#1399);
#1395 = LINE('',#1396,#1397);
#1396 = CARTESIAN_POINT('',(0.,0.));
#1397 = VECTOR('',#1398,1.);
#1398 = DIRECTION('',(1.,0.));
#1399 = ( GEOMETRIC_REPRESENTATION_CONTEXT(2) 
PARAMETRIC_REPRESENTATION_CONTEXT() REPRESENTATION_CONTEXT('2D SPACE',''
  ) );
#1400 = PCURVE('',#1167,#1401);
#1401 = DEFINITIONAL_REPRESENTATION('',(#1402),#1406);
#1402 = LINE('',#1403,#1404);
#1403 = CARTESIAN_POINT('',(0.,0.));
#1404 = VECTOR('',#1405,1.);
#1405 = DIRECTION('',(1.,0.));
#1406 = ( GEOMETRIC_REPRESENTATION_CONTEXT(2) 
PARAMETRIC_REPRESENTATION_CONTEXT() REPRESENTATION_CONTEXT('2D SPACE',''
  ) );
#1407 = ADVANCED_FACE('',(#1408),#1167,.T.);
#1408 = FACE_BOUND('',#1409,.T.);
#1409 = EDGE_LOOP('',(#1410,#1431,#1432,#1433));
#1410 = ORIENTED_EDGE('',*,*,#1411,.F.);
#1411 = EDGE_CURVE('',#1364,#1262,#1412,.T.);
#1412 = SURFACE_CURVE('',#1413,(#1417,#1424),.PCURVE_S1.);
#1413 = LINE('',#1414,#1415);
#1414 = CARTESIAN_POINT('',(-1.185887854795,-1.610487502544,19.25));
#1415 = VECTOR('',#1416,1.);
#1416 = DIRECTION('',(0.,0.,1.));
#1417 = PCURVE('',#1167,#1418);
#1418 = DEFINITIONAL_REPRESENTATION('',(#1419),#1423);
#1419 = LINE('',#1420,#1421);
#1420 = CARTESIAN_POINT('',(2.,-1.));
#1421 = VECTOR('',#1422,1.);
#1422 = DIRECTION('',(0.,1.));
#1423 = ( GEOMETRIC_REPRESENTATION_CONTEXT(2) 
PARAMETRIC_REPRESENTATION_CONTEXT() REPRESENTATION_CONTEXT('2D SPACE',''
  ) );
#1424 = PCURVE('',#1278,#1425);
#1425 = DEFINITIONAL_REPRESENTATION('',(#1426),#1430);
#1426 = LINE('',#1427,#1428);
#1427 = CARTESIAN_POINT('',(0.,-0.));
#1428 = VECTOR('',#1429,1.);
#1429 = DIRECTION('',(0.,1.));
#1430 = ( GEOMETRIC_REPRESENTATION_CONTEXT(2) 
PARAMETRIC_REPRESENTATION_CONTEXT() REPRESENTATION_CONTEXT('2D SPACE',''
  ) );
#1431 = ORIENTED_EDGE('',*,*,#1387,.T.);
#1432 = ORIENTED_EDGE('',*,*,#1151,.T.);
#1433 = ORIENTED_EDGE('',*,*,#1290,.F.);
#1434 = ADVANCED_FACE('',(#1435),#1278,.F.);
#1435 = FACE_BOUND('',#1436,.F.);
#1436 = EDGE_LOOP('',(#1437,#1438,#1439,#1440));
#1437 = ORIENTED_EDGE('',*,*,#1261,.F.);
#1438 = ORIENTED_EDGE('',*,*,#1411,.F.);
#1439 = ORIENTED_EDGE('',*,*,#1363,.T.);
#1440 = ORIENTED_EDGE('',*,*,#1315,.T.);
#1441 = MANIFOLD_SOLID_BREP('',#1442);
#1442 = CLOSED_SHELL('',(#1443,#1565,#1642,#1689,#1739,#1766));
#1443 = ADVANCED_FACE('',(#1444),#1459,.T.);
#1444 = FACE_BOUND('',#1445,.T.);
#1445 = EDGE_LOOP('',(#1446,#1482,#1510,#1539));
#1446 = ORIENTED_EDGE('',*,*,#1447,.F.);
#1447 = EDGE_CURVE('',#1448,#1450,#1452,.T.);
#1448 = VERTEX_POINT('',#1449);
#1449 = CARTESIAN_POINT('',(-33.36866454118,-13.51044879853,29.));
#1450 = VERTEX_POINT('',#1451);
#1451 = CARTESIAN_POINT('',(-21.3459813863,-28.98877504578,29.));
#1452 = SURFACE_CURVE('',#1453,(#1458,#1470),.PCURVE_S1.);
#1453 = CIRCLE('',#1454,36.);
#1454 = AXIS2_PLACEMENT_3D('',#1455,#1456,#1457);
#1455 = CARTESIAN_POINT('',(0.,0.,29.));
#1456 = DIRECTION('',(0.,0.,1.));
#1457 = DIRECTION('',(-0.926907348366,-0.375290244404,0.));
#1458 = PCURVE('',#1459,#1464);
#1459 = CYLINDRICAL_SURFACE('',#1460,36.);
#1460 = AXIS2_PLACEMENT_3D('',#1461,#1462,#1463);
#1461 = CARTESIAN_POINT('',(0.,0.,27.5));
#1462 = DIRECTION('',(0.,0.,1.));
#1463 = DIRECTION('',(-0.926907348366,-0.375290244404,0.));
#1464 = DEFINITIONAL_REPRESENTATION('',(#1465),#1469);
#1465 = LINE('',#1466,#1467);
#1466 = CARTESIAN_POINT('',(0.,1.5));
#1467 = VECTOR('',#1468,1.);
#1468 = DIRECTION('',(1.,0.));
#1469 = ( GEOMETRIC_REPRESENTATION_CONTEXT(2) 
PARAMETRIC_REPRESENTATION_CONTEXT() REPRESENTATION_CONTEXT('2D SPACE',''
  ) );
#1470 = PCURVE('',#1471,#1476);
#1471 = PLANE('',#1472);
#1472 = AXIS2_PLACEMENT_3D('',#1473,#1474,#1475);
#1473 = CARTESIAN_POINT('',(0.,0.,29.));
#1474 = DIRECTION('',(0.,0.,1.));
#1475 = DIRECTION('',(-0.926907348366,-0.375290244404,0.));
#1476 = DEFINITIONAL_REPRESENTATION('',(#1477),#1481);
#1477 = CIRCLE('',#1478,36.);
#1478 = AXIS2_PLACEMENT_2D('',#1479,#1480);
#1479 = CARTESIAN_POINT('',(0.,0.));
#1480 = DIRECTION('',(1.,0.));
#1481 = ( GEOMETRIC_REPRESENTATION_CONTEXT(2) 
PARAMETRIC_REPRESENTATION_CONTEXT() REPRESENTATION_CONTEXT('2D SPACE',''
  ) );
#1482 = ORIENTED_EDGE('',*,*,#1483,.F.);
#1483 = EDGE_CURVE('',#1484,#1448,#1486,.T.);
#1484 = VERTEX_POINT('',#1485);
#1485 = CARTESIAN_POINT('',(-33.36866454118,-13.51044879853,27.5));
#1486 = SURFACE_CURVE('',#1487,(#1491,#1498),.PCURVE_S1.);
#1487 = LINE('',#1488,#1489);
#1488 = CARTESIAN_POINT('',(-33.36866454118,-13.51044879853,27.5));
#1489 = VECTOR('',#1490,1.);
#1490 = DIRECTION('',(0.,0.,1.));
#1491 = PCURVE('',#1459,#1492);
#1492 = DEFINITIONAL_REPRESENTATION('',(#1493),#1497);
#1493 = LINE('',#1494,#1495);
#1494 = CARTESIAN_POINT('',(0.,-0.));
#1495 = VECTOR('',#1496,1.);
#1496 = DIRECTION('',(0.,1.));
#1497 = ( GEOMETRIC_REPRESENTATION_CONTEXT(2) 
PARAMETRIC_REPRESENTATION_CONTEXT() REPRESENTATION_CONTEXT('2D SPACE',''
  ) );
#1498 = PCURVE('',#1499,#1504);
#1499 = PLANE('',#1500);
#1500 = AXIS2_PLACEMENT_3D('',#1501,#1502,#1503);
#1501 = CARTESIAN_POINT('',(0.,0.,27.5));
#1502 = DIRECTION('',(-0.375290244404,0.926907348366,0.));
#1503 = DIRECTION('',(-0.926907348366,-0.375290244404,0.));
#1504 = DEFINITIONAL_REPRESENTATION('',(#1505),#1509);
#1505 = LINE('',#1506,#1507);
#1506 = CARTESIAN_POINT('',(36.,0.));
#1507 = VECTOR('',#1508,1.);
#1508 = DIRECTION('',(0.,1.));
#1509 = ( GEOMETRIC_REPRESENTATION_CONTEXT(2) 
PARAMETRIC_REPRESENTATION_CONTEXT() REPRESENTATION_CONTEXT('2D SPACE',''
  ) );
#1510 = ORIENTED_EDGE('',*,*,#1511,.T.);
#1511 = EDGE_CURVE('',#1484,#1512,#1514,.T.);
#1512 = VERTEX_POINT('',#1513);
#1513 = CARTESIAN_POINT('',(-21.3459813863,-28.98877504578,27.5));
#1514 = SURFACE_CURVE('',#1515,(#1520,#1527),.PCURVE_S1.);
#1515 = CIRCLE('',#1516,36.);
#1516 = AXIS2_PLACEMENT_3D('',#1517,#1518,#1519);
#1517 = CARTESIAN_POINT('',(0.,0.,27.5));
#1518 = DIRECTION('',(0.,0.,1.));
#1519 = DIRECTION('',(-0.926907348366,-0.375290244404,0.));
#1520 = PCURVE('',#1459,#1521);
#1521 = DEFINITIONAL_REPRESENTATION('',(#1522),#1526);
#1522 = LINE('',#1523,#1524);
#1523 = CARTESIAN_POINT('',(0.,0.));
#1524 = VECTOR('',#1525,1.);
#1525 = DIRECTION('',(1.,0.));
#1526 = ( GEOMETRIC_REPRESENTATION_CONTEXT(2) 
PARAMETRIC_REPRESENTATION_CONTEXT() REPRESENTATION_CONTEXT('2D SPACE',''
  ) );
#1527 = PCURVE('',#1528,#1533);
#1528 = PLANE('',#1529);
#1529 = AXIS2_PLACEMENT_3D('',#1530,#1531,#1532);
#1530 = CARTESIAN_POINT('',(0.,0.,27.5));
#1531 = DIRECTION('',(0.,0.,1.));
#1532 = DIRECTION('',(-0.926907348366,-0.375290244404,0.));
#1533 = DEFINITIONAL_REPRESENTATION('',(#1534),#1538);
#1534 = CIRCLE('',#1535,36.);
#1535 = AXIS2_PLACEMENT_2D('',#1536,#1537);
#1536 = CARTESIAN_POINT('',(0.,0.));
#1537 = DIRECTION('',(1.,0.));
#1538 = ( GEOMETRIC_REPRESENTATION_CONTEXT(2) 
PARAMETRIC_REPRESENTATION_CONTEXT() REPRESENTATION_CONTEXT('2D SPACE',''
  ) );
#1539 = ORIENTED_EDGE('',*,*,#1540,.T.);
#1540 = EDGE_CURVE('',#1512,#1450,#1541,.T.);
#1541 = SURFACE_CURVE('',#1542,(#1546,#1553),.PCURVE_S1.);
#1542 = LINE('',#1543,#1544);
#1543 = CARTESIAN_POINT('',(-21.3459813863,-28.98877504578,27.5));
#1544 = VECTOR('',#1545,1.);
#1545 = DIRECTION('',(0.,0.,1.));
#1546 = PCURVE('',#1459,#1547);
#1547 = DEFINITIONAL_REPRESENTATION('',(#1548),#1552);
#1548 = LINE('',#1549,#1550);
#1549 = CARTESIAN_POINT('',(0.551376553376,-0.));
#1550 = VECTOR('',#1551,1.);
#1551 = DIRECTION('',(0.,1.));
#1552 = ( GEOMETRIC_REPRESENTATION_CONTEXT(2) 
PARAMETRIC_REPRESENTATION_CONTEXT() REPRESENTATION_CONTEXT('2D SPACE',''
  ) );
#1553 = PCURVE('',#1554,#1559);
#1554 = PLANE('',#1555);
#1555 = AXIS2_PLACEMENT_3D('',#1556,#1557,#1558);
#1556 = CARTESIAN_POINT('',(0.,0.,27.5));
#1557 = DIRECTION('',(-0.805243751272,0.592943927397,0.));
#1558 = DIRECTION('',(-0.592943927397,-0.805243751272,0.));
#1559 = DEFINITIONAL_REPRESENTATION('',(#1560),#1564);
#1560 = LINE('',#1561,#1562);
#1561 = CARTESIAN_POINT('',(36.,0.));
#1562 = VECTOR('',#1563,1.);
#1563 = DIRECTION('',(0.,1.));
#1564 = ( GEOMETRIC_REPRESENTATION_CONTEXT(2) 
PARAMETRIC_REPRESENTATION_CONTEXT() REPRESENTATION_CONTEXT('2D SPACE',''
  ) );
#1565 = ADVANCED_FACE('',(#1566),#1471,.T.);
#1566 = FACE_BOUND('',#1567,.T.);
#1567 = EDGE_LOOP('',(#1568,#1569,#1592,#1621));
#1568 = ORIENTED_EDGE('',*,*,#1447,.T.);
#1569 = ORIENTED_EDGE('',*,*,#1570,.F.);
#1570 = EDGE_CURVE('',#1571,#1450,#1573,.T.);
#1571 = VERTEX_POINT('',#1572);
#1572 = CARTESIAN_POINT('',(-1.185887854795,-1.610487502544,29.));
#1573 = SURFACE_CURVE('',#1574,(#1578,#1585),.PCURVE_S1.);
#1574 = LINE('',#1575,#1576);
#1575 = CARTESIAN_POINT('',(0.,0.,29.));
#1576 = VECTOR('',#1577,1.);
#1577 = DIRECTION('',(-0.592943927397,-0.805243751272,0.));
#1578 = PCURVE('',#1471,#1579);
#1579 = DEFINITIONAL_REPRESENTATION('',(#1580),#1584);
#1580 = LINE('',#1581,#1582);
#1581 = CARTESIAN_POINT('',(0.,0.));
#1582 = VECTOR('',#1583,1.);
#1583 = DIRECTION('',(0.851804207693,0.523860278849));
#1584 = ( GEOMETRIC_REPRESENTATION_CONTEXT(2) 
PARAMETRIC_REPRESENTATION_CONTEXT() REPRESENTATION_CONTEXT('2D SPACE',''
  ) );
#1585 = PCURVE('',#1554,#1586);
#1586 = DEFINITIONAL_REPRESENTATION('',(#1587),#1591);
#1587 = LINE('',#1588,#1589);
#1588 = CARTESIAN_POINT('',(0.,1.5));
#1589 = VECTOR('',#1590,1.);
#1590 = DIRECTION('',(1.,0.));
#1591 = ( GEOMETRIC_REPRESENTATION_CONTEXT(2) 
PARAMETRIC_REPRESENTATION_CONTEXT() REPRESENTATION_CONTEXT('2D SPACE',''
  ) );
#1592 = ORIENTED_EDGE('',*,*,#1593,.F.);
#1593 = EDGE_CURVE('',#1594,#1571,#1596,.T.);
#1594 = VERTEX_POINT('',#1595);
#1595 = CARTESIAN_POINT('',(-1.853814696733,-0.750580488807,29.));
#1596 = SURFACE_CURVE('',#1597,(#1602,#1609),.PCURVE_S1.);
#1597 = CIRCLE('',#1598,2.);
#1598 = AXIS2_PLACEMENT_3D('',#1599,#1600,#1601);
#1599 = CARTESIAN_POINT('',(0.,0.,29.));
#1600 = DIRECTION('',(0.,0.,1.));
#1601 = DIRECTION('',(-0.926907348366,-0.375290244404,0.));
#1602 = PCURVE('',#1471,#1603);
#1603 = DEFINITIONAL_REPRESENTATION('',(#1604),#1608);
#1604 = CIRCLE('',#1605,2.);
#1605 = AXIS2_PLACEMENT_2D('',#1606,#1607);
#1606 = CARTESIAN_POINT('',(0.,0.));
#1607 = DIRECTION('',(1.,0.));
#1608 = ( GEOMETRIC_REPRESENTATION_CONTEXT(2) 
PARAMETRIC_REPRESENTATION_CONTEXT() REPRESENTATION_CONTEXT('2D SPACE',''
  ) );
#1609 = PCURVE('',#1610,#1615);
#1610 = CYLINDRICAL_SURFACE('',#1611,2.);
#1611 = AXIS2_PLACEMENT_3D('',#1612,#1613,#1614);
#1612 = CARTESIAN_POINT('',(0.,0.,26.5));
#1613 = DIRECTION('',(0.,0.,1.));
#1614 = DIRECTION('',(-0.926907348366,-0.375290244404,0.));
#1615 = DEFINITIONAL_REPRESENTATION('',(#1616),#1620);
#1616 = LINE('',#1617,#1618);
#1617 = CARTESIAN_POINT('',(0.,2.5));
#1618 = VECTOR('',#1619,1.);
#1619 = DIRECTION('',(1.,0.));
#1620 = ( GEOMETRIC_REPRESENTATION_CONTEXT(2) 
PARAMETRIC_REPRESENTATION_CONTEXT() REPRESENTATION_CONTEXT('2D SPACE',''
  ) );
#1621 = ORIENTED_EDGE('',*,*,#1622,.T.);
#1622 = EDGE_CURVE('',#1594,#1448,#1623,.T.);
#1623 = SURFACE_CURVE('',#1624,(#1628,#1635),.PCURVE_S1.);
#1624 = LINE('',#1625,#1626);
#1625 = CARTESIAN_POINT('',(0.,0.,29.));
#1626 = VECTOR('',#1627,1.);
#1627 = DIRECTION('',(-0.926907348366,-0.375290244404,0.));
#1628 = PCURVE('',#1471,#1629);
#1629 = DEFINITIONAL_REPRESENTATION('',(#1630),#1634);
#1630 = LINE('',#1631,#1632);
#1631 = CARTESIAN_POINT('',(0.,0.));
#1632 = VECTOR('',#1633,1.);
#1633 = DIRECTION('',(1.,0.));
#1634 = ( GEOMETRIC_REPRESENTATION_CONTEXT(2) 
PARAMETRIC_REPRESENTATION_CONTEXT() REPRESENTATION_CONTEXT('2D SPACE',''
  ) );
#1635 = PCURVE('',#1499,#1636);
#1636 = DEFINITIONAL_REPRESENTATION('',(#1637),#1641);
#1637 = LINE('',#1638,#1639);
#1638 = CARTESIAN_POINT('',(0.,1.5));
#1639 = VECTOR('',#1640,1.);
#1640 = DIRECTION('',(1.,0.));
#1641 = ( GEOMETRIC_REPRESENTATION_CONTEXT(2) 
PARAMETRIC_REPRESENTATION_CONTEXT() REPRESENTATION_CONTEXT('2D SPACE',''
  ) );
#1642 = ADVANCED_FACE('',(#1643),#1554,.F.);
#1643 = FACE_BOUND('',#1644,.F.);
#1644 = EDGE_LOOP('',(#1645,#1646,#1667,#1688));
#1645 = ORIENTED_EDGE('',*,*,#1570,.F.);
#1646 = ORIENTED_EDGE('',*,*,#1647,.F.);
#1647 = EDGE_CURVE('',#1648,#1571,#1650,.T.);
#1648 = VERTEX_POINT('',#1649);
#1649 = CARTESIAN_POINT('',(-1.185887854795,-1.610487502544,27.5));
#1650 = SURFACE_CURVE('',#1651,(#1655,#1661),.PCURVE_S1.);
#1651 = LINE('',#1652,#1653);
#1652 = CARTESIAN_POINT('',(-1.185887854795,-1.610487502544,26.5));
#1653 = VECTOR('',#1654,1.);
#1654 = DIRECTION('',(0.,0.,1.));
#1655 = PCURVE('',#1554,#1656);
#1656 = DEFINITIONAL_REPRESENTATION('',(#1657),#1660);
#1657 = B_SPLINE_CURVE_WITH_KNOTS('',1,(#1658,#1659),.UNSPECIFIED.,.F.,
  .F.,(2,2),(0.85,2.65),.PIECEWISE_BEZIER_KNOTS.);
#1658 = CARTESIAN_POINT('',(2.,-0.15));
#1659 = CARTESIAN_POINT('',(2.,1.65));
#1660 = ( GEOMETRIC_REPRESENTATION_CONTEXT(2) 
PARAMETRIC_REPRESENTATION_CONTEXT() REPRESENTATION_CONTEXT('2D SPACE',''
  ) );
#1661 = PCURVE('',#1610,#1662);
#1662 = DEFINITIONAL_REPRESENTATION('',(#1663),#1666);
#1663 = B_SPLINE_CURVE_WITH_KNOTS('',1,(#1664,#1665),.UNSPECIFIED.,.F.,
  .F.,(2,2),(0.85,2.65),.PIECEWISE_BEZIER_KNOTS.);
#1664 = CARTESIAN_POINT('',(0.551376553376,0.85));
#1665 = CARTESIAN_POINT('',(0.551376553376,2.65));
#1666 = ( GEOMETRIC_REPRESENTATION_CONTEXT(2) 
PARAMETRIC_REPRESENTATION_CONTEXT() REPRESENTATION_CONTEXT('2D SPACE',''
  ) );
#1667 = ORIENTED_EDGE('',*,*,#1668,.T.);
#1668 = EDGE_CURVE('',#1648,#1512,#1669,.T.);
#1669 = SURFACE_CURVE('',#1670,(#1674,#1681),.PCURVE_S1.);
#1670 = LINE('',#1671,#1672);
#1671 = CARTESIAN_POINT('',(0.,0.,27.5));
#1672 = VECTOR('',#1673,1.);
#1673 = DIRECTION('',(-0.592943927397,-0.805243751272,0.));
#1674 = PCURVE('',#1554,#1675);
#1675 = DEFINITIONAL_REPRESENTATION('',(#1676),#1680);
#1676 = LINE('',#1677,#1678);
#1677 = CARTESIAN_POINT('',(0.,0.));
#1678 = VECTOR('',#1679,1.);
#1679 = DIRECTION('',(1.,0.));
#1680 = ( GEOMETRIC_REPRESENTATION_CONTEXT(2) 
PARAMETRIC_REPRESENTATION_CONTEXT() REPRESENTATION_CONTEXT('2D SPACE',''
  ) );
#1681 = PCURVE('',#1528,#1682);
#1682 = DEFINITIONAL_REPRESENTATION('',(#1683),#1687);
#1683 = LINE('',#1684,#1685);
#1684 = CARTESIAN_POINT('',(0.,0.));
#1685 = VECTOR('',#1686,1.);
#1686 = DIRECTION('',(0.851804207693,0.523860278849));
#1687 = ( GEOMETRIC_REPRESENTATION_CONTEXT(2) 
PARAMETRIC_REPRESENTATION_CONTEXT() REPRESENTATION_CONTEXT('2D SPACE',''
  ) );
#1688 = ORIENTED_EDGE('',*,*,#1540,.T.);
#1689 = ADVANCED_FACE('',(#1690),#1528,.F.);
#1690 = FACE_BOUND('',#1691,.F.);
#1691 = EDGE_LOOP('',(#1692,#1693,#1694,#1718));
#1692 = ORIENTED_EDGE('',*,*,#1511,.T.);
#1693 = ORIENTED_EDGE('',*,*,#1668,.F.);
#1694 = ORIENTED_EDGE('',*,*,#1695,.F.);
#1695 = EDGE_CURVE('',#1696,#1648,#1698,.T.);
#1696 = VERTEX_POINT('',#1697);
#1697 = CARTESIAN_POINT('',(-1.853814696733,-0.750580488807,27.5));
#1698 = SURFACE_CURVE('',#1699,(#1704,#1711),.PCURVE_S1.);
#1699 = CIRCLE('',#1700,2.);
#1700 = AXIS2_PLACEMENT_3D('',#1701,#1702,#1703);
#1701 = CARTESIAN_POINT('',(0.,0.,27.5));
#1702 = DIRECTION('',(0.,0.,1.));
#1703 = DIRECTION('',(-0.926907348366,-0.375290244404,0.));
#1704 = PCURVE('',#1528,#1705);
#1705 = DEFINITIONAL_REPRESENTATION('',(#1706),#1710);
#1706 = CIRCLE('',#1707,2.);
#1707 = AXIS2_PLACEMENT_2D('',#1708,#1709);
#1708 = CARTESIAN_POINT('',(0.,0.));
#1709 = DIRECTION('',(1.,0.));
#1710 = ( GEOMETRIC_REPRESENTATION_CONTEXT(2) 
PARAMETRIC_REPRESENTATION_CONTEXT() REPRESENTATION_CONTEXT('2D SPACE',''
  ) );
#1711 = PCURVE('',#1610,#1712);
#1712 = DEFINITIONAL_REPRESENTATION('',(#1713),#1717);
#1713 = LINE('',#1714,#1715);
#1714 = CARTESIAN_POINT('',(0.,1.));
#1715 = VECTOR('',#1716,1.);
#1716 = DIRECTION('',(1.,0.));
#1717 = ( GEOMETRIC_REPRESENTATION_CONTEXT(2) 
PARAMETRIC_REPRESENTATION_CONTEXT() REPRESENTATION_CONTEXT('2D SPACE',''
  ) );
#1718 = ORIENTED_EDGE('',*,*,#1719,.T.);
#1719 = EDGE_CURVE('',#1696,#1484,#1720,.T.);
#1720 = SURFACE_CURVE('',#1721,(#1725,#1732),.PCURVE_S1.);
#1721 = LINE('',#1722,#1723);
#1722 = CARTESIAN_POINT('',(0.,0.,27.5));
#1723 = VECTOR('',#1724,1.);
#1724 = DIRECTION('',(-0.926907348366,-0.375290244404,0.));
#1725 = PCURVE('',#1528,#1726);
#1726 = DEFINITIONAL_REPRESENTATION('',(#1727),#1731);
#1727 = LINE('',#1728,#1729);
#1728 = CARTESIAN_POINT('',(0.,0.));
#1729 = VECTOR('',#1730,1.);
#1730 = DIRECTION('',(1.,0.));
#1731 = ( GEOMETRIC_REPRESENTATION_CONTEXT(2) 
PARAMETRIC_REPRESENTATION_CONTEXT() REPRESENTATION_CONTEXT('2D SPACE',''
  ) );
#1732 = PCURVE('',#1499,#1733);
#1733 = DEFINITIONAL_REPRESENTATION('',(#1734),#1738);
#1734 = LINE('',#1735,#1736);
#1735 = CARTESIAN_POINT('',(0.,0.));
#1736 = VECTOR('',#1737,1.);
#1737 = DIRECTION('',(1.,0.));
#1738 = ( GEOMETRIC_REPRESENTATION_CONTEXT(2) 
PARAMETRIC_REPRESENTATION_CONTEXT() REPRESENTATION_CONTEXT('2D SPACE',''
  ) );
#1739 = ADVANCED_FACE('',(#1740),#1499,.T.);
#1740 = FACE_BOUND('',#1741,.T.);
#1741 = EDGE_LOOP('',(#1742,#1763,#1764,#1765));
#1742 = ORIENTED_EDGE('',*,*,#1743,.F.);
#1743 = EDGE_CURVE('',#1696,#1594,#1744,.T.);
#1744 = SURFACE_CURVE('',#1745,(#1749,#1756),.PCURVE_S1.);
#1745 = LINE('',#1746,#1747);
#1746 = CARTESIAN_POINT('',(-1.853814696733,-0.750580488807,26.5));
#1747 = VECTOR('',#1748,1.);
#1748 = DIRECTION('',(0.,0.,1.));
#1749 = PCURVE('',#1499,#1750);
#1750 = DEFINITIONAL_REPRESENTATION('',(#1751),#1755);
#1751 = LINE('',#1752,#1753);
#1752 = CARTESIAN_POINT('',(2.,-1.));
#1753 = VECTOR('',#1754,1.);
#1754 = DIRECTION('',(0.,1.));
#1755 = ( GEOMETRIC_REPRESENTATION_CONTEXT(2) 
PARAMETRIC_REPRESENTATION_CONTEXT() REPRESENTATION_CONTEXT('2D SPACE',''
  ) );
#1756 = PCURVE('',#1610,#1757);
#1757 = DEFINITIONAL_REPRESENTATION('',(#1758),#1762);
#1758 = LINE('',#1759,#1760);
#1759 = CARTESIAN_POINT('',(0.,-0.));
#1760 = VECTOR('',#1761,1.);
#1761 = DIRECTION('',(0.,1.));
#1762 = ( GEOMETRIC_REPRESENTATION_CONTEXT(2) 
PARAMETRIC_REPRESENTATION_CONTEXT() REPRESENTATION_CONTEXT('2D SPACE',''
  ) );
#1763 = ORIENTED_EDGE('',*,*,#1719,.T.);
#1764 = ORIENTED_EDGE('',*,*,#1483,.T.);
#1765 = ORIENTED_EDGE('',*,*,#1622,.F.);
#1766 = ADVANCED_FACE('',(#1767),#1610,.F.);
#1767 = FACE_BOUND('',#1768,.F.);
#1768 = EDGE_LOOP('',(#1769,#1770,#1771,#1772));
#1769 = ORIENTED_EDGE('',*,*,#1593,.F.);
#1770 = ORIENTED_EDGE('',*,*,#1743,.F.);
#1771 = ORIENTED_EDGE('',*,*,#1695,.T.);
#1772 = ORIENTED_EDGE('',*,*,#1647,.T.);
#1773 = MANIFOLD_SOLID_BREP('',#1774);
#1774 = CLOSED_SHELL('',(#1775,#1897,#1974,#2021,#2071,#2098));
#1775 = ADVANCED_FACE('',(#1776),#1791,.T.);
#1776 = FACE_BOUND('',#1777,.T.);
#1777 = EDGE_LOOP('',(#1778,#1814,#1842,#1871));
#1778 = ORIENTED_EDGE('',*,*,#1779,.F.);
#1779 = EDGE_CURVE('',#1780,#1782,#1784,.T.);
#1780 = VERTEX_POINT('',#1781);
#1781 = CARTESIAN_POINT('',(-35.50115633626,5.972260776963,36.25));
#1782 = VERTEX_POINT('',#1783);
#1783 = CARTESIAN_POINT('',(-33.36866454118,-13.51044879853,36.25));
#1784 = SURFACE_CURVE('',#1785,(#1790,#1802),.PCURVE_S1.);
#1785 = CIRCLE('',#1786,36.);
#1786 = AXIS2_PLACEMENT_3D('',#1787,#1788,#1789);
#1787 = CARTESIAN_POINT('',(0.,0.,36.25));
#1788 = DIRECTION('',(0.,0.,1.));
#1789 = DIRECTION('',(-0.986143231563,0.165896132693,0.));
#1790 = PCURVE('',#1791,#1796);
#1791 = CYLINDRICAL_SURFACE('',#1792,36.);
#1792 = AXIS2_PLACEMENT_3D('',#1793,#1794,#1795);
#1793 = CARTESIAN_POINT('',(0.,0.,34.75));
#1794 = DIRECTION('',(0.,0.,1.));
#1795 = DIRECTION('',(-0.986143231563,0.165896132693,0.));
#1796 = DEFINITIONAL_REPRESENTATION('',(#1797),#1801);
#1797 = LINE('',#1798,#1799);
#1798 = CARTESIAN_POINT('',(0.,1.5));
#1799 = VECTOR('',#1800,1.);
#1800 = DIRECTION('',(1.,0.));
#1801 = ( GEOMETRIC_REPRESENTATION_CONTEXT(2) 
PARAMETRIC_REPRESENTATION_CONTEXT() REPRESENTATION_CONTEXT('2D SPACE',''
  ) );
#1802 = PCURVE('',#1803,#1808);
#1803 = PLANE('',#1804);
#1804 = AXIS2_PLACEMENT_3D('',#1805,#1806,#1807);
#1805 = CARTESIAN_POINT('',(0.,0.,36.25));
#1806 = DIRECTION('',(0.,0.,1.));
#1807 = DIRECTION('',(-0.986143231563,0.165896132693,0.));
#1808 = DEFINITIONAL_REPRESENTATION('',(#1809),#1813);
#1809 = CIRCLE('',#1810,36.);
#1810 = AXIS2_PLACEMENT_2D('',#1811,#1812);
#1811 = CARTESIAN_POINT('',(0.,0.));
#1812 = DIRECTION('',(1.,0.));
#1813 = ( GEOMETRIC_REPRESENTATION_CONTEXT(2) 
PARAMETRIC_REPRESENTATION_CONTEXT() REPRESENTATION_CONTEXT('2D SPACE',''
  ) );
#1814 = ORIENTED_EDGE('',*,*,#1815,.F.);
#1815 = EDGE_CURVE('',#1816,#1780,#1818,.T.);
#1816 = VERTEX_POINT('',#1817);
#1817 = CARTESIAN_POINT('',(-35.50115633626,5.972260776963,34.75));
#1818 = SURFACE_CURVE('',#1819,(#1823,#1830),.PCURVE_S1.);
#1819 = LINE('',#1820,#1821);
#1820 = CARTESIAN_POINT('',(-35.50115633626,5.972260776963,34.75));
#1821 = VECTOR('',#1822,1.);
#1822 = DIRECTION('',(0.,0.,1.));
#1823 = PCURVE('',#1791,#1824);
#1824 = DEFINITIONAL_REPRESENTATION('',(#1825),#1829);
#1825 = LINE('',#1826,#1827);
#1826 = CARTESIAN_POINT('',(0.,-0.));
#1827 = VECTOR('',#1828,1.);
#1828 = DIRECTION('',(0.,1.));
#1829 = ( GEOMETRIC_REPRESENTATION_CONTEXT(2) 
PARAMETRIC_REPRESENTATION_CONTEXT() REPRESENTATION_CONTEXT('2D SPACE',''
  ) );
#1830 = PCURVE('',#1831,#1836);
#1831 = PLANE('',#1832);
#1832 = AXIS2_PLACEMENT_3D('',#1833,#1834,#1835);
#1833 = CARTESIAN_POINT('',(0.,0.,34.75));
#1834 = DIRECTION('',(0.165896132693,0.986143231563,0.));
#1835 = DIRECTION('',(-0.986143231563,0.165896132693,0.));
#1836 = DEFINITIONAL_REPRESENTATION('',(#1837),#1841);
#1837 = LINE('',#1838,#1839);
#1838 = CARTESIAN_POINT('',(36.,0.));
#1839 = VECTOR('',#1840,1.);
#1840 = DIRECTION('',(0.,1.));
#1841 = ( GEOMETRIC_REPRESENTATION_CONTEXT(2) 
PARAMETRIC_REPRESENTATION_CONTEXT() REPRESENTATION_CONTEXT('2D SPACE',''
  ) );
#1842 = ORIENTED_EDGE('',*,*,#1843,.T.);
#1843 = EDGE_CURVE('',#1816,#1844,#1846,.T.);
#1844 = VERTEX_POINT('',#1845);
#1845 = CARTESIAN_POINT('',(-33.36866454118,-13.51044879853,34.75));
#1846 = SURFACE_CURVE('',#1847,(#1852,#1859),.PCURVE_S1.);
#1847 = CIRCLE('',#1848,36.);
#1848 = AXIS2_PLACEMENT_3D('',#1849,#1850,#1851);
#1849 = CARTESIAN_POINT('',(0.,0.,34.75));
#1850 = DIRECTION('',(0.,0.,1.));
#1851 = DIRECTION('',(-0.986143231563,0.165896132693,0.));
#1852 = PCURVE('',#1791,#1853);
#1853 = DEFINITIONAL_REPRESENTATION('',(#1854),#1858);
#1854 = LINE('',#1855,#1856);
#1855 = CARTESIAN_POINT('',(0.,0.));
#1856 = VECTOR('',#1857,1.);
#1857 = DIRECTION('',(1.,0.));
#1858 = ( GEOMETRIC_REPRESENTATION_CONTEXT(2) 
PARAMETRIC_REPRESENTATION_CONTEXT() REPRESENTATION_CONTEXT('2D SPACE',''
  ) );
#1859 = PCURVE('',#1860,#1865);
#1860 = PLANE('',#1861);
#1861 = AXIS2_PLACEMENT_3D('',#1862,#1863,#1864);
#1862 = CARTESIAN_POINT('',(0.,0.,34.75));
#1863 = DIRECTION('',(0.,0.,1.));
#1864 = DIRECTION('',(-0.986143231563,0.165896132693,0.));
#1865 = DEFINITIONAL_REPRESENTATION('',(#1866),#1870);
#1866 = CIRCLE('',#1867,36.);
#1867 = AXIS2_PLACEMENT_2D('',#1868,#1869);
#1868 = CARTESIAN_POINT('',(0.,0.));
#1869 = DIRECTION('',(1.,0.));
#1870 = ( GEOMETRIC_REPRESENTATION_CONTEXT(2) 
PARAMETRIC_REPRESENTATION_CONTEXT() REPRESENTATION_CONTEXT('2D SPACE',''
  ) );
#1871 = ORIENTED_EDGE('',*,*,#1872,.T.);
#1872 = EDGE_CURVE('',#1844,#1782,#1873,.T.);
#1873 = SURFACE_CURVE('',#1874,(#1878,#1885),.PCURVE_S1.);
#1874 = LINE('',#1875,#1876);
#1875 = CARTESIAN_POINT('',(-33.36866454118,-13.51044879853,34.75));
#1876 = VECTOR('',#1877,1.);
#1877 = DIRECTION('',(0.,0.,1.));
#1878 = PCURVE('',#1791,#1879);
#1879 = DEFINITIONAL_REPRESENTATION('',(#1880),#1884);
#1880 = LINE('',#1881,#1882);
#1881 = CARTESIAN_POINT('',(0.551376553376,-0.));
#1882 = VECTOR('',#1883,1.);
#1883 = DIRECTION('',(0.,1.));
#1884 = ( GEOMETRIC_REPRESENTATION_CONTEXT(2) 
PARAMETRIC_REPRESENTATION_CONTEXT() REPRESENTATION_CONTEXT('2D SPACE',''
  ) );
#1885 = PCURVE('',#1886,#1891);
#1886 = PLANE('',#1887);
#1887 = AXIS2_PLACEMENT_3D('',#1888,#1889,#1890);
#1888 = CARTESIAN_POINT('',(0.,0.,34.75));
#1889 = DIRECTION('',(-0.375290244404,0.926907348366,0.));
#1890 = DIRECTION('',(-0.926907348366,-0.375290244404,0.));
#1891 = DEFINITIONAL_REPRESENTATION('',(#1892),#1896);
#1892 = LINE('',#1893,#1894);
#1893 = CARTESIAN_POINT('',(36.,0.));
#1894 = VECTOR('',#1895,1.);
#1895 = DIRECTION('',(0.,1.));
#1896 = ( GEOMETRIC_REPRESENTATION_CONTEXT(2) 
PARAMETRIC_REPRESENTATION_CONTEXT() REPRESENTATION_CONTEXT('2D SPACE',''
  ) );
#1897 = ADVANCED_FACE('',(#1898),#1803,.T.);
#1898 = FACE_BOUND('',#1899,.T.);
#1899 = EDGE_LOOP('',(#1900,#1901,#1924,#1953));
#1900 = ORIENTED_EDGE('',*,*,#1779,.T.);
#1901 = ORIENTED_EDGE('',*,*,#1902,.F.);
#1902 = EDGE_CURVE('',#1903,#1782,#1905,.T.);
#1903 = VERTEX_POINT('',#1904);
#1904 = CARTESIAN_POINT('',(-1.853814696733,-0.750580488807,36.25));
#1905 = SURFACE_CURVE('',#1906,(#1910,#1917),.PCURVE_S1.);
#1906 = LINE('',#1907,#1908);
#1907 = CARTESIAN_POINT('',(0.,0.,36.25));
#1908 = VECTOR('',#1909,1.);
#1909 = DIRECTION('',(-0.926907348366,-0.375290244404,0.));
#1910 = PCURVE('',#1803,#1911);
#1911 = DEFINITIONAL_REPRESENTATION('',(#1912),#1916);
#1912 = LINE('',#1913,#1914);
#1913 = CARTESIAN_POINT('',(0.,0.));
#1914 = VECTOR('',#1915,1.);
#1915 = DIRECTION('',(0.851804207693,0.523860278849));
#1916 = ( GEOMETRIC_REPRESENTATION_CONTEXT(2) 
PARAMETRIC_REPRESENTATION_CONTEXT() REPRESENTATION_CONTEXT('2D SPACE',''
  ) );
#1917 = PCURVE('',#1886,#1918);
#1918 = DEFINITIONAL_REPRESENTATION('',(#1919),#1923);
#1919 = LINE('',#1920,#1921);
#1920 = CARTESIAN_POINT('',(0.,1.5));
#1921 = VECTOR('',#1922,1.);
#1922 = DIRECTION('',(1.,0.));
#1923 = ( GEOMETRIC_REPRESENTATION_CONTEXT(2) 
PARAMETRIC_REPRESENTATION_CONTEXT() REPRESENTATION_CONTEXT('2D SPACE',''
  ) );
#1924 = ORIENTED_EDGE('',*,*,#1925,.F.);
#1925 = EDGE_CURVE('',#1926,#1903,#1928,.T.);
#1926 = VERTEX_POINT('',#1927);
#1927 = CARTESIAN_POINT('',(-1.972286463126,0.331792265387,36.25));
#1928 = SURFACE_CURVE('',#1929,(#1934,#1941),.PCURVE_S1.);
#1929 = CIRCLE('',#1930,2.);
#1930 = AXIS2_PLACEMENT_3D('',#1931,#1932,#1933);
#1931 = CARTESIAN_POINT('',(0.,0.,36.25));
#1932 = DIRECTION('',(0.,0.,1.));
#1933 = DIRECTION('',(-0.986143231563,0.165896132693,0.));
#1934 = PCURVE('',#1803,#1935);
#1935 = DEFINITIONAL_REPRESENTATION('',(#1936),#1940);
#1936 = CIRCLE('',#1937,2.);
#1937 = AXIS2_PLACEMENT_2D('',#1938,#1939);
#1938 = CARTESIAN_POINT('',(0.,0.));
#1939 = DIRECTION('',(1.,0.));
#1940 = ( GEOMETRIC_REPRESENTATION_CONTEXT(2) 
PARAMETRIC_REPRESENTATION_CONTEXT() REPRESENTATION_CONTEXT('2D SPACE',''
  ) );
#1941 = PCURVE('',#1942,#1947);
#1942 = CYLINDRICAL_SURFACE('',#1943,2.);
#1943 = AXIS2_PLACEMENT_3D('',#1944,#1945,#1946);
#1944 = CARTESIAN_POINT('',(0.,0.,33.75));
#1945 = DIRECTION('',(0.,0.,1.));
#1946 = DIRECTION('',(-0.986143231563,0.165896132693,0.));
#1947 = DEFINITIONAL_REPRESENTATION('',(#1948),#1952);
#1948 = LINE('',#1949,#1950);
#1949 = CARTESIAN_POINT('',(0.,2.5));
#1950 = VECTOR('',#1951,1.);
#1951 = DIRECTION('',(1.,0.));
#1952 = ( GEOMETRIC_REPRESENTATION_CONTEXT(2) 
PARAMETRIC_REPRESENTATION_CONTEXT() REPRESENTATION_CONTEXT('2D SPACE',''
  ) );
#1953 = ORIENTED_EDGE('',*,*,#1954,.T.);
#1954 = EDGE_CURVE('',#1926,#1780,#1955,.T.);
#1955 = SURFACE_CURVE('',#1956,(#1960,#1967),.PCURVE_S1.);
#1956 = LINE('',#1957,#1958);
#1957 = CARTESIAN_POINT('',(0.,0.,36.25));
#1958 = VECTOR('',#1959,1.);
#1959 = DIRECTION('',(-0.986143231563,0.165896132693,0.));
#1960 = PCURVE('',#1803,#1961);
#1961 = DEFINITIONAL_REPRESENTATION('',(#1962),#1966);
#1962 = LINE('',#1963,#1964);
#1963 = CARTESIAN_POINT('',(0.,0.));
#1964 = VECTOR('',#1965,1.);
#1965 = DIRECTION('',(1.,0.));
#1966 = ( GEOMETRIC_REPRESENTATION_CONTEXT(2) 
PARAMETRIC_REPRESENTATION_CONTEXT() REPRESENTATION_CONTEXT('2D SPACE',''
  ) );
#1967 = PCURVE('',#1831,#1968);
#1968 = DEFINITIONAL_REPRESENTATION('',(#1969),#1973);
#1969 = LINE('',#1970,#1971);
#1970 = CARTESIAN_POINT('',(0.,1.5));
#1971 = VECTOR('',#1972,1.);
#1972 = DIRECTION('',(1.,0.));
#1973 = ( GEOMETRIC_REPRESENTATION_CONTEXT(2) 
PARAMETRIC_REPRESENTATION_CONTEXT() REPRESENTATION_CONTEXT('2D SPACE',''
  ) );
#1974 = ADVANCED_FACE('',(#1975),#1886,.F.);
#1975 = FACE_BOUND('',#1976,.F.);
#1976 = EDGE_LOOP('',(#1977,#1978,#1999,#2020));
#1977 = ORIENTED_EDGE('',*,*,#1902,.F.);
#1978 = ORIENTED_EDGE('',*,*,#1979,.F.);
#1979 = EDGE_CURVE('',#1980,#1903,#1982,.T.);
#1980 = VERTEX_POINT('',#1981);
#1981 = CARTESIAN_POINT('',(-1.853814696733,-0.750580488807,34.75));
#1982 = SURFACE_CURVE('',#1983,(#1987,#1993),.PCURVE_S1.);
#1983 = LINE('',#1984,#1985);
#1984 = CARTESIAN_POINT('',(-1.853814696733,-0.750580488807,33.75));
#1985 = VECTOR('',#1986,1.);
#1986 = DIRECTION('',(0.,0.,1.));
#1987 = PCURVE('',#1886,#1988);
#1988 = DEFINITIONAL_REPRESENTATION('',(#1989),#1992);
#1989 = B_SPLINE_CURVE_WITH_KNOTS('',1,(#1990,#1991),.UNSPECIFIED.,.F.,
  .F.,(2,2),(0.85,2.65),.PIECEWISE_BEZIER_KNOTS.);
#1990 = CARTESIAN_POINT('',(2.,-0.15));
#1991 = CARTESIAN_POINT('',(2.,1.65));
#1992 = ( GEOMETRIC_REPRESENTATION_CONTEXT(2) 
PARAMETRIC_REPRESENTATION_CONTEXT() REPRESENTATION_CONTEXT('2D SPACE',''
  ) );
#1993 = PCURVE('',#1942,#1994);
#1994 = DEFINITIONAL_REPRESENTATION('',(#1995),#1998);
#1995 = B_SPLINE_CURVE_WITH_KNOTS('',1,(#1996,#1997),.UNSPECIFIED.,.F.,
  .F.,(2,2),(0.85,2.65),.PIECEWISE_BEZIER_KNOTS.);
#1996 = CARTESIAN_POINT('',(0.551376553376,0.85));
#1997 = CARTESIAN_POINT('',(0.551376553376,2.65));
#1998 = ( GEOMETRIC_REPRESENTATION_CONTEXT(2) 
PARAMETRIC_REPRESENTATION_CONTEXT() REPRESENTATION_CONTEXT('2D SPACE',''
  ) );
#1999 = ORIENTED_EDGE('',*,*,#2000,.T.);
#2000 = EDGE_CURVE('',#1980,#1844,#2001,.T.);
#2001 = SURFACE_CURVE('',#2002,(#2006,#2013),.PCURVE_S1.);
#2002 = LINE('',#2003,#2004);
#2003 = CARTESIAN_POINT('',(0.,0.,34.75));
#2004 = VECTOR('',#2005,1.);
#2005 = DIRECTION('',(-0.926907348366,-0.375290244404,0.));
#2006 = PCURVE('',#1886,#2007);
#2007 = DEFINITIONAL_REPRESENTATION('',(#2008),#2012);
#2008 = LINE('',#2009,#2010);
#2009 = CARTESIAN_POINT('',(0.,0.));
#2010 = VECTOR('',#2011,1.);
#2011 = DIRECTION('',(1.,0.));
#2012 = ( GEOMETRIC_REPRESENTATION_CONTEXT(2) 
PARAMETRIC_REPRESENTATION_CONTEXT() REPRESENTATION_CONTEXT('2D SPACE',''
  ) );
#2013 = PCURVE('',#1860,#2014);
#2014 = DEFINITIONAL_REPRESENTATION('',(#2015),#2019);
#2015 = LINE('',#2016,#2017);
#2016 = CARTESIAN_POINT('',(0.,0.));
#2017 = VECTOR('',#2018,1.);
#2018 = DIRECTION('',(0.851804207693,0.523860278849));
#2019 = ( GEOMETRIC_REPRESENTATION_CONTEXT(2) 
PARAMETRIC_REPRESENTATION_CONTEXT() REPRESENTATION_CONTEXT('2D SPACE',''
  ) );
#2020 = ORIENTED_EDGE('',*,*,#1872,.T.);
#2021 = ADVANCED_FACE('',(#2022),#1860,.F.);
#2022 = FACE_BOUND('',#2023,.F.);
#2023 = EDGE_LOOP('',(#2024,#2025,#2026,#2050));
#2024 = ORIENTED_EDGE('',*,*,#1843,.T.);
#2025 = ORIENTED_EDGE('',*,*,#2000,.F.);
#2026 = ORIENTED_EDGE('',*,*,#2027,.F.);
#2027 = EDGE_CURVE('',#2028,#1980,#2030,.T.);
#2028 = VERTEX_POINT('',#2029);
#2029 = CARTESIAN_POINT('',(-1.972286463126,0.331792265387,34.75));
#2030 = SURFACE_CURVE('',#2031,(#2036,#2043),.PCURVE_S1.);
#2031 = CIRCLE('',#2032,2.);
#2032 = AXIS2_PLACEMENT_3D('',#2033,#2034,#2035);
#2033 = CARTESIAN_POINT('',(0.,0.,34.75));
#2034 = DIRECTION('',(0.,0.,1.));
#2035 = DIRECTION('',(-0.986143231563,0.165896132693,0.));
#2036 = PCURVE('',#1860,#2037);
#2037 = DEFINITIONAL_REPRESENTATION('',(#2038),#2042);
#2038 = CIRCLE('',#2039,2.);
#2039 = AXIS2_PLACEMENT_2D('',#2040,#2041);
#2040 = CARTESIAN_POINT('',(0.,0.));
#2041 = DIRECTION('',(1.,0.));
#2042 = ( GEOMETRIC_REPRESENTATION_CONTEXT(2) 
PARAMETRIC_REPRESENTATION_CONTEXT() REPRESENTATION_CONTEXT('2D SPACE',''
  ) );
#2043 = PCURVE('',#1942,#2044);
#2044 = DEFINITIONAL_REPRESENTATION('',(#2045),#2049);
#2045 = LINE('',#2046,#2047);
#2046 = CARTESIAN_POINT('',(0.,1.));
#2047 = VECTOR('',#2048,1.);
#2048 = DIRECTION('',(1.,0.));
#2049 = ( GEOMETRIC_REPRESENTATION_CONTEXT(2) 
PARAMETRIC_REPRESENTATION_CONTEXT() REPRESENTATION_CONTEXT('2D SPACE',''
  ) );
#2050 = ORIENTED_EDGE('',*,*,#2051,.T.);
#2051 = EDGE_CURVE('',#2028,#1816,#2052,.T.);
#2052 = SURFACE_CURVE('',#2053,(#2057,#2064),.PCURVE_S1.);
#2053 = LINE('',#2054,#2055);
#2054 = CARTESIAN_POINT('',(0.,0.,34.75));
#2055 = VECTOR('',#2056,1.);
#2056 = DIRECTION('',(-0.986143231563,0.165896132693,0.));
#2057 = PCURVE('',#1860,#2058);
#2058 = DEFINITIONAL_REPRESENTATION('',(#2059),#2063);
#2059 = LINE('',#2060,#2061);
#2060 = CARTESIAN_POINT('',(0.,0.));
#2061 = VECTOR('',#2062,1.);
#2062 = DIRECTION('',(1.,0.));
#2063 = ( GEOMETRIC_REPRESENTATION_CONTEXT(2) 
PARAMETRIC_REPRESENTATION_CONTEXT() REPRESENTATION_CONTEXT('2D SPACE',''
  ) );
#2064 = PCURVE('',#1831,#2065);
#2065 = DEFINITIONAL_REPRESENTATION('',(#2066),#2070);
#2066 = LINE('',#2067,#2068);
#2067 = CARTESIAN_POINT('',(0.,0.));
#2068 = VECTOR('',#2069,1.);
#2069 = DIRECTION('',(1.,0.));
#2070 = ( GEOMETRIC_REPRESENTATION_CONTEXT(2) 
PARAMETRIC_REPRESENTATION_CONTEXT() REPRESENTATION_CONTEXT('2D SPACE',''
  ) );
#2071 = ADVANCED_FACE('',(#2072),#1831,.T.);
#2072 = FACE_BOUND('',#2073,.T.);
#2073 = EDGE_LOOP('',(#2074,#2095,#2096,#2097));
#2074 = ORIENTED_EDGE('',*,*,#2075,.F.);
#2075 = EDGE_CURVE('',#2028,#1926,#2076,.T.);
#2076 = SURFACE_CURVE('',#2077,(#2081,#2088),.PCURVE_S1.);
#2077 = LINE('',#2078,#2079);
#2078 = CARTESIAN_POINT('',(-1.972286463126,0.331792265387,33.75));
#2079 = VECTOR('',#2080,1.);
#2080 = DIRECTION('',(0.,0.,1.));
#2081 = PCURVE('',#1831,#2082);
#2082 = DEFINITIONAL_REPRESENTATION('',(#2083),#2087);
#2083 = LINE('',#2084,#2085);
#2084 = CARTESIAN_POINT('',(2.,-1.));
#2085 = VECTOR('',#2086,1.);
#2086 = DIRECTION('',(0.,1.));
#2087 = ( GEOMETRIC_REPRESENTATION_CONTEXT(2) 
PARAMETRIC_REPRESENTATION_CONTEXT() REPRESENTATION_CONTEXT('2D SPACE',''
  ) );
#2088 = PCURVE('',#1942,#2089);
#2089 = DEFINITIONAL_REPRESENTATION('',(#2090),#2094);
#2090 = LINE('',#2091,#2092);
#2091 = CARTESIAN_POINT('',(0.,-0.));
#2092 = VECTOR('',#2093,1.);
#2093 = DIRECTION('',(0.,1.));
#2094 = ( GEOMETRIC_REPRESENTATION_CONTEXT(2) 
PARAMETRIC_REPRESENTATION_CONTEXT() REPRESENTATION_CONTEXT('2D SPACE',''
  ) );
#2095 = ORIENTED_EDGE('',*,*,#2051,.T.);
#2096 = ORIENTED_EDGE('',*,*,#1815,.T.);
#2097 = ORIENTED_EDGE('',*,*,#1954,.F.);
#2098 = ADVANCED_FACE('',(#2099),#1942,.F.);
#2099 = FACE_BOUND('',#2100,.F.);
#2100 = EDGE_LOOP('',(#2101,#2102,#2103,#2104));
#2101 = ORIENTED_EDGE('',*,*,#1925,.F.);
#2102 = ORIENTED_EDGE('',*,*,#2075,.F.);
#2103 = ORIENTED_EDGE('',*,*,#2027,.T.);
#2104 = ORIENTED_EDGE('',*,*,#1979,.T.);
#2105 = MANIFOLD_SOLID_BREP('',#2106);
#2106 = CLOSED_SHELL('',(#2107,#2229,#2306,#2353,#2403,#2430));
#2107 = ADVANCED_FACE('',(#2108),#2123,.T.);
#2108 = FACE_BOUND('',#2109,.T.);
#2109 = EDGE_LOOP('',(#2110,#2146,#2174,#2203));
#2110 = ORIENTED_EDGE('',*,*,#2111,.F.);
#2111 = EDGE_CURVE('',#2112,#2114,#2116,.T.);
#2112 = VERTEX_POINT('',#2113);
#2113 = CARTESIAN_POINT('',(-27.11140414922,23.684842517048,43.5));
#2114 = VERTEX_POINT('',#2115);
#2115 = CARTESIAN_POINT('',(-35.50115633626,5.972260776963,43.5));
#2116 = SURFACE_CURVE('',#2117,(#2122,#2134),.PCURVE_S1.);
#2117 = CIRCLE('',#2118,36.);
#2118 = AXIS2_PLACEMENT_3D('',#2119,#2120,#2121);
#2119 = CARTESIAN_POINT('',(0.,0.,43.5));
#2120 = DIRECTION('',(0.,0.,1.));
#2121 = DIRECTION('',(-0.753094559701,0.65791229214,0.));
#2122 = PCURVE('',#2123,#2128);
#2123 = CYLINDRICAL_SURFACE('',#2124,36.);
#2124 = AXIS2_PLACEMENT_3D('',#2125,#2126,#2127);
#2125 = CARTESIAN_POINT('',(0.,0.,42.));
#2126 = DIRECTION('',(0.,0.,1.));
#2127 = DIRECTION('',(-0.753094559701,0.65791229214,0.));
#2128 = DEFINITIONAL_REPRESENTATION('',(#2129),#2133);
#2129 = LINE('',#2130,#2131);
#2130 = CARTESIAN_POINT('',(0.,1.5));
#2131 = VECTOR('',#2132,1.);
#2132 = DIRECTION('',(1.,0.));
#2133 = ( GEOMETRIC_REPRESENTATION_CONTEXT(2) 
PARAMETRIC_REPRESENTATION_CONTEXT() REPRESENTATION_CONTEXT('2D SPACE',''
  ) );
#2134 = PCURVE('',#2135,#2140);
#2135 = PLANE('',#2136);
#2136 = AXIS2_PLACEMENT_3D('',#2137,#2138,#2139);
#2137 = CARTESIAN_POINT('',(0.,0.,43.5));
#2138 = DIRECTION('',(0.,0.,1.));
#2139 = DIRECTION('',(-0.753094559701,0.65791229214,0.));
#2140 = DEFINITIONAL_REPRESENTATION('',(#2141),#2145);
#2141 = CIRCLE('',#2142,36.);
#2142 = AXIS2_PLACEMENT_2D('',#2143,#2144);
#2143 = CARTESIAN_POINT('',(0.,0.));
#2144 = DIRECTION('',(1.,0.));
#2145 = ( GEOMETRIC_REPRESENTATION_CONTEXT(2) 
PARAMETRIC_REPRESENTATION_CONTEXT() REPRESENTATION_CONTEXT('2D SPACE',''
  ) );
#2146 = ORIENTED_EDGE('',*,*,#2147,.F.);
#2147 = EDGE_CURVE('',#2148,#2112,#2150,.T.);
#2148 = VERTEX_POINT('',#2149);
#2149 = CARTESIAN_POINT('',(-27.11140414922,23.684842517048,42.));
#2150 = SURFACE_CURVE('',#2151,(#2155,#2162),.PCURVE_S1.);
#2151 = LINE('',#2152,#2153);
#2152 = CARTESIAN_POINT('',(-27.11140414922,23.684842517048,42.));
#2153 = VECTOR('',#2154,1.);
#2154 = DIRECTION('',(0.,0.,1.));
#2155 = PCURVE('',#2123,#2156);
#2156 = DEFINITIONAL_REPRESENTATION('',(#2157),#2161);
#2157 = LINE('',#2158,#2159);
#2158 = CARTESIAN_POINT('',(0.,-0.));
#2159 = VECTOR('',#2160,1.);
#2160 = DIRECTION('',(0.,1.));
#2161 = ( GEOMETRIC_REPRESENTATION_CONTEXT(2) 
PARAMETRIC_REPRESENTATION_CONTEXT() REPRESENTATION_CONTEXT('2D SPACE',''
  ) );
#2162 = PCURVE('',#2163,#2168);
#2163 = PLANE('',#2164);
#2164 = AXIS2_PLACEMENT_3D('',#2165,#2166,#2167);
#2165 = CARTESIAN_POINT('',(0.,0.,42.));
#2166 = DIRECTION('',(0.65791229214,0.753094559701,0.));
#2167 = DIRECTION('',(-0.753094559701,0.65791229214,0.));
#2168 = DEFINITIONAL_REPRESENTATION('',(#2169),#2173);
#2169 = LINE('',#2170,#2171);
#2170 = CARTESIAN_POINT('',(36.,0.));
#2171 = VECTOR('',#2172,1.);
#2172 = DIRECTION('',(0.,1.));
#2173 = ( GEOMETRIC_REPRESENTATION_CONTEXT(2) 
PARAMETRIC_REPRESENTATION_CONTEXT() REPRESENTATION_CONTEXT('2D SPACE',''
  ) );
#2174 = ORIENTED_EDGE('',*,*,#2175,.T.);
#2175 = EDGE_CURVE('',#2148,#2176,#2178,.T.);
#2176 = VERTEX_POINT('',#2177);
#2177 = CARTESIAN_POINT('',(-35.50115633626,5.972260776963,42.));
#2178 = SURFACE_CURVE('',#2179,(#2184,#2191),.PCURVE_S1.);
#2179 = CIRCLE('',#2180,36.);
#2180 = AXIS2_PLACEMENT_3D('',#2181,#2182,#2183);
#2181 = CARTESIAN_POINT('',(0.,0.,42.));
#2182 = DIRECTION('',(0.,0.,1.));
#2183 = DIRECTION('',(-0.753094559701,0.65791229214,0.));
#2184 = PCURVE('',#2123,#2185);
#2185 = DEFINITIONAL_REPRESENTATION('',(#2186),#2190);
#2186 = LINE('',#2187,#2188);
#2187 = CARTESIAN_POINT('',(0.,0.));
#2188 = VECTOR('',#2189,1.);
#2189 = DIRECTION('',(1.,0.));
#2190 = ( GEOMETRIC_REPRESENTATION_CONTEXT(2) 
PARAMETRIC_REPRESENTATION_CONTEXT() REPRESENTATION_CONTEXT('2D SPACE',''
  ) );
#2191 = PCURVE('',#2192,#2197);
#2192 = PLANE('',#2193);
#2193 = AXIS2_PLACEMENT_3D('',#2194,#2195,#2196);
#2194 = CARTESIAN_POINT('',(0.,0.,42.));
#2195 = DIRECTION('',(0.,0.,1.));
#2196 = DIRECTION('',(-0.753094559701,0.65791229214,0.));
#2197 = DEFINITIONAL_REPRESENTATION('',(#2198),#2202);
#2198 = CIRCLE('',#2199,36.);
#2199 = AXIS2_PLACEMENT_2D('',#2200,#2201);
#2200 = CARTESIAN_POINT('',(0.,0.));
#2201 = DIRECTION('',(1.,0.));
#2202 = ( GEOMETRIC_REPRESENTATION_CONTEXT(2) 
PARAMETRIC_REPRESENTATION_CONTEXT() REPRESENTATION_CONTEXT('2D SPACE',''
  ) );
#2203 = ORIENTED_EDGE('',*,*,#2204,.T.);
#2204 = EDGE_CURVE('',#2176,#2114,#2205,.T.);
#2205 = SURFACE_CURVE('',#2206,(#2210,#2217),.PCURVE_S1.);
#2206 = LINE('',#2207,#2208);
#2207 = CARTESIAN_POINT('',(-35.50115633626,5.972260776963,42.));
#2208 = VECTOR('',#2209,1.);
#2209 = DIRECTION('',(0.,0.,1.));
#2210 = PCURVE('',#2123,#2211);
#2211 = DEFINITIONAL_REPRESENTATION('',(#2212),#2216);
#2212 = LINE('',#2213,#2214);
#2213 = CARTESIAN_POINT('',(0.551376553376,-0.));
#2214 = VECTOR('',#2215,1.);
#2215 = DIRECTION('',(0.,1.));
#2216 = ( GEOMETRIC_REPRESENTATION_CONTEXT(2) 
PARAMETRIC_REPRESENTATION_CONTEXT() REPRESENTATION_CONTEXT('2D SPACE',''
  ) );
#2217 = PCURVE('',#2218,#2223);
#2218 = PLANE('',#2219);
#2219 = AXIS2_PLACEMENT_3D('',#2220,#2221,#2222);
#2220 = CARTESIAN_POINT('',(0.,0.,42.));
#2221 = DIRECTION('',(0.165896132693,0.986143231563,0.));
#2222 = DIRECTION('',(-0.986143231563,0.165896132693,0.));
#2223 = DEFINITIONAL_REPRESENTATION('',(#2224),#2228);
#2224 = LINE('',#2225,#2226);
#2225 = CARTESIAN_POINT('',(36.,0.));
#2226 = VECTOR('',#2227,1.);
#2227 = DIRECTION('',(0.,1.));
#2228 = ( GEOMETRIC_REPRESENTATION_CONTEXT(2) 
PARAMETRIC_REPRESENTATION_CONTEXT() REPRESENTATION_CONTEXT('2D SPACE',''
  ) );
#2229 = ADVANCED_FACE('',(#2230),#2135,.T.);
#2230 = FACE_BOUND('',#2231,.T.);
#2231 = EDGE_LOOP('',(#2232,#2233,#2256,#2285));
#2232 = ORIENTED_EDGE('',*,*,#2111,.T.);
#2233 = ORIENTED_EDGE('',*,*,#2234,.F.);
#2234 = EDGE_CURVE('',#2235,#2114,#2237,.T.);
#2235 = VERTEX_POINT('',#2236);
#2236 = CARTESIAN_POINT('',(-1.972286463126,0.331792265387,43.5));
#2237 = SURFACE_CURVE('',#2238,(#2242,#2249),.PCURVE_S1.);
#2238 = LINE('',#2239,#2240);
#2239 = CARTESIAN_POINT('',(0.,0.,43.5));
#2240 = VECTOR('',#2241,1.);
#2241 = DIRECTION('',(-0.986143231563,0.165896132693,0.));
#2242 = PCURVE('',#2135,#2243);
#2243 = DEFINITIONAL_REPRESENTATION('',(#2244),#2248);
#2244 = LINE('',#2245,#2246);
#2245 = CARTESIAN_POINT('',(0.,0.));
#2246 = VECTOR('',#2247,1.);
#2247 = DIRECTION('',(0.851804207693,0.523860278849));
#2248 = ( GEOMETRIC_REPRESENTATION_CONTEXT(2) 
PARAMETRIC_REPRESENTATION_CONTEXT() REPRESENTATION_CONTEXT('2D SPACE',''
  ) );
#2249 = PCURVE('',#2218,#2250);
#2250 = DEFINITIONAL_REPRESENTATION('',(#2251),#2255);
#2251 = LINE('',#2252,#2253);
#2252 = CARTESIAN_POINT('',(0.,1.5));
#2253 = VECTOR('',#2254,1.);
#2254 = DIRECTION('',(1.,0.));
#2255 = ( GEOMETRIC_REPRESENTATION_CONTEXT(2) 
PARAMETRIC_REPRESENTATION_CONTEXT() REPRESENTATION_CONTEXT('2D SPACE',''
  ) );
#2256 = ORIENTED_EDGE('',*,*,#2257,.F.);
#2257 = EDGE_CURVE('',#2258,#2235,#2260,.T.);
#2258 = VERTEX_POINT('',#2259);
#2259 = CARTESIAN_POINT('',(-1.506189119401,1.31582458428,43.5));
#2260 = SURFACE_CURVE('',#2261,(#2266,#2273),.PCURVE_S1.);
#2261 = CIRCLE('',#2262,2.);
#2262 = AXIS2_PLACEMENT_3D('',#2263,#2264,#2265);
#2263 = CARTESIAN_POINT('',(0.,0.,43.5));
#2264 = DIRECTION('',(0.,0.,1.));
#2265 = DIRECTION('',(-0.753094559701,0.65791229214,0.));
#2266 = PCURVE('',#2135,#2267);
#2267 = DEFINITIONAL_REPRESENTATION('',(#2268),#2272);
#2268 = CIRCLE('',#2269,2.);
#2269 = AXIS2_PLACEMENT_2D('',#2270,#2271);
#2270 = CARTESIAN_POINT('',(0.,0.));
#2271 = DIRECTION('',(1.,0.));
#2272 = ( GEOMETRIC_REPRESENTATION_CONTEXT(2) 
PARAMETRIC_REPRESENTATION_CONTEXT() REPRESENTATION_CONTEXT('2D SPACE',''
  ) );
#2273 = PCURVE('',#2274,#2279);
#2274 = CYLINDRICAL_SURFACE('',#2275,2.);
#2275 = AXIS2_PLACEMENT_3D('',#2276,#2277,#2278);
#2276 = CARTESIAN_POINT('',(0.,0.,41.));
#2277 = DIRECTION('',(0.,0.,1.));
#2278 = DIRECTION('',(-0.753094559701,0.65791229214,0.));
#2279 = DEFINITIONAL_REPRESENTATION('',(#2280),#2284);
#2280 = LINE('',#2281,#2282);
#2281 = CARTESIAN_POINT('',(0.,2.5));
#2282 = VECTOR('',#2283,1.);
#2283 = DIRECTION('',(1.,0.));
#2284 = ( GEOMETRIC_REPRESENTATION_CONTEXT(2) 
PARAMETRIC_REPRESENTATION_CONTEXT() REPRESENTATION_CONTEXT('2D SPACE',''
  ) );
#2285 = ORIENTED_EDGE('',*,*,#2286,.T.);
#2286 = EDGE_CURVE('',#2258,#2112,#2287,.T.);
#2287 = SURFACE_CURVE('',#2288,(#2292,#2299),.PCURVE_S1.);
#2288 = LINE('',#2289,#2290);
#2289 = CARTESIAN_POINT('',(0.,0.,43.5));
#2290 = VECTOR('',#2291,1.);
#2291 = DIRECTION('',(-0.753094559701,0.65791229214,0.));
#2292 = PCURVE('',#2135,#2293);
#2293 = DEFINITIONAL_REPRESENTATION('',(#2294),#2298);
#2294 = LINE('',#2295,#2296);
#2295 = CARTESIAN_POINT('',(0.,0.));
#2296 = VECTOR('',#2297,1.);
#2297 = DIRECTION('',(1.,0.));
#2298 = ( GEOMETRIC_REPRESENTATION_CONTEXT(2) 
PARAMETRIC_REPRESENTATION_CONTEXT() REPRESENTATION_CONTEXT('2D SPACE',''
  ) );
#2299 = PCURVE('',#2163,#2300);
#2300 = DEFINITIONAL_REPRESENTATION('',(#2301),#2305);
#2301 = LINE('',#2302,#2303);
#2302 = CARTESIAN_POINT('',(0.,1.5));
#2303 = VECTOR('',#2304,1.);
#2304 = DIRECTION('',(1.,0.));
#2305 = ( GEOMETRIC_REPRESENTATION_CONTEXT(2) 
PARAMETRIC_REPRESENTATION_CONTEXT() REPRESENTATION_CONTEXT('2D SPACE',''
  ) );
#2306 = ADVANCED_FACE('',(#2307),#2218,.F.);
#2307 = FACE_BOUND('',#2308,.F.);
#2308 = EDGE_LOOP('',(#2309,#2310,#2331,#2352));
#2309 = ORIENTED_EDGE('',*,*,#2234,.F.);
#2310 = ORIENTED_EDGE('',*,*,#2311,.F.);
#2311 = EDGE_CURVE('',#2312,#2235,#2314,.T.);
#2312 = VERTEX_POINT('',#2313);
#2313 = CARTESIAN_POINT('',(-1.972286463126,0.331792265387,42.));
#2314 = SURFACE_CURVE('',#2315,(#2319,#2325),.PCURVE_S1.);
#2315 = LINE('',#2316,#2317);
#2316 = CARTESIAN_POINT('',(-1.972286463126,0.331792265387,41.));
#2317 = VECTOR('',#2318,1.);
#2318 = DIRECTION('',(0.,0.,1.));
#2319 = PCURVE('',#2218,#2320);
#2320 = DEFINITIONAL_REPRESENTATION('',(#2321),#2324);
#2321 = B_SPLINE_CURVE_WITH_KNOTS('',1,(#2322,#2323),.UNSPECIFIED.,.F.,
  .F.,(2,2),(0.85,2.65),.PIECEWISE_BEZIER_KNOTS.);
#2322 = CARTESIAN_POINT('',(2.,-0.15));
#2323 = CARTESIAN_POINT('',(2.,1.65));
#2324 = ( GEOMETRIC_REPRESENTATION_CONTEXT(2) 
PARAMETRIC_REPRESENTATION_CONTEXT() REPRESENTATION_CONTEXT('2D SPACE',''
  ) );
#2325 = PCURVE('',#2274,#2326);
#2326 = DEFINITIONAL_REPRESENTATION('',(#2327),#2330);
#2327 = B_SPLINE_CURVE_WITH_KNOTS('',1,(#2328,#2329),.UNSPECIFIED.,.F.,
  .F.,(2,2),(0.85,2.65),.PIECEWISE_BEZIER_KNOTS.);
#2328 = CARTESIAN_POINT('',(0.551376553376,0.85));
#2329 = CARTESIAN_POINT('',(0.551376553376,2.65));
#2330 = ( GEOMETRIC_REPRESENTATION_CONTEXT(2) 
PARAMETRIC_REPRESENTATION_CONTEXT() REPRESENTATION_CONTEXT('2D SPACE',''
  ) );
#2331 = ORIENTED_EDGE('',*,*,#2332,.T.);
#2332 = EDGE_CURVE('',#2312,#2176,#2333,.T.);
#2333 = SURFACE_CURVE('',#2334,(#2338,#2345),.PCURVE_S1.);
#2334 = LINE('',#2335,#2336);
#2335 = CARTESIAN_POINT('',(0.,0.,42.));
#2336 = VECTOR('',#2337,1.);
#2337 = DIRECTION('',(-0.986143231563,0.165896132693,0.));
#2338 = PCURVE('',#2218,#2339);
#2339 = DEFINITIONAL_REPRESENTATION('',(#2340),#2344);
#2340 = LINE('',#2341,#2342);
#2341 = CARTESIAN_POINT('',(0.,0.));
#2342 = VECTOR('',#2343,1.);
#2343 = DIRECTION('',(1.,0.));
#2344 = ( GEOMETRIC_REPRESENTATION_CONTEXT(2) 
PARAMETRIC_REPRESENTATION_CONTEXT() REPRESENTATION_CONTEXT('2D SPACE',''
  ) );
#2345 = PCURVE('',#2192,#2346);
#2346 = DEFINITIONAL_REPRESENTATION('',(#2347),#2351);
#2347 = LINE('',#2348,#2349);
#2348 = CARTESIAN_POINT('',(0.,0.));
#2349 = VECTOR('',#2350,1.);
#2350 = DIRECTION('',(0.851804207693,0.523860278849));
#2351 = ( GEOMETRIC_REPRESENTATION_CONTEXT(2) 
PARAMETRIC_REPRESENTATION_CONTEXT() REPRESENTATION_CONTEXT('2D SPACE',''
  ) );
#2352 = ORIENTED_EDGE('',*,*,#2204,.T.);
#2353 = ADVANCED_FACE('',(#2354),#2192,.F.);
#2354 = FACE_BOUND('',#2355,.F.);
#2355 = EDGE_LOOP('',(#2356,#2357,#2358,#2382));
#2356 = ORIENTED_EDGE('',*,*,#2175,.T.);
#2357 = ORIENTED_EDGE('',*,*,#2332,.F.);
#2358 = ORIENTED_EDGE('',*,*,#2359,.F.);
#2359 = EDGE_CURVE('',#2360,#2312,#2362,.T.);
#2360 = VERTEX_POINT('',#2361);
#2361 = CARTESIAN_POINT('',(-1.506189119401,1.31582458428,42.));
#2362 = SURFACE_CURVE('',#2363,(#2368,#2375),.PCURVE_S1.);
#2363 = CIRCLE('',#2364,2.);
#2364 = AXIS2_PLACEMENT_3D('',#2365,#2366,#2367);
#2365 = CARTESIAN_POINT('',(0.,0.,42.));
#2366 = DIRECTION('',(0.,0.,1.));
#2367 = DIRECTION('',(-0.753094559701,0.65791229214,0.));
#2368 = PCURVE('',#2192,#2369);
#2369 = DEFINITIONAL_REPRESENTATION('',(#2370),#2374);
#2370 = CIRCLE('',#2371,2.);
#2371 = AXIS2_PLACEMENT_2D('',#2372,#2373);
#2372 = CARTESIAN_POINT('',(0.,0.));
#2373 = DIRECTION('',(1.,0.));
#2374 = ( GEOMETRIC_REPRESENTATION_CONTEXT(2) 
PARAMETRIC_REPRESENTATION_CONTEXT() REPRESENTATION_CONTEXT('2D SPACE',''
  ) );
#2375 = PCURVE('',#2274,#2376);
#2376 = DEFINITIONAL_REPRESENTATION('',(#2377),#2381);
#2377 = LINE('',#2378,#2379);
#2378 = CARTESIAN_POINT('',(0.,1.));
#2379 = VECTOR('',#2380,1.);
#2380 = DIRECTION('',(1.,0.));
#2381 = ( GEOMETRIC_REPRESENTATION_CONTEXT(2) 
PARAMETRIC_REPRESENTATION_CONTEXT() REPRESENTATION_CONTEXT('2D SPACE',''
  ) );
#2382 = ORIENTED_EDGE('',*,*,#2383,.T.);
#2383 = EDGE_CURVE('',#2360,#2148,#2384,.T.);
#2384 = SURFACE_CURVE('',#2385,(#2389,#2396),.PCURVE_S1.);
#2385 = LINE('',#2386,#2387);
#2386 = CARTESIAN_POINT('',(0.,0.,42.));
#2387 = VECTOR('',#2388,1.);
#2388 = DIRECTION('',(-0.753094559701,0.65791229214,0.));
#2389 = PCURVE('',#2192,#2390);
#2390 = DEFINITIONAL_REPRESENTATION('',(#2391),#2395);
#2391 = LINE('',#2392,#2393);
#2392 = CARTESIAN_POINT('',(0.,0.));
#2393 = VECTOR('',#2394,1.);
#2394 = DIRECTION('',(1.,0.));
#2395 = ( GEOMETRIC_REPRESENTATION_CONTEXT(2) 
PARAMETRIC_REPRESENTATION_CONTEXT() REPRESENTATION_CONTEXT('2D SPACE',''
  ) );
#2396 = PCURVE('',#2163,#2397);
#2397 = DEFINITIONAL_REPRESENTATION('',(#2398),#2402);
#2398 = LINE('',#2399,#2400);
#2399 = CARTESIAN_POINT('',(0.,0.));
#2400 = VECTOR('',#2401,1.);
#2401 = DIRECTION('',(1.,0.));
#2402 = ( GEOMETRIC_REPRESENTATION_CONTEXT(2) 
PARAMETRIC_REPRESENTATION_CONTEXT() REPRESENTATION_CONTEXT('2D SPACE',''
  ) );
#2403 = ADVANCED_FACE('',(#2404),#2163,.T.);
#2404 = FACE_BOUND('',#2405,.T.);
#2405 = EDGE_LOOP('',(#2406,#2427,#2428,#2429));
#2406 = ORIENTED_EDGE('',*,*,#2407,.F.);
#2407 = EDGE_CURVE('',#2360,#2258,#2408,.T.);
#2408 = SURFACE_CURVE('',#2409,(#2413,#2420),.PCURVE_S1.);
#2409 = LINE('',#2410,#2411);
#2410 = CARTESIAN_POINT('',(-1.506189119401,1.31582458428,41.));
#2411 = VECTOR('',#2412,1.);
#2412 = DIRECTION('',(0.,0.,1.));
#2413 = PCURVE('',#2163,#2414);
#2414 = DEFINITIONAL_REPRESENTATION('',(#2415),#2419);
#2415 = LINE('',#2416,#2417);
#2416 = CARTESIAN_POINT('',(2.,-1.));
#2417 = VECTOR('',#2418,1.);
#2418 = DIRECTION('',(0.,1.));
#2419 = ( GEOMETRIC_REPRESENTATION_CONTEXT(2) 
PARAMETRIC_REPRESENTATION_CONTEXT() REPRESENTATION_CONTEXT('2D SPACE',''
  ) );
#2420 = PCURVE('',#2274,#2421);
#2421 = DEFINITIONAL_REPRESENTATION('',(#2422),#2426);
#2422 = LINE('',#2423,#2424);
#2423 = CARTESIAN_POINT('',(0.,-0.));
#2424 = VECTOR('',#2425,1.);
#2425 = DIRECTION('',(0.,1.));
#2426 = ( GEOMETRIC_REPRESENTATION_CONTEXT(2) 
PARAMETRIC_REPRESENTATION_CONTEXT() REPRESENTATION_CONTEXT('2D SPACE',''
  ) );
#2427 = ORIENTED_EDGE('',*,*,#2383,.T.);
#2428 = ORIENTED_EDGE('',*,*,#2147,.T.);
#2429 = ORIENTED_EDGE('',*,*,#2286,.F.);
#2430 = ADVANCED_FACE('',(#2431),#2274,.F.);
#2431 = FACE_BOUND('',#2432,.F.);
#2432 = EDGE_LOOP('',(#2433,#2434,#2435,#2436));
#2433 = ORIENTED_EDGE('',*,*,#2257,.F.);
#2434 = ORIENTED_EDGE('',*,*,#2407,.F.);
#2435 = ORIENTED_EDGE('',*,*,#2359,.T.);
#2436 = ORIENTED_EDGE('',*,*,#2311,.T.);
#2437 = MANIFOLD_SOLID_BREP('',#2438);
#2438 = CLOSED_SHELL('',(#2439,#2561,#2638,#2685,#2735,#2762));
#2439 = ADVANCED_FACE('',(#2440),#2455,.T.);
#2440 = FACE_BOUND('',#2441,.T.);
#2441 = EDGE_LOOP('',(#2442,#2478,#2506,#2535));
#2442 = ORIENTED_EDGE('',*,*,#2443,.F.);
#2443 = EDGE_CURVE('',#2444,#2446,#2448,.T.);
#2444 = VERTEX_POINT('',#2445);
#2445 = CARTESIAN_POINT('',(-10.68605992529,34.377436252183,50.75));
#2446 = VERTEX_POINT('',#2447);
#2447 = CARTESIAN_POINT('',(-27.11140414922,23.684842517048,50.75));
#2448 = SURFACE_CURVE('',#2449,(#2454,#2466),.PCURVE_S1.);
#2449 = CIRCLE('',#2450,36.);
#2450 = AXIS2_PLACEMENT_3D('',#2451,#2452,#2453);
#2451 = CARTESIAN_POINT('',(0.,0.,50.75));
#2452 = DIRECTION('',(0.,0.,1.));
#2453 = DIRECTION('',(-0.296834997925,0.954928784783,0.));
#2454 = PCURVE('',#2455,#2460);
#2455 = CYLINDRICAL_SURFACE('',#2456,36.);
#2456 = AXIS2_PLACEMENT_3D('',#2457,#2458,#2459);
#2457 = CARTESIAN_POINT('',(0.,0.,49.25));
#2458 = DIRECTION('',(0.,0.,1.));
#2459 = DIRECTION('',(-0.296834997925,0.954928784783,0.));
#2460 = DEFINITIONAL_REPRESENTATION('',(#2461),#2465);
#2461 = LINE('',#2462,#2463);
#2462 = CARTESIAN_POINT('',(0.,1.5));
#2463 = VECTOR('',#2464,1.);
#2464 = DIRECTION('',(1.,0.));
#2465 = ( GEOMETRIC_REPRESENTATION_CONTEXT(2) 
PARAMETRIC_REPRESENTATION_CONTEXT() REPRESENTATION_CONTEXT('2D SPACE',''
  ) );
#2466 = PCURVE('',#2467,#2472);
#2467 = PLANE('',#2468);
#2468 = AXIS2_PLACEMENT_3D('',#2469,#2470,#2471);
#2469 = CARTESIAN_POINT('',(0.,0.,50.75));
#2470 = DIRECTION('',(0.,0.,1.));
#2471 = DIRECTION('',(-0.296834997925,0.954928784783,0.));
#2472 = DEFINITIONAL_REPRESENTATION('',(#2473),#2477);
#2473 = CIRCLE('',#2474,36.);
#2474 = AXIS2_PLACEMENT_2D('',#2475,#2476);
#2475 = CARTESIAN_POINT('',(0.,0.));
#2476 = DIRECTION('',(1.,0.));
#2477 = ( GEOMETRIC_REPRESENTATION_CONTEXT(2) 
PARAMETRIC_REPRESENTATION_CONTEXT() REPRESENTATION_CONTEXT('2D SPACE',''
  ) );
#2478 = ORIENTED_EDGE('',*,*,#2479,.F.);
#2479 = EDGE_CURVE('',#2480,#2444,#2482,.T.);
#2480 = VERTEX_POINT('',#2481);
#2481 = CARTESIAN_POINT('',(-10.68605992529,34.377436252183,49.25));
#2482 = SURFACE_CURVE('',#2483,(#2487,#2494),.PCURVE_S1.);
#2483 = LINE('',#2484,#2485);
#2484 = CARTESIAN_POINT('',(-10.68605992529,34.377436252183,49.25));
#2485 = VECTOR('',#2486,1.);
#2486 = DIRECTION('',(0.,0.,1.));
#2487 = PCURVE('',#2455,#2488);
#2488 = DEFINITIONAL_REPRESENTATION('',(#2489),#2493);
#2489 = LINE('',#2490,#2491);
#2490 = CARTESIAN_POINT('',(0.,-0.));
#2491 = VECTOR('',#2492,1.);
#2492 = DIRECTION('',(0.,1.));
#2493 = ( GEOMETRIC_REPRESENTATION_CONTEXT(2) 
PARAMETRIC_REPRESENTATION_CONTEXT() REPRESENTATION_CONTEXT('2D SPACE',''
  ) );
#2494 = PCURVE('',#2495,#2500);
#2495 = PLANE('',#2496);
#2496 = AXIS2_PLACEMENT_3D('',#2497,#2498,#2499);
#2497 = CARTESIAN_POINT('',(0.,0.,49.25));
#2498 = DIRECTION('',(0.954928784783,0.296834997925,0.));
#2499 = DIRECTION('',(-0.296834997925,0.954928784783,0.));
#2500 = DEFINITIONAL_REPRESENTATION('',(#2501),#2505);
#2501 = LINE('',#2502,#2503);
#2502 = CARTESIAN_POINT('',(36.,0.));
#2503 = VECTOR('',#2504,1.);
#2504 = DIRECTION('',(0.,1.));
#2505 = ( GEOMETRIC_REPRESENTATION_CONTEXT(2) 
PARAMETRIC_REPRESENTATION_CONTEXT() REPRESENTATION_CONTEXT('2D SPACE',''
  ) );
#2506 = ORIENTED_EDGE('',*,*,#2507,.T.);
#2507 = EDGE_CURVE('',#2480,#2508,#2510,.T.);
#2508 = VERTEX_POINT('',#2509);
#2509 = CARTESIAN_POINT('',(-27.11140414922,23.684842517048,49.25));
#2510 = SURFACE_CURVE('',#2511,(#2516,#2523),.PCURVE_S1.);
#2511 = CIRCLE('',#2512,36.);
#2512 = AXIS2_PLACEMENT_3D('',#2513,#2514,#2515);
#2513 = CARTESIAN_POINT('',(0.,0.,49.25));
#2514 = DIRECTION('',(0.,0.,1.));
#2515 = DIRECTION('',(-0.296834997925,0.954928784783,0.));
#2516 = PCURVE('',#2455,#2517);
#2517 = DEFINITIONAL_REPRESENTATION('',(#2518),#2522);
#2518 = LINE('',#2519,#2520);
#2519 = CARTESIAN_POINT('',(0.,0.));
#2520 = VECTOR('',#2521,1.);
#2521 = DIRECTION('',(1.,0.));
#2522 = ( GEOMETRIC_REPRESENTATION_CONTEXT(2) 
PARAMETRIC_REPRESENTATION_CONTEXT() REPRESENTATION_CONTEXT('2D SPACE',''
  ) );
#2523 = PCURVE('',#2524,#2529);
#2524 = PLANE('',#2525);
#2525 = AXIS2_PLACEMENT_3D('',#2526,#2527,#2528);
#2526 = CARTESIAN_POINT('',(0.,0.,49.25));
#2527 = DIRECTION('',(0.,0.,1.));
#2528 = DIRECTION('',(-0.296834997925,0.954928784783,0.));
#2529 = DEFINITIONAL_REPRESENTATION('',(#2530),#2534);
#2530 = CIRCLE('',#2531,36.);
#2531 = AXIS2_PLACEMENT_2D('',#2532,#2533);
#2532 = CARTESIAN_POINT('',(0.,0.));
#2533 = DIRECTION('',(1.,0.));
#2534 = ( GEOMETRIC_REPRESENTATION_CONTEXT(2) 
PARAMETRIC_REPRESENTATION_CONTEXT() REPRESENTATION_CONTEXT('2D SPACE',''
  ) );
#2535 = ORIENTED_EDGE('',*,*,#2536,.T.);
#2536 = EDGE_CURVE('',#2508,#2446,#2537,.T.);
#2537 = SURFACE_CURVE('',#2538,(#2542,#2549),.PCURVE_S1.);
#2538 = LINE('',#2539,#2540);
#2539 = CARTESIAN_POINT('',(-27.11140414922,23.684842517048,49.25));
#2540 = VECTOR('',#2541,1.);
#2541 = DIRECTION('',(0.,0.,1.));
#2542 = PCURVE('',#2455,#2543);
#2543 = DEFINITIONAL_REPRESENTATION('',(#2544),#2548);
#2544 = LINE('',#2545,#2546);
#2545 = CARTESIAN_POINT('',(0.551376553376,-0.));
#2546 = VECTOR('',#2547,1.);
#2547 = DIRECTION('',(0.,1.));
#2548 = ( GEOMETRIC_REPRESENTATION_CONTEXT(2) 
PARAMETRIC_REPRESENTATION_CONTEXT() REPRESENTATION_CONTEXT('2D SPACE',''
  ) );
#2549 = PCURVE('',#2550,#2555);
#2550 = PLANE('',#2551);
#2551 = AXIS2_PLACEMENT_3D('',#2552,#2553,#2554);
#2552 = CARTESIAN_POINT('',(0.,0.,49.25));
#2553 = DIRECTION('',(0.65791229214,0.753094559701,0.));
#2554 = DIRECTION('',(-0.753094559701,0.65791229214,0.));
#2555 = DEFINITIONAL_REPRESENTATION('',(#2556),#2560);
#2556 = LINE('',#2557,#2558);
#2557 = CARTESIAN_POINT('',(36.,0.));
#2558 = VECTOR('',#2559,1.);
#2559 = DIRECTION('',(0.,1.));
#2560 = ( GEOMETRIC_REPRESENTATION_CONTEXT(2) 
PARAMETRIC_REPRESENTATION_CONTEXT() REPRESENTATION_CONTEXT('2D SPACE',''
  ) );
#2561 = ADVANCED_FACE('',(#2562),#2467,.T.);
#2562 = FACE_BOUND('',#2563,.T.);
#2563 = EDGE_LOOP('',(#2564,#2565,#2588,#2617));
#2564 = ORIENTED_EDGE('',*,*,#2443,.T.);
#2565 = ORIENTED_EDGE('',*,*,#2566,.F.);
#2566 = EDGE_CURVE('',#2567,#2446,#2569,.T.);
#2567 = VERTEX_POINT('',#2568);
#2568 = CARTESIAN_POINT('',(-1.506189119401,1.31582458428,50.75));
#2569 = SURFACE_CURVE('',#2570,(#2574,#2581),.PCURVE_S1.);
#2570 = LINE('',#2571,#2572);
#2571 = CARTESIAN_POINT('',(0.,0.,50.75));
#2572 = VECTOR('',#2573,1.);
#2573 = DIRECTION('',(-0.753094559701,0.65791229214,0.));
#2574 = PCURVE('',#2467,#2575);
#2575 = DEFINITIONAL_REPRESENTATION('',(#2576),#2580);
#2576 = LINE('',#2577,#2578);
#2577 = CARTESIAN_POINT('',(0.,0.));
#2578 = VECTOR('',#2579,1.);
#2579 = DIRECTION('',(0.851804207693,0.523860278849));
#2580 = ( GEOMETRIC_REPRESENTATION_CONTEXT(2) 
PARAMETRIC_REPRESENTATION_CONTEXT() REPRESENTATION_CONTEXT('2D SPACE',''
  ) );
#2581 = PCURVE('',#2550,#2582);
#2582 = DEFINITIONAL_REPRESENTATION('',(#2583),#2587);
#2583 = LINE('',#2584,#2585);
#2584 = CARTESIAN_POINT('',(0.,1.5));
#2585 = VECTOR('',#2586,1.);
#2586 = DIRECTION('',(1.,0.));
#2587 = ( GEOMETRIC_REPRESENTATION_CONTEXT(2) 
PARAMETRIC_REPRESENTATION_CONTEXT() REPRESENTATION_CONTEXT('2D SPACE',''
  ) );
#2588 = ORIENTED_EDGE('',*,*,#2589,.F.);
#2589 = EDGE_CURVE('',#2590,#2567,#2592,.T.);
#2590 = VERTEX_POINT('',#2591);
#2591 = CARTESIAN_POINT('',(-0.59366999585,1.909857569566,50.75));
#2592 = SURFACE_CURVE('',#2593,(#2598,#2605),.PCURVE_S1.);
#2593 = CIRCLE('',#2594,2.);
#2594 = AXIS2_PLACEMENT_3D('',#2595,#2596,#2597);
#2595 = CARTESIAN_POINT('',(0.,0.,50.75));
#2596 = DIRECTION('',(0.,0.,1.));
#2597 = DIRECTION('',(-0.296834997925,0.954928784783,0.));
#2598 = PCURVE('',#2467,#2599);
#2599 = DEFINITIONAL_REPRESENTATION('',(#2600),#2604);
#2600 = CIRCLE('',#2601,2.);
#2601 = AXIS2_PLACEMENT_2D('',#2602,#2603);
#2602 = CARTESIAN_POINT('',(0.,0.));
#2603 = DIRECTION('',(1.,0.));
#2604 = ( GEOMETRIC_REPRESENTATION_CONTEXT(2) 
PARAMETRIC_REPRESENTATION_CONTEXT() REPRESENTATION_CONTEXT('2D SPACE',''
  ) );
#2605 = PCURVE('',#2606,#2611);
#2606 = CYLINDRICAL_SURFACE('',#2607,2.);
#2607 = AXIS2_PLACEMENT_3D('',#2608,#2609,#2610);
#2608 = CARTESIAN_POINT('',(0.,0.,48.25));
#2609 = DIRECTION('',(0.,0.,1.));
#2610 = DIRECTION('',(-0.296834997925,0.954928784783,0.));
#2611 = DEFINITIONAL_REPRESENTATION('',(#2612),#2616);
#2612 = LINE('',#2613,#2614);
#2613 = CARTESIAN_POINT('',(0.,2.5));
#2614 = VECTOR('',#2615,1.);
#2615 = DIRECTION('',(1.,0.));
#2616 = ( GEOMETRIC_REPRESENTATION_CONTEXT(2) 
PARAMETRIC_REPRESENTATION_CONTEXT() REPRESENTATION_CONTEXT('2D SPACE',''
  ) );
#2617 = ORIENTED_EDGE('',*,*,#2618,.T.);
#2618 = EDGE_CURVE('',#2590,#2444,#2619,.T.);
#2619 = SURFACE_CURVE('',#2620,(#2624,#2631),.PCURVE_S1.);
#2620 = LINE('',#2621,#2622);
#2621 = CARTESIAN_POINT('',(0.,0.,50.75));
#2622 = VECTOR('',#2623,1.);
#2623 = DIRECTION('',(-0.296834997925,0.954928784783,0.));
#2624 = PCURVE('',#2467,#2625);
#2625 = DEFINITIONAL_REPRESENTATION('',(#2626),#2630);
#2626 = LINE('',#2627,#2628);
#2627 = CARTESIAN_POINT('',(0.,0.));
#2628 = VECTOR('',#2629,1.);
#2629 = DIRECTION('',(1.,0.));
#2630 = ( GEOMETRIC_REPRESENTATION_CONTEXT(2) 
PARAMETRIC_REPRESENTATION_CONTEXT() REPRESENTATION_CONTEXT('2D SPACE',''
  ) );
#2631 = PCURVE('',#2495,#2632);
#2632 = DEFINITIONAL_REPRESENTATION('',(#2633),#2637);
#2633 = LINE('',#2634,#2635);
#2634 = CARTESIAN_POINT('',(0.,1.5));
#2635 = VECTOR('',#2636,1.);
#2636 = DIRECTION('',(1.,0.));
#2637 = ( GEOMETRIC_REPRESENTATION_CONTEXT(2) 
PARAMETRIC_REPRESENTATION_CONTEXT() REPRESENTATION_CONTEXT('2D SPACE',''
  ) );
#2638 = ADVANCED_FACE('',(#2639),#2550,.F.);
#2639 = FACE_BOUND('',#2640,.F.);
#2640 = EDGE_LOOP('',(#2641,#2642,#2663,#2684));
#2641 = ORIENTED_EDGE('',*,*,#2566,.F.);
#2642 = ORIENTED_EDGE('',*,*,#2643,.F.);
#2643 = EDGE_CURVE('',#2644,#2567,#2646,.T.);
#2644 = VERTEX_POINT('',#2645);
#2645 = CARTESIAN_POINT('',(-1.506189119401,1.31582458428,49.25));
#2646 = SURFACE_CURVE('',#2647,(#2651,#2657),.PCURVE_S1.);
#2647 = LINE('',#2648,#2649);
#2648 = CARTESIAN_POINT('',(-1.506189119401,1.31582458428,48.25));
#2649 = VECTOR('',#2650,1.);
#2650 = DIRECTION('',(0.,0.,1.));
#2651 = PCURVE('',#2550,#2652);
#2652 = DEFINITIONAL_REPRESENTATION('',(#2653),#2656);
#2653 = B_SPLINE_CURVE_WITH_KNOTS('',1,(#2654,#2655),.UNSPECIFIED.,.F.,
  .F.,(2,2),(0.85,2.65),.PIECEWISE_BEZIER_KNOTS.);
#2654 = CARTESIAN_POINT('',(2.,-0.15));
#2655 = CARTESIAN_POINT('',(2.,1.65));
#2656 = ( GEOMETRIC_REPRESENTATION_CONTEXT(2) 
PARAMETRIC_REPRESENTATION_CONTEXT() REPRESENTATION_CONTEXT('2D SPACE',''
  ) );
#2657 = PCURVE('',#2606,#2658);
#2658 = DEFINITIONAL_REPRESENTATION('',(#2659),#2662);
#2659 = B_SPLINE_CURVE_WITH_KNOTS('',1,(#2660,#2661),.UNSPECIFIED.,.F.,
  .F.,(2,2),(0.85,2.65),.PIECEWISE_BEZIER_KNOTS.);
#2660 = CARTESIAN_POINT('',(0.551376553376,0.85));
#2661 = CARTESIAN_POINT('',(0.551376553376,2.65));
#2662 = ( GEOMETRIC_REPRESENTATION_CONTEXT(2) 
PARAMETRIC_REPRESENTATION_CONTEXT() REPRESENTATION_CONTEXT('2D SPACE',''
  ) );
#2663 = ORIENTED_EDGE('',*,*,#2664,.T.);
#2664 = EDGE_CURVE('',#2644,#2508,#2665,.T.);
#2665 = SURFACE_CURVE('',#2666,(#2670,#2677),.PCURVE_S1.);
#2666 = LINE('',#2667,#2668);
#2667 = CARTESIAN_POINT('',(0.,0.,49.25));
#2668 = VECTOR('',#2669,1.);
#2669 = DIRECTION('',(-0.753094559701,0.65791229214,0.));
#2670 = PCURVE('',#2550,#2671);
#2671 = DEFINITIONAL_REPRESENTATION('',(#2672),#2676);
#2672 = LINE('',#2673,#2674);
#2673 = CARTESIAN_POINT('',(0.,0.));
#2674 = VECTOR('',#2675,1.);
#2675 = DIRECTION('',(1.,0.));
#2676 = ( GEOMETRIC_REPRESENTATION_CONTEXT(2) 
PARAMETRIC_REPRESENTATION_CONTEXT() REPRESENTATION_CONTEXT('2D SPACE',''
  ) );
#2677 = PCURVE('',#2524,#2678);
#2678 = DEFINITIONAL_REPRESENTATION('',(#2679),#2683);
#2679 = LINE('',#2680,#2681);
#2680 = CARTESIAN_POINT('',(0.,0.));
#2681 = VECTOR('',#2682,1.);
#2682 = DIRECTION('',(0.851804207693,0.523860278849));
#2683 = ( GEOMETRIC_REPRESENTATION_CONTEXT(2) 
PARAMETRIC_REPRESENTATION_CONTEXT() REPRESENTATION_CONTEXT('2D SPACE',''
  ) );
#2684 = ORIENTED_EDGE('',*,*,#2536,.T.);
#2685 = ADVANCED_FACE('',(#2686),#2524,.F.);
#2686 = FACE_BOUND('',#2687,.F.);
#2687 = EDGE_LOOP('',(#2688,#2689,#2690,#2714));
#2688 = ORIENTED_EDGE('',*,*,#2507,.T.);
#2689 = ORIENTED_EDGE('',*,*,#2664,.F.);
#2690 = ORIENTED_EDGE('',*,*,#2691,.F.);
#2691 = EDGE_CURVE('',#2692,#2644,#2694,.T.);
#2692 = VERTEX_POINT('',#2693);
#2693 = CARTESIAN_POINT('',(-0.59366999585,1.909857569566,49.25));
#2694 = SURFACE_CURVE('',#2695,(#2700,#2707),.PCURVE_S1.);
#2695 = CIRCLE('',#2696,2.);
#2696 = AXIS2_PLACEMENT_3D('',#2697,#2698,#2699);
#2697 = CARTESIAN_POINT('',(0.,0.,49.25));
#2698 = DIRECTION('',(0.,0.,1.));
#2699 = DIRECTION('',(-0.296834997925,0.954928784783,0.));
#2700 = PCURVE('',#2524,#2701);
#2701 = DEFINITIONAL_REPRESENTATION('',(#2702),#2706);
#2702 = CIRCLE('',#2703,2.);
#2703 = AXIS2_PLACEMENT_2D('',#2704,#2705);
#2704 = CARTESIAN_POINT('',(0.,0.));
#2705 = DIRECTION('',(1.,0.));
#2706 = ( GEOMETRIC_REPRESENTATION_CONTEXT(2) 
PARAMETRIC_REPRESENTATION_CONTEXT() REPRESENTATION_CONTEXT('2D SPACE',''
  ) );
#2707 = PCURVE('',#2606,#2708);
#2708 = DEFINITIONAL_REPRESENTATION('',(#2709),#2713);
#2709 = LINE('',#2710,#2711);
#2710 = CARTESIAN_POINT('',(0.,1.));
#2711 = VECTOR('',#2712,1.);
#2712 = DIRECTION('',(1.,0.));
#2713 = ( GEOMETRIC_REPRESENTATION_CONTEXT(2) 
PARAMETRIC_REPRESENTATION_CONTEXT() REPRESENTATION_CONTEXT('2D SPACE',''
  ) );
#2714 = ORIENTED_EDGE('',*,*,#2715,.T.);
#2715 = EDGE_CURVE('',#2692,#2480,#2716,.T.);
#2716 = SURFACE_CURVE('',#2717,(#2721,#2728),.PCURVE_S1.);
#2717 = LINE('',#2718,#2719);
#2718 = CARTESIAN_POINT('',(0.,0.,49.25));
#2719 = VECTOR('',#2720,1.);
#2720 = DIRECTION('',(-0.296834997925,0.954928784783,0.));
#2721 = PCURVE('',#2524,#2722);
#2722 = DEFINITIONAL_REPRESENTATION('',(#2723),#2727);
#2723 = LINE('',#2724,#2725);
#2724 = CARTESIAN_POINT('',(0.,0.));
#2725 = VECTOR('',#2726,1.);
#2726 = DIRECTION('',(1.,0.));
#2727 = ( GEOMETRIC_REPRESENTATION_CONTEXT(2) 
PARAMETRIC_REPRESENTATION_CONTEXT() REPRESENTATION_CONTEXT('2D SPACE',''
  ) );
#2728 = PCURVE('',#2495,#2729);
#2729 = DEFINITIONAL_REPRESENTATION('',(#2730),#2734);
#2730 = LINE('',#2731,#2732);
#2731 = CARTESIAN_POINT('',(0.,0.));
#2732 = VECTOR('',#2733,1.);
#2733 = DIRECTION('',(1.,0.));
#2734 = ( GEOMETRIC_REPRESENTATION_CONTEXT(2) 
PARAMETRIC_REPRESENTATION_CONTEXT() REPRESENTATION_CONTEXT('2D SPACE',''
  ) );
#2735 = ADVANCED_FACE('',(#2736),#2495,.T.);
#2736 = FACE_BOUND('',#2737,.T.);
#2737 = EDGE_LOOP('',(#2738,#2759,#2760,#2761));
#2738 = ORIENTED_EDGE('',*,*,#2739,.F.);
#2739 = EDGE_CURVE('',#2692,#2590,#2740,.T.);
#2740 = SURFACE_CURVE('',#2741,(#2745,#2752),.PCURVE_S1.);
#2741 = LINE('',#2742,#2743);
#2742 = CARTESIAN_POINT('',(-0.59366999585,1.909857569566,48.25));
#2743 = VECTOR('',#2744,1.);
#2744 = DIRECTION('',(0.,0.,1.));
#2745 = PCURVE('',#2495,#2746);
#2746 = DEFINITIONAL_REPRESENTATION('',(#2747),#2751);
#2747 = LINE('',#2748,#2749);
#2748 = CARTESIAN_POINT('',(2.,-1.));
#2749 = VECTOR('',#2750,1.);
#2750 = DIRECTION('',(0.,1.));
#2751 = ( GEOMETRIC_REPRESENTATION_CONTEXT(2) 
PARAMETRIC_REPRESENTATION_CONTEXT() REPRESENTATION_CONTEXT('2D SPACE',''
  ) );
#2752 = PCURVE('',#2606,#2753);
#2753 = DEFINITIONAL_REPRESENTATION('',(#2754),#2758);
#2754 = LINE('',#2755,#2756);
#2755 = CARTESIAN_POINT('',(0.,-0.));
#2756 = VECTOR('',#2757,1.);
#2757 = DIRECTION('',(0.,1.));
#2758 = ( GEOMETRIC_REPRESENTATION_CONTEXT(2) 
PARAMETRIC_REPRESENTATION_CONTEXT() REPRESENTATION_CONTEXT('2D SPACE',''
  ) );
#2759 = ORIENTED_EDGE('',*,*,#2715,.T.);
#2760 = ORIENTED_EDGE('',*,*,#2479,.T.);
#2761 = ORIENTED_EDGE('',*,*,#2618,.F.);
#2762 = ADVANCED_FACE('',(#2763),#2606,.F.);
#2763 = FACE_BOUND('',#2764,.F.);
#2764 = EDGE_LOOP('',(#2765,#2766,#2767,#2768));
#2765 = ORIENTED_EDGE('',*,*,#2589,.F.);
#2766 = ORIENTED_EDGE('',*,*,#2739,.F.);
#2767 = ORIENTED_EDGE('',*,*,#2691,.T.);
#2768 = ORIENTED_EDGE('',*,*,#2643,.T.);
#2769 = MANIFOLD_SOLID_BREP('',#2770);
#2770 = CLOSED_SHELL('',(#2771,#2893,#2970,#3017,#3067,#3094));
#2771 = ADVANCED_FACE('',(#2772),#2787,.T.);
#2772 = FACE_BOUND('',#2773,.T.);
#2773 = EDGE_LOOP('',(#2774,#2810,#2838,#2867));
#2774 = ORIENTED_EDGE('',*,*,#2775,.F.);
#2775 = EDGE_CURVE('',#2776,#2778,#2780,.T.);
#2776 = VERTEX_POINT('',#2777);
#2777 = CARTESIAN_POINT('',(8.906542533163,34.880847181583,58.));
#2778 = VERTEX_POINT('',#2779);
#2779 = CARTESIAN_POINT('',(-10.68605992529,34.377436252183,58.));
#2780 = SURFACE_CURVE('',#2781,(#2786,#2798),.PCURVE_S1.);
#2781 = CIRCLE('',#2782,36.);
#2782 = AXIS2_PLACEMENT_3D('',#2783,#2784,#2785);
#2783 = CARTESIAN_POINT('',(0.,0.,58.));
#2784 = DIRECTION('',(0.,-0.,1.));
#2785 = DIRECTION('',(0.247403959255,0.968912421711,0.));
#2786 = PCURVE('',#2787,#2792);
#2787 = CYLINDRICAL_SURFACE('',#2788,36.);
#2788 = AXIS2_PLACEMENT_3D('',#2789,#2790,#2791);
#2789 = CARTESIAN_POINT('',(0.,0.,56.5));
#2790 = DIRECTION('',(0.,0.,1.));
#2791 = DIRECTION('',(0.247403959255,0.968912421711,0.));
#2792 = DEFINITIONAL_REPRESENTATION('',(#2793),#2797);
#2793 = LINE('',#2794,#2795);
#2794 = CARTESIAN_POINT('',(0.,1.5));
#2795 = VECTOR('',#2796,1.);
#2796 = DIRECTION('',(1.,0.));
#2797 = ( GEOMETRIC_REPRESENTATION_CONTEXT(2) 
PARAMETRIC_REPRESENTATION_CONTEXT() REPRESENTATION_CONTEXT('2D SPACE',''
  ) );
#2798 = PCURVE('',#2799,#2804);
#2799 = PLANE('',#2800);
#2800 = AXIS2_PLACEMENT_3D('',#2801,#2802,#2803);
#2801 = CARTESIAN_POINT('',(0.,0.,58.));
#2802 = DIRECTION('',(0.,0.,1.));
#2803 = DIRECTION('',(0.247403959255,0.968912421711,0.));
#2804 = DEFINITIONAL_REPRESENTATION('',(#2805),#2809);
#2805 = CIRCLE('',#2806,36.);
#2806 = AXIS2_PLACEMENT_2D('',#2807,#2808);
#2807 = CARTESIAN_POINT('',(0.,0.));
#2808 = DIRECTION('',(1.,0.));
#2809 = ( GEOMETRIC_REPRESENTATION_CONTEXT(2) 
PARAMETRIC_REPRESENTATION_CONTEXT() REPRESENTATION_CONTEXT('2D SPACE',''
  ) );
#2810 = ORIENTED_EDGE('',*,*,#2811,.F.);
#2811 = EDGE_CURVE('',#2812,#2776,#2814,.T.);
#2812 = VERTEX_POINT('',#2813);
#2813 = CARTESIAN_POINT('',(8.906542533163,34.880847181583,56.5));
#2814 = SURFACE_CURVE('',#2815,(#2819,#2826),.PCURVE_S1.);
#2815 = LINE('',#2816,#2817);
#2816 = CARTESIAN_POINT('',(8.906542533163,34.880847181583,56.5));
#2817 = VECTOR('',#2818,1.);
#2818 = DIRECTION('',(0.,0.,1.));
#2819 = PCURVE('',#2787,#2820);
#2820 = DEFINITIONAL_REPRESENTATION('',(#2821),#2825);
#2821 = LINE('',#2822,#2823);
#2822 = CARTESIAN_POINT('',(0.,-0.));
#2823 = VECTOR('',#2824,1.);
#2824 = DIRECTION('',(0.,1.));
#2825 = ( GEOMETRIC_REPRESENTATION_CONTEXT(2) 
PARAMETRIC_REPRESENTATION_CONTEXT() REPRESENTATION_CONTEXT('2D SPACE',''
  ) );
#2826 = PCURVE('',#2827,#2832);
#2827 = PLANE('',#2828);
#2828 = AXIS2_PLACEMENT_3D('',#2829,#2830,#2831);
#2829 = CARTESIAN_POINT('',(0.,0.,56.5));
#2830 = DIRECTION('',(0.968912421711,-0.247403959255,0.));
#2831 = DIRECTION('',(0.247403959255,0.968912421711,0.));
#2832 = DEFINITIONAL_REPRESENTATION('',(#2833),#2837);
#2833 = LINE('',#2834,#2835);
#2834 = CARTESIAN_POINT('',(36.,0.));
#2835 = VECTOR('',#2836,1.);
#2836 = DIRECTION('',(0.,1.));
#2837 = ( GEOMETRIC_REPRESENTATION_CONTEXT(2) 
PARAMETRIC_REPRESENTATION_CONTEXT() REPRESENTATION_CONTEXT('2D SPACE',''
  ) );
#2838 = ORIENTED_EDGE('',*,*,#2839,.T.);
#2839 = EDGE_CURVE('',#2812,#2840,#2842,.T.);
#2840 = VERTEX_POINT('',#2841);
#2841 = CARTESIAN_POINT('',(-10.68605992529,34.377436252183,56.5));
#2842 = SURFACE_CURVE('',#2843,(#2848,#2855),.PCURVE_S1.);
#2843 = CIRCLE('',#2844,36.);
#2844 = AXIS2_PLACEMENT_3D('',#2845,#2846,#2847);
#2845 = CARTESIAN_POINT('',(0.,0.,56.5));
#2846 = DIRECTION('',(0.,-0.,1.));
#2847 = DIRECTION('',(0.247403959255,0.968912421711,0.));
#2848 = PCURVE('',#2787,#2849);
#2849 = DEFINITIONAL_REPRESENTATION('',(#2850),#2854);
#2850 = LINE('',#2851,#2852);
#2851 = CARTESIAN_POINT('',(0.,0.));
#2852 = VECTOR('',#2853,1.);
#2853 = DIRECTION('',(1.,0.));
#2854 = ( GEOMETRIC_REPRESENTATION_CONTEXT(2) 
PARAMETRIC_REPRESENTATION_CONTEXT() REPRESENTATION_CONTEXT('2D SPACE',''
  ) );
#2855 = PCURVE('',#2856,#2861);
#2856 = PLANE('',#2857);
#2857 = AXIS2_PLACEMENT_3D('',#2858,#2859,#2860);
#2858 = CARTESIAN_POINT('',(0.,0.,56.5));
#2859 = DIRECTION('',(0.,0.,1.));
#2860 = DIRECTION('',(0.247403959255,0.968912421711,0.));
#2861 = DEFINITIONAL_REPRESENTATION('',(#2862),#2866);
#2862 = CIRCLE('',#2863,36.);
#2863 = AXIS2_PLACEMENT_2D('',#2864,#2865);
#2864 = CARTESIAN_POINT('',(0.,0.));
#2865 = DIRECTION('',(1.,0.));
#2866 = ( GEOMETRIC_REPRESENTATION_CONTEXT(2) 
PARAMETRIC_REPRESENTATION_CONTEXT() REPRESENTATION_CONTEXT('2D SPACE',''
  ) );
#2867 = ORIENTED_EDGE('',*,*,#2868,.T.);
#2868 = EDGE_CURVE('',#2840,#2778,#2869,.T.);
#2869 = SURFACE_CURVE('',#2870,(#2874,#2881),.PCURVE_S1.);
#2870 = LINE('',#2871,#2872);
#2871 = CARTESIAN_POINT('',(-10.68605992529,34.377436252183,56.5));
#2872 = VECTOR('',#2873,1.);
#2873 = DIRECTION('',(0.,0.,1.));
#2874 = PCURVE('',#2787,#2875);
#2875 = DEFINITIONAL_REPRESENTATION('',(#2876),#2880);
#2876 = LINE('',#2877,#2878);
#2877 = CARTESIAN_POINT('',(0.551376553376,-0.));
#2878 = VECTOR('',#2879,1.);
#2879 = DIRECTION('',(0.,1.));
#2880 = ( GEOMETRIC_REPRESENTATION_CONTEXT(2) 
PARAMETRIC_REPRESENTATION_CONTEXT() REPRESENTATION_CONTEXT('2D SPACE',''
  ) );
#2881 = PCURVE('',#2882,#2887);
#2882 = PLANE('',#2883);
#2883 = AXIS2_PLACEMENT_3D('',#2884,#2885,#2886);
#2884 = CARTESIAN_POINT('',(0.,0.,56.5));
#2885 = DIRECTION('',(0.954928784783,0.296834997925,0.));
#2886 = DIRECTION('',(-0.296834997925,0.954928784783,0.));
#2887 = DEFINITIONAL_REPRESENTATION('',(#2888),#2892);
#2888 = LINE('',#2889,#2890);
#2889 = CARTESIAN_POINT('',(36.,0.));
#2890 = VECTOR('',#2891,1.);
#2891 = DIRECTION('',(0.,1.));
#2892 = ( GEOMETRIC_REPRESENTATION_CONTEXT(2) 
PARAMETRIC_REPRESENTATION_CONTEXT() REPRESENTATION_CONTEXT('2D SPACE',''
  ) );
#2893 = ADVANCED_FACE('',(#2894),#2799,.T.);
#2894 = FACE_BOUND('',#2895,.T.);
#2895 = EDGE_LOOP('',(#2896,#2897,#2920,#2949));
#2896 = ORIENTED_EDGE('',*,*,#2775,.T.);
#2897 = ORIENTED_EDGE('',*,*,#2898,.F.);
#2898 = EDGE_CURVE('',#2899,#2778,#2901,.T.);
#2899 = VERTEX_POINT('',#2900);
#2900 = CARTESIAN_POINT('',(-0.59366999585,1.909857569566,58.));
#2901 = SURFACE_CURVE('',#2902,(#2906,#2913),.PCURVE_S1.);
#2902 = LINE('',#2903,#2904);
#2903 = CARTESIAN_POINT('',(0.,0.,58.));
#2904 = VECTOR('',#2905,1.);
#2905 = DIRECTION('',(-0.296834997925,0.954928784783,0.));
#2906 = PCURVE('',#2799,#2907);
#2907 = DEFINITIONAL_REPRESENTATION('',(#2908),#2912);
#2908 = LINE('',#2909,#2910);
#2909 = CARTESIAN_POINT('',(0.,0.));
#2910 = VECTOR('',#2911,1.);
#2911 = DIRECTION('',(0.851804207693,0.523860278849));
#2912 = ( GEOMETRIC_REPRESENTATION_CONTEXT(2) 
PARAMETRIC_REPRESENTATION_CONTEXT() REPRESENTATION_CONTEXT('2D SPACE',''
  ) );
#2913 = PCURVE('',#2882,#2914);
#2914 = DEFINITIONAL_REPRESENTATION('',(#2915),#2919);
#2915 = LINE('',#2916,#2917);
#2916 = CARTESIAN_POINT('',(0.,1.5));
#2917 = VECTOR('',#2918,1.);
#2918 = DIRECTION('',(1.,0.));
#2919 = ( GEOMETRIC_REPRESENTATION_CONTEXT(2) 
PARAMETRIC_REPRESENTATION_CONTEXT() REPRESENTATION_CONTEXT('2D SPACE',''
  ) );
#2920 = ORIENTED_EDGE('',*,*,#2921,.F.);
#2921 = EDGE_CURVE('',#2922,#2899,#2924,.T.);
#2922 = VERTEX_POINT('',#2923);
#2923 = CARTESIAN_POINT('',(0.494807918509,1.937824843421,58.));
#2924 = SURFACE_CURVE('',#2925,(#2930,#2937),.PCURVE_S1.);
#2925 = CIRCLE('',#2926,2.);
#2926 = AXIS2_PLACEMENT_3D('',#2927,#2928,#2929);
#2927 = CARTESIAN_POINT('',(0.,0.,58.));
#2928 = DIRECTION('',(0.,-0.,1.));
#2929 = DIRECTION('',(0.247403959255,0.968912421711,0.));
#2930 = PCURVE('',#2799,#2931);
#2931 = DEFINITIONAL_REPRESENTATION('',(#2932),#2936);
#2932 = CIRCLE('',#2933,2.);
#2933 = AXIS2_PLACEMENT_2D('',#2934,#2935);
#2934 = CARTESIAN_POINT('',(0.,0.));
#2935 = DIRECTION('',(1.,0.));
#2936 = ( GEOMETRIC_REPRESENTATION_CONTEXT(2) 
PARAMETRIC_REPRESENTATION_CONTEXT() REPRESENTATION_CONTEXT('2D SPACE',''
  ) );
#2937 = PCURVE('',#2938,#2943);
#2938 = CYLINDRICAL_SURFACE('',#2939,2.);
#2939 = AXIS2_PLACEMENT_3D('',#2940,#2941,#2942);
#2940 = CARTESIAN_POINT('',(0.,0.,55.5));
#2941 = DIRECTION('',(0.,0.,1.));
#2942 = DIRECTION('',(0.247403959255,0.968912421711,0.));
#2943 = DEFINITIONAL_REPRESENTATION('',(#2944),#2948);
#2944 = LINE('',#2945,#2946);
#2945 = CARTESIAN_POINT('',(0.,2.5));
#2946 = VECTOR('',#2947,1.);
#2947 = DIRECTION('',(1.,0.));
#2948 = ( GEOMETRIC_REPRESENTATION_CONTEXT(2) 
PARAMETRIC_REPRESENTATION_CONTEXT() REPRESENTATION_CONTEXT('2D SPACE',''
  ) );
#2949 = ORIENTED_EDGE('',*,*,#2950,.T.);
#2950 = EDGE_CURVE('',#2922,#2776,#2951,.T.);
#2951 = SURFACE_CURVE('',#2952,(#2956,#2963),.PCURVE_S1.);
#2952 = LINE('',#2953,#2954);
#2953 = CARTESIAN_POINT('',(0.,0.,58.));
#2954 = VECTOR('',#2955,1.);
#2955 = DIRECTION('',(0.247403959255,0.968912421711,0.));
#2956 = PCURVE('',#2799,#2957);
#2957 = DEFINITIONAL_REPRESENTATION('',(#2958),#2962);
#2958 = LINE('',#2959,#2960);
#2959 = CARTESIAN_POINT('',(0.,0.));
#2960 = VECTOR('',#2961,1.);
#2961 = DIRECTION('',(1.,0.));
#2962 = ( GEOMETRIC_REPRESENTATION_CONTEXT(2) 
PARAMETRIC_REPRESENTATION_CONTEXT() REPRESENTATION_CONTEXT('2D SPACE',''
  ) );
#2963 = PCURVE('',#2827,#2964);
#2964 = DEFINITIONAL_REPRESENTATION('',(#2965),#2969);
#2965 = LINE('',#2966,#2967);
#2966 = CARTESIAN_POINT('',(0.,1.5));
#2967 = VECTOR('',#2968,1.);
#2968 = DIRECTION('',(1.,0.));
#2969 = ( GEOMETRIC_REPRESENTATION_CONTEXT(2) 
PARAMETRIC_REPRESENTATION_CONTEXT() REPRESENTATION_CONTEXT('2D SPACE',''
  ) );
#2970 = ADVANCED_FACE('',(#2971),#2882,.F.);
#2971 = FACE_BOUND('',#2972,.F.);
#2972 = EDGE_LOOP('',(#2973,#2974,#2995,#3016));
#2973 = ORIENTED_EDGE('',*,*,#2898,.F.);
#2974 = ORIENTED_EDGE('',*,*,#2975,.F.);
#2975 = EDGE_CURVE('',#2976,#2899,#2978,.T.);
#2976 = VERTEX_POINT('',#2977);
#2977 = CARTESIAN_POINT('',(-0.59366999585,1.909857569566,56.5));
#2978 = SURFACE_CURVE('',#2979,(#2983,#2989),.PCURVE_S1.);
#2979 = LINE('',#2980,#2981);
#2980 = CARTESIAN_POINT('',(-0.59366999585,1.909857569566,55.5));
#2981 = VECTOR('',#2982,1.);
#2982 = DIRECTION('',(0.,0.,1.));
#2983 = PCURVE('',#2882,#2984);
#2984 = DEFINITIONAL_REPRESENTATION('',(#2985),#2988);
#2985 = B_SPLINE_CURVE_WITH_KNOTS('',1,(#2986,#2987),.UNSPECIFIED.,.F.,
  .F.,(2,2),(0.85,2.65),.PIECEWISE_BEZIER_KNOTS.);
#2986 = CARTESIAN_POINT('',(2.,-0.15));
#2987 = CARTESIAN_POINT('',(2.,1.65));
#2988 = ( GEOMETRIC_REPRESENTATION_CONTEXT(2) 
PARAMETRIC_REPRESENTATION_CONTEXT() REPRESENTATION_CONTEXT('2D SPACE',''
  ) );
#2989 = PCURVE('',#2938,#2990);
#2990 = DEFINITIONAL_REPRESENTATION('',(#2991),#2994);
#2991 = B_SPLINE_CURVE_WITH_KNOTS('',1,(#2992,#2993),.UNSPECIFIED.,.F.,
  .F.,(2,2),(0.85,2.65),.PIECEWISE_BEZIER_KNOTS.);
#2992 = CARTESIAN_POINT('',(0.551376553376,0.85));
#2993 = CARTESIAN_POINT('',(0.551376553376,2.65));
#2994 = ( GEOMETRIC_REPRESENTATION_CONTEXT(2) 
PARAMETRIC_REPRESENTATION_CONTEXT() REPRESENTATION_CONTEXT('2D SPACE',''
  ) );
#2995 = ORIENTED_EDGE('',*,*,#2996,.T.);
#2996 = EDGE_CURVE('',#2976,#2840,#2997,.T.);
#2997 = SURFACE_CURVE('',#2998,(#3002,#3009),.PCURVE_S1.);
#2998 = LINE('',#2999,#3000);
#2999 = CARTESIAN_POINT('',(0.,0.,56.5));
#3000 = VECTOR('',#3001,1.);
#3001 = DIRECTION('',(-0.296834997925,0.954928784783,0.));
#3002 = PCURVE('',#2882,#3003);
#3003 = DEFINITIONAL_REPRESENTATION('',(#3004),#3008);
#3004 = LINE('',#3005,#3006);
#3005 = CARTESIAN_POINT('',(0.,0.));
#3006 = VECTOR('',#3007,1.);
#3007 = DIRECTION('',(1.,0.));
#3008 = ( GEOMETRIC_REPRESENTATION_CONTEXT(2) 
PARAMETRIC_REPRESENTATION_CONTEXT() REPRESENTATION_CONTEXT('2D SPACE',''
  ) );
#3009 = PCURVE('',#2856,#3010);
#3010 = DEFINITIONAL_REPRESENTATION('',(#3011),#3015);
#3011 = LINE('',#3012,#3013);
#3012 = CARTESIAN_POINT('',(0.,0.));
#3013 = VECTOR('',#3014,1.);
#3014 = DIRECTION('',(0.851804207693,0.523860278849));
#3015 = ( GEOMETRIC_REPRESENTATION_CONTEXT(2) 
PARAMETRIC_REPRESENTATION_CONTEXT() REPRESENTATION_CONTEXT('2D SPACE',''
  ) );
#3016 = ORIENTED_EDGE('',*,*,#2868,.T.);
#3017 = ADVANCED_FACE('',(#3018),#2856,.F.);
#3018 = FACE_BOUND('',#3019,.F.);
#3019 = EDGE_LOOP('',(#3020,#3021,#3022,#3046));
#3020 = ORIENTED_EDGE('',*,*,#2839,.T.);
#3021 = ORIENTED_EDGE('',*,*,#2996,.F.);
#3022 = ORIENTED_EDGE('',*,*,#3023,.F.);
#3023 = EDGE_CURVE('',#3024,#2976,#3026,.T.);
#3024 = VERTEX_POINT('',#3025);
#3025 = CARTESIAN_POINT('',(0.494807918509,1.937824843421,56.5));
#3026 = SURFACE_CURVE('',#3027,(#3032,#3039),.PCURVE_S1.);
#3027 = CIRCLE('',#3028,2.);
#3028 = AXIS2_PLACEMENT_3D('',#3029,#3030,#3031);
#3029 = CARTESIAN_POINT('',(0.,0.,56.5));
#3030 = DIRECTION('',(0.,-0.,1.));
#3031 = DIRECTION('',(0.247403959255,0.968912421711,0.));
#3032 = PCURVE('',#2856,#3033);
#3033 = DEFINITIONAL_REPRESENTATION('',(#3034),#3038);
#3034 = CIRCLE('',#3035,2.);
#3035 = AXIS2_PLACEMENT_2D('',#3036,#3037);
#3036 = CARTESIAN_POINT('',(0.,0.));
#3037 = DIRECTION('',(1.,0.));
#3038 = ( GEOMETRIC_REPRESENTATION_CONTEXT(2) 
PARAMETRIC_REPRESENTATION_CONTEXT() REPRESENTATION_CONTEXT('2D SPACE',''
  ) );
#3039 = PCURVE('',#2938,#3040);
#3040 = DEFINITIONAL_REPRESENTATION('',(#3041),#3045);
#3041 = LINE('',#3042,#3043);
#3042 = CARTESIAN_POINT('',(0.,1.));
#3043 = VECTOR('',#3044,1.);
#3044 = DIRECTION('',(1.,0.));
#3045 = ( GEOMETRIC_REPRESENTATION_CONTEXT(2) 
PARAMETRIC_REPRESENTATION_CONTEXT() REPRESENTATION_CONTEXT('2D SPACE',''
  ) );
#3046 = ORIENTED_EDGE('',*,*,#3047,.T.);
#3047 = EDGE_CURVE('',#3024,#2812,#3048,.T.);
#3048 = SURFACE_CURVE('',#3049,(#3053,#3060),.PCURVE_S1.);
#3049 = LINE('',#3050,#3051);
#3050 = CARTESIAN_POINT('',(0.,0.,56.5));
#3051 = VECTOR('',#3052,1.);
#3052 = DIRECTION('',(0.247403959255,0.968912421711,0.));
#3053 = PCURVE('',#2856,#3054);
#3054 = DEFINITIONAL_REPRESENTATION('',(#3055),#3059);
#3055 = LINE('',#3056,#3057);
#3056 = CARTESIAN_POINT('',(0.,0.));
#3057 = VECTOR('',#3058,1.);
#3058 = DIRECTION('',(1.,0.));
#3059 = ( GEOMETRIC_REPRESENTATION_CONTEXT(2) 
PARAMETRIC_REPRESENTATION_CONTEXT() REPRESENTATION_CONTEXT('2D SPACE',''
  ) );
#3060 = PCURVE('',#2827,#3061);
#3061 = DEFINITIONAL_REPRESENTATION('',(#3062),#3066);
#3062 = LINE('',#3063,#3064);
#3063 = CARTESIAN_POINT('',(0.,0.));
#3064 = VECTOR('',#3065,1.);
#3065 = DIRECTION('',(1.,0.));
#3066 = ( GEOMETRIC_REPRESENTATION_CONTEXT(2) 
PARAMETRIC_REPRESENTATION_CONTEXT() REPRESENTATION_CONTEXT('2D SPACE',''
  ) );
#3067 = ADVANCED_FACE('',(#3068),#2827,.T.);
#3068 = FACE_BOUND('',#3069,.T.);
#3069 = EDGE_LOOP('',(#3070,#3091,#3092,#3093));
#3070 = ORIENTED_EDGE('',*,*,#3071,.F.);
#3071 = EDGE_CURVE('',#3024,#2922,#3072,.T.);
#3072 = SURFACE_CURVE('',#3073,(#3077,#3084),.PCURVE_S1.);
#3073 = LINE('',#3074,#3075);
#3074 = CARTESIAN_POINT('',(0.494807918509,1.937824843421,55.5));
#3075 = VECTOR('',#3076,1.);
#3076 = DIRECTION('',(0.,0.,1.));
#3077 = PCURVE('',#2827,#3078);
#3078 = DEFINITIONAL_REPRESENTATION('',(#3079),#3083);
#3079 = LINE('',#3080,#3081);
#3080 = CARTESIAN_POINT('',(2.,-1.));
#3081 = VECTOR('',#3082,1.);
#3082 = DIRECTION('',(0.,1.));
#3083 = ( GEOMETRIC_REPRESENTATION_CONTEXT(2) 
PARAMETRIC_REPRESENTATION_CONTEXT() REPRESENTATION_CONTEXT('2D SPACE',''
  ) );
#3084 = PCURVE('',#2938,#3085);
#3085 = DEFINITIONAL_REPRESENTATION('',(#3086),#3090);
#3086 = LINE('',#3087,#3088);
#3087 = CARTESIAN_POINT('',(0.,-0.));
#3088 = VECTOR('',#3089,1.);
#3089 = DIRECTION('',(0.,1.));
#3090 = ( GEOMETRIC_REPRESENTATION_CONTEXT(2) 
PARAMETRIC_REPRESENTATION_CONTEXT() REPRESENTATION_CONTEXT('2D SPACE',''
  ) );
#3091 = ORIENTED_EDGE('',*,*,#3047,.T.);
#3092 = ORIENTED_EDGE('',*,*,#2811,.T.);
#3093 = ORIENTED_EDGE('',*,*,#2950,.F.);
#3094 = ADVANCED_FACE('',(#3095),#2938,.F.);
#3095 = FACE_BOUND('',#3096,.F.);
#3096 = EDGE_LOOP('',(#3097,#3098,#3099,#3100));
#3097 = ORIENTED_EDGE('',*,*,#2921,.F.);
#3098 = ORIENTED_EDGE('',*,*,#3071,.F.);
#3099 = ORIENTED_EDGE('',*,*,#3023,.T.);
#3100 = ORIENTED_EDGE('',*,*,#2975,.T.);
#3101 = MANIFOLD_SOLID_BREP('',#3102);
#3102 = CLOSED_SHELL('',(#3103,#3225,#3302,#3349,#3399,#3426));
#3103 = ADVANCED_FACE('',(#3104),#3119,.T.);
#3104 = FACE_BOUND('',#3105,.T.);
#3105 = EDGE_LOOP('',(#3106,#3142,#3170,#3199));
#3106 = ORIENTED_EDGE('',*,*,#3107,.F.);
#3107 = EDGE_CURVE('',#3108,#3110,#3112,.T.);
#3108 = VERTEX_POINT('',#3109);
#3109 = CARTESIAN_POINT('',(25.859320736792,25.045868542171,65.25));
#3110 = VERTEX_POINT('',#3111);
#3111 = CARTESIAN_POINT('',(8.906542533163,34.880847181583,65.25));
#3112 = SURFACE_CURVE('',#3113,(#3118,#3130),.PCURVE_S1.);
#3113 = CIRCLE('',#3114,36.);
#3114 = AXIS2_PLACEMENT_3D('',#3115,#3116,#3117);
#3115 = CARTESIAN_POINT('',(0.,0.,65.25));
#3116 = DIRECTION('',(0.,-0.,1.));
#3117 = DIRECTION('',(0.718314464911,0.695718570616,0.));
#3118 = PCURVE('',#3119,#3124);
#3119 = CYLINDRICAL_SURFACE('',#3120,36.);
#3120 = AXIS2_PLACEMENT_3D('',#3121,#3122,#3123);
#3121 = CARTESIAN_POINT('',(0.,0.,63.75));
#3122 = DIRECTION('',(0.,0.,1.));
#3123 = DIRECTION('',(0.718314464911,0.695718570616,0.));
#3124 = DEFINITIONAL_REPRESENTATION('',(#3125),#3129);
#3125 = LINE('',#3126,#3127);
#3126 = CARTESIAN_POINT('',(0.,1.5));
#3127 = VECTOR('',#3128,1.);
#3128 = DIRECTION('',(1.,0.));
#3129 = ( GEOMETRIC_REPRESENTATION_CONTEXT(2) 
PARAMETRIC_REPRESENTATION_CONTEXT() REPRESENTATION_CONTEXT('2D SPACE',''
  ) );
#3130 = PCURVE('',#3131,#3136);
#3131 = PLANE('',#3132);
#3132 = AXIS2_PLACEMENT_3D('',#3133,#3134,#3135);
#3133 = CARTESIAN_POINT('',(0.,0.,65.25));
#3134 = DIRECTION('',(0.,0.,1.));
#3135 = DIRECTION('',(0.718314464911,0.695718570616,0.));
#3136 = DEFINITIONAL_REPRESENTATION('',(#3137),#3141);
#3137 = CIRCLE('',#3138,36.);
#3138 = AXIS2_PLACEMENT_2D('',#3139,#3140);
#3139 = CARTESIAN_POINT('',(0.,0.));
#3140 = DIRECTION('',(1.,0.));
#3141 = ( GEOMETRIC_REPRESENTATION_CONTEXT(2) 
PARAMETRIC_REPRESENTATION_CONTEXT() REPRESENTATION_CONTEXT('2D SPACE',''
  ) );
#3142 = ORIENTED_EDGE('',*,*,#3143,.F.);
#3143 = EDGE_CURVE('',#3144,#3108,#3146,.T.);
#3144 = VERTEX_POINT('',#3145);
#3145 = CARTESIAN_POINT('',(25.859320736792,25.045868542171,63.75));
#3146 = SURFACE_CURVE('',#3147,(#3151,#3158),.PCURVE_S1.);
#3147 = LINE('',#3148,#3149);
#3148 = CARTESIAN_POINT('',(25.859320736792,25.045868542171,63.75));
#3149 = VECTOR('',#3150,1.);
#3150 = DIRECTION('',(0.,0.,1.));
#3151 = PCURVE('',#3119,#3152);
#3152 = DEFINITIONAL_REPRESENTATION('',(#3153),#3157);
#3153 = LINE('',#3154,#3155);
#3154 = CARTESIAN_POINT('',(0.,-0.));
#3155 = VECTOR('',#3156,1.);
#3156 = DIRECTION('',(0.,1.));
#3157 = ( GEOMETRIC_REPRESENTATION_CONTEXT(2) 
PARAMETRIC_REPRESENTATION_CONTEXT() REPRESENTATION_CONTEXT('2D SPACE',''
  ) );
#3158 = PCURVE('',#3159,#3164);
#3159 = PLANE('',#3160);
#3160 = AXIS2_PLACEMENT_3D('',#3161,#3162,#3163);
#3161 = CARTESIAN_POINT('',(0.,0.,63.75));
#3162 = DIRECTION('',(0.695718570616,-0.718314464911,0.));
#3163 = DIRECTION('',(0.718314464911,0.695718570616,0.));
#3164 = DEFINITIONAL_REPRESENTATION('',(#3165),#3169);
#3165 = LINE('',#3166,#3167);
#3166 = CARTESIAN_POINT('',(36.,0.));
#3167 = VECTOR('',#3168,1.);
#3168 = DIRECTION('',(0.,1.));
#3169 = ( GEOMETRIC_REPRESENTATION_CONTEXT(2) 
PARAMETRIC_REPRESENTATION_CONTEXT() REPRESENTATION_CONTEXT('2D SPACE',''
  ) );
#3170 = ORIENTED_EDGE('',*,*,#3171,.T.);
#3171 = EDGE_CURVE('',#3144,#3172,#3174,.T.);
#3172 = VERTEX_POINT('',#3173);
#3173 = CARTESIAN_POINT('',(8.906542533163,34.880847181583,63.75));
#3174 = SURFACE_CURVE('',#3175,(#3180,#3187),.PCURVE_S1.);
#3175 = CIRCLE('',#3176,36.);
#3176 = AXIS2_PLACEMENT_3D('',#3177,#3178,#3179);
#3177 = CARTESIAN_POINT('',(0.,0.,63.75));
#3178 = DIRECTION('',(0.,-0.,1.));
#3179 = DIRECTION('',(0.718314464911,0.695718570616,0.));
#3180 = PCURVE('',#3119,#3181);
#3181 = DEFINITIONAL_REPRESENTATION('',(#3182),#3186);
#3182 = LINE('',#3183,#3184);
#3183 = CARTESIAN_POINT('',(0.,0.));
#3184 = VECTOR('',#3185,1.);
#3185 = DIRECTION('',(1.,0.));
#3186 = ( GEOMETRIC_REPRESENTATION_CONTEXT(2) 
PARAMETRIC_REPRESENTATION_CONTEXT() REPRESENTATION_CONTEXT('2D SPACE',''
  ) );
#3187 = PCURVE('',#3188,#3193);
#3188 = PLANE('',#3189);
#3189 = AXIS2_PLACEMENT_3D('',#3190,#3191,#3192);
#3190 = CARTESIAN_POINT('',(0.,0.,63.75));
#3191 = DIRECTION('',(0.,0.,1.));
#3192 = DIRECTION('',(0.718314464911,0.695718570616,0.));
#3193 = DEFINITIONAL_REPRESENTATION('',(#3194),#3198);
#3194 = CIRCLE('',#3195,36.);
#3195 = AXIS2_PLACEMENT_2D('',#3196,#3197);
#3196 = CARTESIAN_POINT('',(0.,0.));
#3197 = DIRECTION('',(1.,0.));
#3198 = ( GEOMETRIC_REPRESENTATION_CONTEXT(2) 
PARAMETRIC_REPRESENTATION_CONTEXT() REPRESENTATION_CONTEXT('2D SPACE',''
  ) );
#3199 = ORIENTED_EDGE('',*,*,#3200,.T.);
#3200 = EDGE_CURVE('',#3172,#3110,#3201,.T.);
#3201 = SURFACE_CURVE('',#3202,(#3206,#3213),.PCURVE_S1.);
#3202 = LINE('',#3203,#3204);
#3203 = CARTESIAN_POINT('',(8.906542533163,34.880847181583,63.75));
#3204 = VECTOR('',#3205,1.);
#3205 = DIRECTION('',(0.,0.,1.));
#3206 = PCURVE('',#3119,#3207);
#3207 = DEFINITIONAL_REPRESENTATION('',(#3208),#3212);
#3208 = LINE('',#3209,#3210);
#3209 = CARTESIAN_POINT('',(0.551376553376,-0.));
#3210 = VECTOR('',#3211,1.);
#3211 = DIRECTION('',(0.,1.));
#3212 = ( GEOMETRIC_REPRESENTATION_CONTEXT(2) 
PARAMETRIC_REPRESENTATION_CONTEXT() REPRESENTATION_CONTEXT('2D SPACE',''
  ) );
#3213 = PCURVE('',#3214,#3219);
#3214 = PLANE('',#3215);
#3215 = AXIS2_PLACEMENT_3D('',#3216,#3217,#3218);
#3216 = CARTESIAN_POINT('',(0.,0.,63.75));
#3217 = DIRECTION('',(0.968912421711,-0.247403959255,0.));
#3218 = DIRECTION('',(0.247403959255,0.968912421711,0.));
#3219 = DEFINITIONAL_REPRESENTATION('',(#3220),#3224);
#3220 = LINE('',#3221,#3222);
#3221 = CARTESIAN_POINT('',(36.,0.));
#3222 = VECTOR('',#3223,1.);
#3223 = DIRECTION('',(0.,1.));
#3224 = ( GEOMETRIC_REPRESENTATION_CONTEXT(2) 
PARAMETRIC_REPRESENTATION_CONTEXT() REPRESENTATION_CONTEXT('2D SPACE',''
  ) );
#3225 = ADVANCED_FACE('',(#3226),#3131,.T.);
#3226 = FACE_BOUND('',#3227,.T.);
#3227 = EDGE_LOOP('',(#3228,#3229,#3252,#3281));
#3228 = ORIENTED_EDGE('',*,*,#3107,.T.);
#3229 = ORIENTED_EDGE('',*,*,#3230,.F.);
#3230 = EDGE_CURVE('',#3231,#3110,#3233,.T.);
#3231 = VERTEX_POINT('',#3232);
#3232 = CARTESIAN_POINT('',(0.494807918509,1.937824843421,65.25));
#3233 = SURFACE_CURVE('',#3234,(#3238,#3245),.PCURVE_S1.);
#3234 = LINE('',#3235,#3236);
#3235 = CARTESIAN_POINT('',(0.,0.,65.25));
#3236 = VECTOR('',#3237,1.);
#3237 = DIRECTION('',(0.247403959255,0.968912421711,0.));
#3238 = PCURVE('',#3131,#3239);
#3239 = DEFINITIONAL_REPRESENTATION('',(#3240),#3244);
#3240 = LINE('',#3241,#3242);
#3241 = CARTESIAN_POINT('',(0.,0.));
#3242 = VECTOR('',#3243,1.);
#3243 = DIRECTION('',(0.851804207693,0.523860278849));
#3244 = ( GEOMETRIC_REPRESENTATION_CONTEXT(2) 
PARAMETRIC_REPRESENTATION_CONTEXT() REPRESENTATION_CONTEXT('2D SPACE',''
  ) );
#3245 = PCURVE('',#3214,#3246);
#3246 = DEFINITIONAL_REPRESENTATION('',(#3247),#3251);
#3247 = LINE('',#3248,#3249);
#3248 = CARTESIAN_POINT('',(0.,1.5));
#3249 = VECTOR('',#3250,1.);
#3250 = DIRECTION('',(1.,0.));
#3251 = ( GEOMETRIC_REPRESENTATION_CONTEXT(2) 
PARAMETRIC_REPRESENTATION_CONTEXT() REPRESENTATION_CONTEXT('2D SPACE',''
  ) );
#3252 = ORIENTED_EDGE('',*,*,#3253,.F.);
#3253 = EDGE_CURVE('',#3254,#3231,#3256,.T.);
#3254 = VERTEX_POINT('',#3255);
#3255 = CARTESIAN_POINT('',(1.436628929822,1.391437141232,65.25));
#3256 = SURFACE_CURVE('',#3257,(#3262,#3269),.PCURVE_S1.);
#3257 = CIRCLE('',#3258,2.);
#3258 = AXIS2_PLACEMENT_3D('',#3259,#3260,#3261);
#3259 = CARTESIAN_POINT('',(0.,0.,65.25));
#3260 = DIRECTION('',(0.,-0.,1.));
#3261 = DIRECTION('',(0.718314464911,0.695718570616,0.));
#3262 = PCURVE('',#3131,#3263);
#3263 = DEFINITIONAL_REPRESENTATION('',(#3264),#3268);
#3264 = CIRCLE('',#3265,2.);
#3265 = AXIS2_PLACEMENT_2D('',#3266,#3267);
#3266 = CARTESIAN_POINT('',(0.,0.));
#3267 = DIRECTION('',(1.,0.));
#3268 = ( GEOMETRIC_REPRESENTATION_CONTEXT(2) 
PARAMETRIC_REPRESENTATION_CONTEXT() REPRESENTATION_CONTEXT('2D SPACE',''
  ) );
#3269 = PCURVE('',#3270,#3275);
#3270 = CYLINDRICAL_SURFACE('',#3271,2.);
#3271 = AXIS2_PLACEMENT_3D('',#3272,#3273,#3274);
#3272 = CARTESIAN_POINT('',(0.,0.,62.75));
#3273 = DIRECTION('',(0.,0.,1.));
#3274 = DIRECTION('',(0.718314464911,0.695718570616,0.));
#3275 = DEFINITIONAL_REPRESENTATION('',(#3276),#3280);
#3276 = LINE('',#3277,#3278);
#3277 = CARTESIAN_POINT('',(0.,2.5));
#3278 = VECTOR('',#3279,1.);
#3279 = DIRECTION('',(1.,0.));
#3280 = ( GEOMETRIC_REPRESENTATION_CONTEXT(2) 
PARAMETRIC_REPRESENTATION_CONTEXT() REPRESENTATION_CONTEXT('2D SPACE',''
  ) );
#3281 = ORIENTED_EDGE('',*,*,#3282,.T.);
#3282 = EDGE_CURVE('',#3254,#3108,#3283,.T.);
#3283 = SURFACE_CURVE('',#3284,(#3288,#3295),.PCURVE_S1.);
#3284 = LINE('',#3285,#3286);
#3285 = CARTESIAN_POINT('',(0.,0.,65.25));
#3286 = VECTOR('',#3287,1.);
#3287 = DIRECTION('',(0.718314464911,0.695718570616,0.));
#3288 = PCURVE('',#3131,#3289);
#3289 = DEFINITIONAL_REPRESENTATION('',(#3290),#3294);
#3290 = LINE('',#3291,#3292);
#3291 = CARTESIAN_POINT('',(0.,0.));
#3292 = VECTOR('',#3293,1.);
#3293 = DIRECTION('',(1.,0.));
#3294 = ( GEOMETRIC_REPRESENTATION_CONTEXT(2) 
PARAMETRIC_REPRESENTATION_CONTEXT() REPRESENTATION_CONTEXT('2D SPACE',''
  ) );
#3295 = PCURVE('',#3159,#3296);
#3296 = DEFINITIONAL_REPRESENTATION('',(#3297),#3301);
#3297 = LINE('',#3298,#3299);
#3298 = CARTESIAN_POINT('',(0.,1.5));
#3299 = VECTOR('',#3300,1.);
#3300 = DIRECTION('',(1.,0.));
#3301 = ( GEOMETRIC_REPRESENTATION_CONTEXT(2) 
PARAMETRIC_REPRESENTATION_CONTEXT() REPRESENTATION_CONTEXT('2D SPACE',''
  ) );
#3302 = ADVANCED_FACE('',(#3303),#3214,.F.);
#3303 = FACE_BOUND('',#3304,.F.);
#3304 = EDGE_LOOP('',(#3305,#3306,#3327,#3348));
#3305 = ORIENTED_EDGE('',*,*,#3230,.F.);
#3306 = ORIENTED_EDGE('',*,*,#3307,.F.);
#3307 = EDGE_CURVE('',#3308,#3231,#3310,.T.);
#3308 = VERTEX_POINT('',#3309);
#3309 = CARTESIAN_POINT('',(0.494807918509,1.937824843421,63.75));
#3310 = SURFACE_CURVE('',#3311,(#3315,#3321),.PCURVE_S1.);
#3311 = LINE('',#3312,#3313);
#3312 = CARTESIAN_POINT('',(0.494807918509,1.937824843421,62.75));
#3313 = VECTOR('',#3314,1.);
#3314 = DIRECTION('',(0.,0.,1.));
#3315 = PCURVE('',#3214,#3316);
#3316 = DEFINITIONAL_REPRESENTATION('',(#3317),#3320);
#3317 = B_SPLINE_CURVE_WITH_KNOTS('',1,(#3318,#3319),.UNSPECIFIED.,.F.,
  .F.,(2,2),(0.85,2.65),.PIECEWISE_BEZIER_KNOTS.);
#3318 = CARTESIAN_POINT('',(2.,-0.15));
#3319 = CARTESIAN_POINT('',(2.,1.65));
#3320 = ( GEOMETRIC_REPRESENTATION_CONTEXT(2) 
PARAMETRIC_REPRESENTATION_CONTEXT() REPRESENTATION_CONTEXT('2D SPACE',''
  ) );
#3321 = PCURVE('',#3270,#3322);
#3322 = DEFINITIONAL_REPRESENTATION('',(#3323),#3326);
#3323 = B_SPLINE_CURVE_WITH_KNOTS('',1,(#3324,#3325),.UNSPECIFIED.,.F.,
  .F.,(2,2),(0.85,2.65),.PIECEWISE_BEZIER_KNOTS.);
#3324 = CARTESIAN_POINT('',(0.551376553376,0.85));
#3325 = CARTESIAN_POINT('',(0.551376553376,2.65));
#3326 = ( GEOMETRIC_REPRESENTATION_CONTEXT(2) 
PARAMETRIC_REPRESENTATION_CONTEXT() REPRESENTATION_CONTEXT('2D SPACE',''
  ) );
#3327 = ORIENTED_EDGE('',*,*,#3328,.T.);
#3328 = EDGE_CURVE('',#3308,#3172,#3329,.T.);
#3329 = SURFACE_CURVE('',#3330,(#3334,#3341),.PCURVE_S1.);
#3330 = LINE('',#3331,#3332);
#3331 = CARTESIAN_POINT('',(0.,0.,63.75));
#3332 = VECTOR('',#3333,1.);
#3333 = DIRECTION('',(0.247403959255,0.968912421711,0.));
#3334 = PCURVE('',#3214,#3335);
#3335 = DEFINITIONAL_REPRESENTATION('',(#3336),#3340);
#3336 = LINE('',#3337,#3338);
#3337 = CARTESIAN_POINT('',(0.,0.));
#3338 = VECTOR('',#3339,1.);
#3339 = DIRECTION('',(1.,0.));
#3340 = ( GEOMETRIC_REPRESENTATION_CONTEXT(2) 
PARAMETRIC_REPRESENTATION_CONTEXT() REPRESENTATION_CONTEXT('2D SPACE',''
  ) );
#3341 = PCURVE('',#3188,#3342);
#3342 = DEFINITIONAL_REPRESENTATION('',(#3343),#3347);
#3343 = LINE('',#3344,#3345);
#3344 = CARTESIAN_POINT('',(0.,0.));
#3345 = VECTOR('',#3346,1.);
#3346 = DIRECTION('',(0.851804207693,0.523860278849));
#3347 = ( GEOMETRIC_REPRESENTATION_CONTEXT(2) 
PARAMETRIC_REPRESENTATION_CONTEXT() REPRESENTATION_CONTEXT('2D SPACE',''
  ) );
#3348 = ORIENTED_EDGE('',*,*,#3200,.T.);
#3349 = ADVANCED_FACE('',(#3350),#3188,.F.);
#3350 = FACE_BOUND('',#3351,.F.);
#3351 = EDGE_LOOP('',(#3352,#3353,#3354,#3378));
#3352 = ORIENTED_EDGE('',*,*,#3171,.T.);
#3353 = ORIENTED_EDGE('',*,*,#3328,.F.);
#3354 = ORIENTED_EDGE('',*,*,#3355,.F.);
#3355 = EDGE_CURVE('',#3356,#3308,#3358,.T.);
#3356 = VERTEX_POINT('',#3357);
#3357 = CARTESIAN_POINT('',(1.436628929822,1.391437141232,63.75));
#3358 = SURFACE_CURVE('',#3359,(#3364,#3371),.PCURVE_S1.);
#3359 = CIRCLE('',#3360,2.);
#3360 = AXIS2_PLACEMENT_3D('',#3361,#3362,#3363);
#3361 = CARTESIAN_POINT('',(0.,0.,63.75));
#3362 = DIRECTION('',(0.,-0.,1.));
#3363 = DIRECTION('',(0.718314464911,0.695718570616,0.));
#3364 = PCURVE('',#3188,#3365);
#3365 = DEFINITIONAL_REPRESENTATION('',(#3366),#3370);
#3366 = CIRCLE('',#3367,2.);
#3367 = AXIS2_PLACEMENT_2D('',#3368,#3369);
#3368 = CARTESIAN_POINT('',(0.,0.));
#3369 = DIRECTION('',(1.,0.));
#3370 = ( GEOMETRIC_REPRESENTATION_CONTEXT(2) 
PARAMETRIC_REPRESENTATION_CONTEXT() REPRESENTATION_CONTEXT('2D SPACE',''
  ) );
#3371 = PCURVE('',#3270,#3372);
#3372 = DEFINITIONAL_REPRESENTATION('',(#3373),#3377);
#3373 = LINE('',#3374,#3375);
#3374 = CARTESIAN_POINT('',(0.,1.));
#3375 = VECTOR('',#3376,1.);
#3376 = DIRECTION('',(1.,0.));
#3377 = ( GEOMETRIC_REPRESENTATION_CONTEXT(2) 
PARAMETRIC_REPRESENTATION_CONTEXT() REPRESENTATION_CONTEXT('2D SPACE',''
  ) );
#3378 = ORIENTED_EDGE('',*,*,#3379,.T.);
#3379 = EDGE_CURVE('',#3356,#3144,#3380,.T.);
#3380 = SURFACE_CURVE('',#3381,(#3385,#3392),.PCURVE_S1.);
#3381 = LINE('',#3382,#3383);
#3382 = CARTESIAN_POINT('',(0.,0.,63.75));
#3383 = VECTOR('',#3384,1.);
#3384 = DIRECTION('',(0.718314464911,0.695718570616,0.));
#3385 = PCURVE('',#3188,#3386);
#3386 = DEFINITIONAL_REPRESENTATION('',(#3387),#3391);
#3387 = LINE('',#3388,#3389);
#3388 = CARTESIAN_POINT('',(0.,0.));
#3389 = VECTOR('',#3390,1.);
#3390 = DIRECTION('',(1.,0.));
#3391 = ( GEOMETRIC_REPRESENTATION_CONTEXT(2) 
PARAMETRIC_REPRESENTATION_CONTEXT() REPRESENTATION_CONTEXT('2D SPACE',''
  ) );
#3392 = PCURVE('',#3159,#3393);
#3393 = DEFINITIONAL_REPRESENTATION('',(#3394),#3398);
#3394 = LINE('',#3395,#3396);
#3395 = CARTESIAN_POINT('',(0.,0.));
#3396 = VECTOR('',#3397,1.);
#3397 = DIRECTION('',(1.,0.));
#3398 = ( GEOMETRIC_REPRESENTATION_CONTEXT(2) 
PARAMETRIC_REPRESENTATION_CONTEXT() REPRESENTATION_CONTEXT('2D SPACE',''
  ) );
#3399 = ADVANCED_FACE('',(#3400),#3159,.T.);
#3400 = FACE_BOUND('',#3401,.T.);
#3401 = EDGE_LOOP('',(#3402,#3423,#3424,#3425));
#3402 = ORIENTED_EDGE('',*,*,#3403,.F.);
#3403 = EDGE_CURVE('',#3356,#3254,#3404,.T.);
#3404 = SURFACE_CURVE('',#3405,(#3409,#3416),.PCURVE_S1.);
#3405 = LINE('',#3406,#3407);
#3406 = CARTESIAN_POINT('',(1.436628929822,1.391437141232,62.75));
#3407 = VECTOR('',#3408,1.);
#3408 = DIRECTION('',(0.,0.,1.));
#3409 = PCURVE('',#3159,#3410);
#3410 = DEFINITIONAL_REPRESENTATION('',(#3411),#3415);
#3411 = LINE('',#3412,#3413);
#3412 = CARTESIAN_POINT('',(2.,-1.));
#3413 = VECTOR('',#3414,1.);
#3414 = DIRECTION('',(0.,1.));
#3415 = ( GEOMETRIC_REPRESENTATION_CONTEXT(2) 
PARAMETRIC_REPRESENTATION_CONTEXT() REPRESENTATION_CONTEXT('2D SPACE',''
  ) );
#3416 = PCURVE('',#3270,#3417);
#3417 = DEFINITIONAL_REPRESENTATION('',(#3418),#3422);
#3418 = LINE('',#3419,#3420);
#3419 = CARTESIAN_POINT('',(0.,-0.));
#3420 = VECTOR('',#3421,1.);
#3421 = DIRECTION('',(0.,1.));
#3422 = ( GEOMETRIC_REPRESENTATION_CONTEXT(2) 
PARAMETRIC_REPRESENTATION_CONTEXT() REPRESENTATION_CONTEXT('2D SPACE',''
  ) );
#3423 = ORIENTED_EDGE('',*,*,#3379,.T.);
#3424 = ORIENTED_EDGE('',*,*,#3143,.T.);
#3425 = ORIENTED_EDGE('',*,*,#3282,.F.);
#3426 = ADVANCED_FACE('',(#3427),#3270,.F.);
#3427 = FACE_BOUND('',#3428,.F.);
#3428 = EDGE_LOOP('',(#3429,#3430,#3431,#3432));
#3429 = ORIENTED_EDGE('',*,*,#3253,.F.);
#3430 = ORIENTED_EDGE('',*,*,#3403,.F.);
#3431 = ORIENTED_EDGE('',*,*,#3355,.T.);
#3432 = ORIENTED_EDGE('',*,*,#3307,.T.);
#3433 = MANIFOLD_SOLID_BREP('',#3434);
#3434 = CLOSED_SHELL('',(#3435,#3557,#3634,#3681,#3731,#3758));
#3435 = ADVANCED_FACE('',(#3436),#3451,.T.);
#3436 = FACE_BOUND('',#3437,.T.);
#3437 = EDGE_LOOP('',(#3438,#3474,#3502,#3531));
#3438 = ORIENTED_EDGE('',*,*,#3439,.F.);
#3439 = EDGE_CURVE('',#3440,#3442,#3444,.T.);
#3440 = VERTEX_POINT('',#3441);
#3441 = CARTESIAN_POINT('',(35.147613890214,7.787505237523,72.5));
#3442 = VERTEX_POINT('',#3443);
#3443 = CARTESIAN_POINT('',(25.859320736792,25.045868542171,72.5));
#3444 = SURFACE_CURVE('',#3445,(#3450,#3462),.PCURVE_S1.);
#3445 = CIRCLE('',#3446,36.);
#3446 = AXIS2_PLACEMENT_3D('',#3447,#3448,#3449);
#3447 = CARTESIAN_POINT('',(0.,0.,72.5));
#3448 = DIRECTION('',(0.,-0.,1.));
#3449 = DIRECTION('',(0.976322608061,0.216319589931,0.));
#3450 = PCURVE('',#3451,#3456);
#3451 = CYLINDRICAL_SURFACE('',#3452,36.);
#3452 = AXIS2_PLACEMENT_3D('',#3453,#3454,#3455);
#3453 = CARTESIAN_POINT('',(0.,0.,71.));
#3454 = DIRECTION('',(0.,0.,1.));
#3455 = DIRECTION('',(0.976322608061,0.216319589931,0.));
#3456 = DEFINITIONAL_REPRESENTATION('',(#3457),#3461);
#3457 = LINE('',#3458,#3459);
#3458 = CARTESIAN_POINT('',(0.,1.5));
#3459 = VECTOR('',#3460,1.);
#3460 = DIRECTION('',(1.,0.));
#3461 = ( GEOMETRIC_REPRESENTATION_CONTEXT(2) 
PARAMETRIC_REPRESENTATION_CONTEXT() REPRESENTATION_CONTEXT('2D SPACE',''
  ) );
#3462 = PCURVE('',#3463,#3468);
#3463 = PLANE('',#3464);
#3464 = AXIS2_PLACEMENT_3D('',#3465,#3466,#3467);
#3465 = CARTESIAN_POINT('',(0.,0.,72.5));
#3466 = DIRECTION('',(0.,0.,1.));
#3467 = DIRECTION('',(0.976322608061,0.216319589931,0.));
#3468 = DEFINITIONAL_REPRESENTATION('',(#3469),#3473);
#3469 = CIRCLE('',#3470,36.);
#3470 = AXIS2_PLACEMENT_2D('',#3471,#3472);
#3471 = CARTESIAN_POINT('',(0.,0.));
#3472 = DIRECTION('',(1.,0.));
#3473 = ( GEOMETRIC_REPRESENTATION_CONTEXT(2) 
PARAMETRIC_REPRESENTATION_CONTEXT() REPRESENTATION_CONTEXT('2D SPACE',''
  ) );
#3474 = ORIENTED_EDGE('',*,*,#3475,.F.);
#3475 = EDGE_CURVE('',#3476,#3440,#3478,.T.);
#3476 = VERTEX_POINT('',#3477);
#3477 = CARTESIAN_POINT('',(35.147613890214,7.787505237523,71.));
#3478 = SURFACE_CURVE('',#3479,(#3483,#3490),.PCURVE_S1.);
#3479 = LINE('',#3480,#3481);
#3480 = CARTESIAN_POINT('',(35.147613890214,7.787505237523,71.));
#3481 = VECTOR('',#3482,1.);
#3482 = DIRECTION('',(0.,0.,1.));
#3483 = PCURVE('',#3451,#3484);
#3484 = DEFINITIONAL_REPRESENTATION('',(#3485),#3489);
#3485 = LINE('',#3486,#3487);
#3486 = CARTESIAN_POINT('',(0.,-0.));
#3487 = VECTOR('',#3488,1.);
#3488 = DIRECTION('',(0.,1.));
#3489 = ( GEOMETRIC_REPRESENTATION_CONTEXT(2) 
PARAMETRIC_REPRESENTATION_CONTEXT() REPRESENTATION_CONTEXT('2D SPACE',''
  ) );
#3490 = PCURVE('',#3491,#3496);
#3491 = PLANE('',#3492);
#3492 = AXIS2_PLACEMENT_3D('',#3493,#3494,#3495);
#3493 = CARTESIAN_POINT('',(0.,0.,71.));
#3494 = DIRECTION('',(0.216319589931,-0.976322608061,0.));
#3495 = DIRECTION('',(0.976322608061,0.216319589931,0.));
#3496 = DEFINITIONAL_REPRESENTATION('',(#3497),#3501);
#3497 = LINE('',#3498,#3499);
#3498 = CARTESIAN_POINT('',(36.,0.));
#3499 = VECTOR('',#3500,1.);
#3500 = DIRECTION('',(0.,1.));
#3501 = ( GEOMETRIC_REPRESENTATION_CONTEXT(2) 
PARAMETRIC_REPRESENTATION_CONTEXT() REPRESENTATION_CONTEXT('2D SPACE',''
  ) );
#3502 = ORIENTED_EDGE('',*,*,#3503,.T.);
#3503 = EDGE_CURVE('',#3476,#3504,#3506,.T.);
#3504 = VERTEX_POINT('',#3505);
#3505 = CARTESIAN_POINT('',(25.859320736792,25.045868542171,71.));
#3506 = SURFACE_CURVE('',#3507,(#3512,#3519),.PCURVE_S1.);
#3507 = CIRCLE('',#3508,36.);
#3508 = AXIS2_PLACEMENT_3D('',#3509,#3510,#3511);
#3509 = CARTESIAN_POINT('',(0.,0.,71.));
#3510 = DIRECTION('',(0.,-0.,1.));
#3511 = DIRECTION('',(0.976322608061,0.216319589931,0.));
#3512 = PCURVE('',#3451,#3513);
#3513 = DEFINITIONAL_REPRESENTATION('',(#3514),#3518);
#3514 = LINE('',#3515,#3516);
#3515 = CARTESIAN_POINT('',(0.,0.));
#3516 = VECTOR('',#3517,1.);
#3517 = DIRECTION('',(1.,0.));
#3518 = ( GEOMETRIC_REPRESENTATION_CONTEXT(2) 
PARAMETRIC_REPRESENTATION_CONTEXT() REPRESENTATION_CONTEXT('2D SPACE',''
  ) );
#3519 = PCURVE('',#3520,#3525);
#3520 = PLANE('',#3521);
#3521 = AXIS2_PLACEMENT_3D('',#3522,#3523,#3524);
#3522 = CARTESIAN_POINT('',(0.,0.,71.));
#3523 = DIRECTION('',(0.,0.,1.));
#3524 = DIRECTION('',(0.976322608061,0.216319589931,0.));
#3525 = DEFINITIONAL_REPRESENTATION('',(#3526),#3530);
#3526 = CIRCLE('',#3527,36.);
#3527 = AXIS2_PLACEMENT_2D('',#3528,#3529);
#3528 = CARTESIAN_POINT('',(0.,0.));
#3529 = DIRECTION('',(1.,0.));
#3530 = ( GEOMETRIC_REPRESENTATION_CONTEXT(2) 
PARAMETRIC_REPRESENTATION_CONTEXT() REPRESENTATION_CONTEXT('2D SPACE',''
  ) );
#3531 = ORIENTED_EDGE('',*,*,#3532,.T.);
#3532 = EDGE_CURVE('',#3504,#3442,#3533,.T.);
#3533 = SURFACE_CURVE('',#3534,(#3538,#3545),.PCURVE_S1.);
#3534 = LINE('',#3535,#3536);
#3535 = CARTESIAN_POINT('',(25.859320736792,25.045868542171,71.));
#3536 = VECTOR('',#3537,1.);
#3537 = DIRECTION('',(0.,0.,1.));
#3538 = PCURVE('',#3451,#3539);
#3539 = DEFINITIONAL_REPRESENTATION('',(#3540),#3544);
#3540 = LINE('',#3541,#3542);
#3541 = CARTESIAN_POINT('',(0.551376553376,-0.));
#3542 = VECTOR('',#3543,1.);
#3543 = DIRECTION('',(0.,1.));
#3544 = ( GEOMETRIC_REPRESENTATION_CONTEXT(2) 
PARAMETRIC_REPRESENTATION_CONTEXT() REPRESENTATION_CONTEXT('2D SPACE',''
  ) );
#3545 = PCURVE('',#3546,#3551);
#3546 = PLANE('',#3547);
#3547 = AXIS2_PLACEMENT_3D('',#3548,#3549,#3550);
#3548 = CARTESIAN_POINT('',(0.,0.,71.));
#3549 = DIRECTION('',(0.695718570616,-0.718314464911,0.));
#3550 = DIRECTION('',(0.718314464911,0.695718570616,0.));
#3551 = DEFINITIONAL_REPRESENTATION('',(#3552),#3556);
#3552 = LINE('',#3553,#3554);
#3553 = CARTESIAN_POINT('',(36.,0.));
#3554 = VECTOR('',#3555,1.);
#3555 = DIRECTION('',(0.,1.));
#3556 = ( GEOMETRIC_REPRESENTATION_CONTEXT(2) 
PARAMETRIC_REPRESENTATION_CONTEXT() REPRESENTATION_CONTEXT('2D SPACE',''
  ) );
#3557 = ADVANCED_FACE('',(#3558),#3463,.T.);
#3558 = FACE_BOUND('',#3559,.T.);
#3559 = EDGE_LOOP('',(#3560,#3561,#3584,#3613));
#3560 = ORIENTED_EDGE('',*,*,#3439,.T.);
#3561 = ORIENTED_EDGE('',*,*,#3562,.F.);
#3562 = EDGE_CURVE('',#3563,#3442,#3565,.T.);
#3563 = VERTEX_POINT('',#3564);
#3564 = CARTESIAN_POINT('',(1.436628929822,1.391437141232,72.5));
#3565 = SURFACE_CURVE('',#3566,(#3570,#3577),.PCURVE_S1.);
#3566 = LINE('',#3567,#3568);
#3567 = CARTESIAN_POINT('',(0.,0.,72.5));
#3568 = VECTOR('',#3569,1.);
#3569 = DIRECTION('',(0.718314464911,0.695718570616,0.));
#3570 = PCURVE('',#3463,#3571);
#3571 = DEFINITIONAL_REPRESENTATION('',(#3572),#3576);
#3572 = LINE('',#3573,#3574);
#3573 = CARTESIAN_POINT('',(0.,0.));
#3574 = VECTOR('',#3575,1.);
#3575 = DIRECTION('',(0.851804207693,0.523860278849));
#3576 = ( GEOMETRIC_REPRESENTATION_CONTEXT(2) 
PARAMETRIC_REPRESENTATION_CONTEXT() REPRESENTATION_CONTEXT('2D SPACE',''
  ) );
#3577 = PCURVE('',#3546,#3578);
#3578 = DEFINITIONAL_REPRESENTATION('',(#3579),#3583);
#3579 = LINE('',#3580,#3581);
#3580 = CARTESIAN_POINT('',(0.,1.5));
#3581 = VECTOR('',#3582,1.);
#3582 = DIRECTION('',(1.,0.));
#3583 = ( GEOMETRIC_REPRESENTATION_CONTEXT(2) 
PARAMETRIC_REPRESENTATION_CONTEXT() REPRESENTATION_CONTEXT('2D SPACE',''
  ) );
#3584 = ORIENTED_EDGE('',*,*,#3585,.F.);
#3585 = EDGE_CURVE('',#3586,#3563,#3588,.T.);
#3586 = VERTEX_POINT('',#3587);
#3587 = CARTESIAN_POINT('',(1.952645216123,0.432639179862,72.5));
#3588 = SURFACE_CURVE('',#3589,(#3594,#3601),.PCURVE_S1.);
#3589 = CIRCLE('',#3590,2.);
#3590 = AXIS2_PLACEMENT_3D('',#3591,#3592,#3593);
#3591 = CARTESIAN_POINT('',(0.,0.,72.5));
#3592 = DIRECTION('',(0.,-0.,1.));
#3593 = DIRECTION('',(0.976322608061,0.216319589931,0.));
#3594 = PCURVE('',#3463,#3595);
#3595 = DEFINITIONAL_REPRESENTATION('',(#3596),#3600);
#3596 = CIRCLE('',#3597,2.);
#3597 = AXIS2_PLACEMENT_2D('',#3598,#3599);
#3598 = CARTESIAN_POINT('',(0.,0.));
#3599 = DIRECTION('',(1.,0.));
#3600 = ( GEOMETRIC_REPRESENTATION_CONTEXT(2) 
PARAMETRIC_REPRESENTATION_CONTEXT() REPRESENTATION_CONTEXT('2D SPACE',''
  ) );
#3601 = PCURVE('',#3602,#3607);
#3602 = CYLINDRICAL_SURFACE('',#3603,2.);
#3603 = AXIS2_PLACEMENT_3D('',#3604,#3605,#3606);
#3604 = CARTESIAN_POINT('',(0.,0.,70.));
#3605 = DIRECTION('',(0.,0.,1.));
#3606 = DIRECTION('',(0.976322608061,0.216319589931,0.));
#3607 = DEFINITIONAL_REPRESENTATION('',(#3608),#3612);
#3608 = LINE('',#3609,#3610);
#3609 = CARTESIAN_POINT('',(0.,2.5));
#3610 = VECTOR('',#3611,1.);
#3611 = DIRECTION('',(1.,0.));
#3612 = ( GEOMETRIC_REPRESENTATION_CONTEXT(2) 
PARAMETRIC_REPRESENTATION_CONTEXT() REPRESENTATION_CONTEXT('2D SPACE',''
  ) );
#3613 = ORIENTED_EDGE('',*,*,#3614,.T.);
#3614 = EDGE_CURVE('',#3586,#3440,#3615,.T.);
#3615 = SURFACE_CURVE('',#3616,(#3620,#3627),.PCURVE_S1.);
#3616 = LINE('',#3617,#3618);
#3617 = CARTESIAN_POINT('',(0.,0.,72.5));
#3618 = VECTOR('',#3619,1.);
#3619 = DIRECTION('',(0.976322608061,0.216319589931,0.));
#3620 = PCURVE('',#3463,#3621);
#3621 = DEFINITIONAL_REPRESENTATION('',(#3622),#3626);
#3622 = LINE('',#3623,#3624);
#3623 = CARTESIAN_POINT('',(0.,0.));
#3624 = VECTOR('',#3625,1.);
#3625 = DIRECTION('',(1.,0.));
#3626 = ( GEOMETRIC_REPRESENTATION_CONTEXT(2) 
PARAMETRIC_REPRESENTATION_CONTEXT() REPRESENTATION_CONTEXT('2D SPACE',''
  ) );
#3627 = PCURVE('',#3491,#3628);
#3628 = DEFINITIONAL_REPRESENTATION('',(#3629),#3633);
#3629 = LINE('',#3630,#3631);
#3630 = CARTESIAN_POINT('',(0.,1.5));
#3631 = VECTOR('',#3632,1.);
#3632 = DIRECTION('',(1.,0.));
#3633 = ( GEOMETRIC_REPRESENTATION_CONTEXT(2) 
PARAMETRIC_REPRESENTATION_CONTEXT() REPRESENTATION_CONTEXT('2D SPACE',''
  ) );
#3634 = ADVANCED_FACE('',(#3635),#3546,.F.);
#3635 = FACE_BOUND('',#3636,.F.);
#3636 = EDGE_LOOP('',(#3637,#3638,#3659,#3680));
#3637 = ORIENTED_EDGE('',*,*,#3562,.F.);
#3638 = ORIENTED_EDGE('',*,*,#3639,.F.);
#3639 = EDGE_CURVE('',#3640,#3563,#3642,.T.);
#3640 = VERTEX_POINT('',#3641);
#3641 = CARTESIAN_POINT('',(1.436628929822,1.391437141232,71.));
#3642 = SURFACE_CURVE('',#3643,(#3647,#3653),.PCURVE_S1.);
#3643 = LINE('',#3644,#3645);
#3644 = CARTESIAN_POINT('',(1.436628929822,1.391437141232,70.));
#3645 = VECTOR('',#3646,1.);
#3646 = DIRECTION('',(0.,0.,1.));
#3647 = PCURVE('',#3546,#3648);
#3648 = DEFINITIONAL_REPRESENTATION('',(#3649),#3652);
#3649 = B_SPLINE_CURVE_WITH_KNOTS('',1,(#3650,#3651),.UNSPECIFIED.,.F.,
  .F.,(2,2),(0.85,2.65),.PIECEWISE_BEZIER_KNOTS.);
#3650 = CARTESIAN_POINT('',(2.,-0.15));
#3651 = CARTESIAN_POINT('',(2.,1.65));
#3652 = ( GEOMETRIC_REPRESENTATION_CONTEXT(2) 
PARAMETRIC_REPRESENTATION_CONTEXT() REPRESENTATION_CONTEXT('2D SPACE',''
  ) );
#3653 = PCURVE('',#3602,#3654);
#3654 = DEFINITIONAL_REPRESENTATION('',(#3655),#3658);
#3655 = B_SPLINE_CURVE_WITH_KNOTS('',1,(#3656,#3657),.UNSPECIFIED.,.F.,
  .F.,(2,2),(0.85,2.65),.PIECEWISE_BEZIER_KNOTS.);
#3656 = CARTESIAN_POINT('',(0.551376553376,0.85));
#3657 = CARTESIAN_POINT('',(0.551376553376,2.65));
#3658 = ( GEOMETRIC_REPRESENTATION_CONTEXT(2) 
PARAMETRIC_REPRESENTATION_CONTEXT() REPRESENTATION_CONTEXT('2D SPACE',''
  ) );
#3659 = ORIENTED_EDGE('',*,*,#3660,.T.);
#3660 = EDGE_CURVE('',#3640,#3504,#3661,.T.);
#3661 = SURFACE_CURVE('',#3662,(#3666,#3673),.PCURVE_S1.);
#3662 = LINE('',#3663,#3664);
#3663 = CARTESIAN_POINT('',(0.,0.,71.));
#3664 = VECTOR('',#3665,1.);
#3665 = DIRECTION('',(0.718314464911,0.695718570616,0.));
#3666 = PCURVE('',#3546,#3667);
#3667 = DEFINITIONAL_REPRESENTATION('',(#3668),#3672);
#3668 = LINE('',#3669,#3670);
#3669 = CARTESIAN_POINT('',(0.,0.));
#3670 = VECTOR('',#3671,1.);
#3671 = DIRECTION('',(1.,0.));
#3672 = ( GEOMETRIC_REPRESENTATION_CONTEXT(2) 
PARAMETRIC_REPRESENTATION_CONTEXT() REPRESENTATION_CONTEXT('2D SPACE',''
  ) );
#3673 = PCURVE('',#3520,#3674);
#3674 = DEFINITIONAL_REPRESENTATION('',(#3675),#3679);
#3675 = LINE('',#3676,#3677);
#3676 = CARTESIAN_POINT('',(0.,0.));
#3677 = VECTOR('',#3678,1.);
#3678 = DIRECTION('',(0.851804207693,0.523860278849));
#3679 = ( GEOMETRIC_REPRESENTATION_CONTEXT(2) 
PARAMETRIC_REPRESENTATION_CONTEXT() REPRESENTATION_CONTEXT('2D SPACE',''
  ) );
#3680 = ORIENTED_EDGE('',*,*,#3532,.T.);
#3681 = ADVANCED_FACE('',(#3682),#3520,.F.);
#3682 = FACE_BOUND('',#3683,.F.);
#3683 = EDGE_LOOP('',(#3684,#3685,#3686,#3710));
#3684 = ORIENTED_EDGE('',*,*,#3503,.T.);
#3685 = ORIENTED_EDGE('',*,*,#3660,.F.);
#3686 = ORIENTED_EDGE('',*,*,#3687,.F.);
#3687 = EDGE_CURVE('',#3688,#3640,#3690,.T.);
#3688 = VERTEX_POINT('',#3689);
#3689 = CARTESIAN_POINT('',(1.952645216123,0.432639179862,71.));
#3690 = SURFACE_CURVE('',#3691,(#3696,#3703),.PCURVE_S1.);
#3691 = CIRCLE('',#3692,2.);
#3692 = AXIS2_PLACEMENT_3D('',#3693,#3694,#3695);
#3693 = CARTESIAN_POINT('',(0.,0.,71.));
#3694 = DIRECTION('',(0.,-0.,1.));
#3695 = DIRECTION('',(0.976322608061,0.216319589931,0.));
#3696 = PCURVE('',#3520,#3697);
#3697 = DEFINITIONAL_REPRESENTATION('',(#3698),#3702);
#3698 = CIRCLE('',#3699,2.);
#3699 = AXIS2_PLACEMENT_2D('',#3700,#3701);
#3700 = CARTESIAN_POINT('',(0.,0.));
#3701 = DIRECTION('',(1.,0.));
#3702 = ( GEOMETRIC_REPRESENTATION_CONTEXT(2) 
PARAMETRIC_REPRESENTATION_CONTEXT() REPRESENTATION_CONTEXT('2D SPACE',''
  ) );
#3703 = PCURVE('',#3602,#3704);
#3704 = DEFINITIONAL_REPRESENTATION('',(#3705),#3709);
#3705 = LINE('',#3706,#3707);
#3706 = CARTESIAN_POINT('',(0.,1.));
#3707 = VECTOR('',#3708,1.);
#3708 = DIRECTION('',(1.,0.));
#3709 = ( GEOMETRIC_REPRESENTATION_CONTEXT(2) 
PARAMETRIC_REPRESENTATION_CONTEXT() REPRESENTATION_CONTEXT('2D SPACE',''
  ) );
#3710 = ORIENTED_EDGE('',*,*,#3711,.T.);
#3711 = EDGE_CURVE('',#3688,#3476,#3712,.T.);
#3712 = SURFACE_CURVE('',#3713,(#3717,#3724),.PCURVE_S1.);
#3713 = LINE('',#3714,#3715);
#3714 = CARTESIAN_POINT('',(0.,0.,71.));
#3715 = VECTOR('',#3716,1.);
#3716 = DIRECTION('',(0.976322608061,0.216319589931,0.));
#3717 = PCURVE('',#3520,#3718);
#3718 = DEFINITIONAL_REPRESENTATION('',(#3719),#3723);
#3719 = LINE('',#3720,#3721);
#3720 = CARTESIAN_POINT('',(0.,0.));
#3721 = VECTOR('',#3722,1.);
#3722 = DIRECTION('',(1.,0.));
#3723 = ( GEOMETRIC_REPRESENTATION_CONTEXT(2) 
PARAMETRIC_REPRESENTATION_CONTEXT() REPRESENTATION_CONTEXT('2D SPACE',''
  ) );
#3724 = PCURVE('',#3491,#3725);
#3725 = DEFINITIONAL_REPRESENTATION('',(#3726),#3730);
#3726 = LINE('',#3727,#3728);
#3727 = CARTESIAN_POINT('',(0.,0.));
#3728 = VECTOR('',#3729,1.);
#3729 = DIRECTION('',(1.,0.));
#3730 = ( GEOMETRIC_REPRESENTATION_CONTEXT(2) 
PARAMETRIC_REPRESENTATION_CONTEXT() REPRESENTATION_CONTEXT('2D SPACE',''
  ) );
#3731 = ADVANCED_FACE('',(#3732),#3491,.T.);
#3732 = FACE_BOUND('',#3733,.T.);
#3733 = EDGE_LOOP('',(#3734,#3755,#3756,#3757));
#3734 = ORIENTED_EDGE('',*,*,#3735,.F.);
#3735 = EDGE_CURVE('',#3688,#3586,#3736,.T.);
#3736 = SURFACE_CURVE('',#3737,(#3741,#3748),.PCURVE_S1.);
#3737 = LINE('',#3738,#3739);
#3738 = CARTESIAN_POINT('',(1.952645216123,0.432639179862,70.));
#3739 = VECTOR('',#3740,1.);
#3740 = DIRECTION('',(0.,0.,1.));
#3741 = PCURVE('',#3491,#3742);
#3742 = DEFINITIONAL_REPRESENTATION('',(#3743),#3747);
#3743 = LINE('',#3744,#3745);
#3744 = CARTESIAN_POINT('',(2.,-1.));
#3745 = VECTOR('',#3746,1.);
#3746 = DIRECTION('',(0.,1.));
#3747 = ( GEOMETRIC_REPRESENTATION_CONTEXT(2) 
PARAMETRIC_REPRESENTATION_CONTEXT() REPRESENTATION_CONTEXT('2D SPACE',''
  ) );
#3748 = PCURVE('',#3602,#3749);
#3749 = DEFINITIONAL_REPRESENTATION('',(#3750),#3754);
#3750 = LINE('',#3751,#3752);
#3751 = CARTESIAN_POINT('',(0.,-0.));
#3752 = VECTOR('',#3753,1.);
#3753 = DIRECTION('',(0.,1.));
#3754 = ( GEOMETRIC_REPRESENTATION_CONTEXT(2) 
PARAMETRIC_REPRESENTATION_CONTEXT() REPRESENTATION_CONTEXT('2D SPACE',''
  ) );
#3755 = ORIENTED_EDGE('',*,*,#3711,.T.);
#3756 = ORIENTED_EDGE('',*,*,#3475,.T.);
#3757 = ORIENTED_EDGE('',*,*,#3614,.F.);
#3758 = ADVANCED_FACE('',(#3759),#3602,.F.);
#3759 = FACE_BOUND('',#3760,.F.);
#3760 = EDGE_LOOP('',(#3761,#3762,#3763,#3764));
#3761 = ORIENTED_EDGE('',*,*,#3585,.F.);
#3762 = ORIENTED_EDGE('',*,*,#3735,.F.);
#3763 = ORIENTED_EDGE('',*,*,#3687,.T.);
#3764 = ORIENTED_EDGE('',*,*,#3639,.T.);
#3765 = MANIFOLD_SOLID_BREP('',#3766);
#3766 = CLOSED_SHELL('',(#3767,#3889,#3966,#4013,#4063,#4090));
#3767 = ADVANCED_FACE('',(#3768),#3783,.T.);
#3768 = FACE_BOUND('',#3769,.T.);
#3769 = EDGE_LOOP('',(#3770,#3806,#3834,#3863));
#3770 = ORIENTED_EDGE('',*,*,#3771,.F.);
#3771 = EDGE_CURVE('',#3772,#3774,#3776,.T.);
#3772 = VERTEX_POINT('',#3773);
#3773 = CARTESIAN_POINT('',(34.018450067331,-11.77900908466,79.75));
#3774 = VERTEX_POINT('',#3775);
#3775 = CARTESIAN_POINT('',(35.147613890214,7.787505237523,79.75));
#3776 = SURFACE_CURVE('',#3777,(#3782,#3794),.PCURVE_S1.);
#3777 = CIRCLE('',#3778,36.);
#3778 = AXIS2_PLACEMENT_3D('',#3779,#3780,#3781);
#3779 = CARTESIAN_POINT('',(0.,0.,79.75));
#3780 = DIRECTION('',(-0.,0.,1.));
#3781 = DIRECTION('',(0.944956946315,-0.327194696796,0.));
#3782 = PCURVE('',#3783,#3788);
#3783 = CYLINDRICAL_SURFACE('',#3784,36.);
#3784 = AXIS2_PLACEMENT_3D('',#3785,#3786,#3787);
#3785 = CARTESIAN_POINT('',(0.,0.,78.25));
#3786 = DIRECTION('',(0.,0.,1.));
#3787 = DIRECTION('',(0.944956946315,-0.327194696796,0.));
#3788 = DEFINITIONAL_REPRESENTATION('',(#3789),#3793);
#3789 = LINE('',#3790,#3791);
#3790 = CARTESIAN_POINT('',(0.,1.5));
#3791 = VECTOR('',#3792,1.);
#3792 = DIRECTION('',(1.,0.));
#3793 = ( GEOMETRIC_REPRESENTATION_CONTEXT(2) 
PARAMETRIC_REPRESENTATION_CONTEXT() REPRESENTATION_CONTEXT('2D SPACE',''
  ) );
#3794 = PCURVE('',#3795,#3800);
#3795 = PLANE('',#3796);
#3796 = AXIS2_PLACEMENT_3D('',#3797,#3798,#3799);
#3797 = CARTESIAN_POINT('',(0.,0.,79.75));
#3798 = DIRECTION('',(0.,0.,1.));
#3799 = DIRECTION('',(0.944956946315,-0.327194696796,0.));
#3800 = DEFINITIONAL_REPRESENTATION('',(#3801),#3805);
#3801 = CIRCLE('',#3802,36.);
#3802 = AXIS2_PLACEMENT_2D('',#3803,#3804);
#3803 = CARTESIAN_POINT('',(0.,0.));
#3804 = DIRECTION('',(1.,0.));
#3805 = ( GEOMETRIC_REPRESENTATION_CONTEXT(2) 
PARAMETRIC_REPRESENTATION_CONTEXT() REPRESENTATION_CONTEXT('2D SPACE',''
  ) );
#3806 = ORIENTED_EDGE('',*,*,#3807,.F.);
#3807 = EDGE_CURVE('',#3808,#3772,#3810,.T.);
#3808 = VERTEX_POINT('',#3809);
#3809 = CARTESIAN_POINT('',(34.018450067331,-11.77900908466,78.25));
#3810 = SURFACE_CURVE('',#3811,(#3815,#3822),.PCURVE_S1.);
#3811 = LINE('',#3812,#3813);
#3812 = CARTESIAN_POINT('',(34.018450067331,-11.77900908466,78.25));
#3813 = VECTOR('',#3814,1.);
#3814 = DIRECTION('',(0.,0.,1.));
#3815 = PCURVE('',#3783,#3816);
#3816 = DEFINITIONAL_REPRESENTATION('',(#3817),#3821);
#3817 = LINE('',#3818,#3819);
#3818 = CARTESIAN_POINT('',(0.,-0.));
#3819 = VECTOR('',#3820,1.);
#3820 = DIRECTION('',(0.,1.));
#3821 = ( GEOMETRIC_REPRESENTATION_CONTEXT(2) 
PARAMETRIC_REPRESENTATION_CONTEXT() REPRESENTATION_CONTEXT('2D SPACE',''
  ) );
#3822 = PCURVE('',#3823,#3828);
#3823 = PLANE('',#3824);
#3824 = AXIS2_PLACEMENT_3D('',#3825,#3826,#3827);
#3825 = CARTESIAN_POINT('',(0.,0.,78.25));
#3826 = DIRECTION('',(-0.327194696796,-0.944956946315,-0.));
#3827 = DIRECTION('',(0.944956946315,-0.327194696796,0.));
#3828 = DEFINITIONAL_REPRESENTATION('',(#3829),#3833);
#3829 = LINE('',#3830,#3831);
#3830 = CARTESIAN_POINT('',(36.,0.));
#3831 = VECTOR('',#3832,1.);
#3832 = DIRECTION('',(0.,1.));
#3833 = ( GEOMETRIC_REPRESENTATION_CONTEXT(2) 
PARAMETRIC_REPRESENTATION_CONTEXT() REPRESENTATION_CONTEXT('2D SPACE',''
  ) );
#3834 = ORIENTED_EDGE('',*,*,#3835,.T.);
#3835 = EDGE_CURVE('',#3808,#3836,#3838,.T.);
#3836 = VERTEX_POINT('',#3837);
#3837 = CARTESIAN_POINT('',(35.147613890214,7.787505237523,78.25));
#3838 = SURFACE_CURVE('',#3839,(#3844,#3851),.PCURVE_S1.);
#3839 = CIRCLE('',#3840,36.);
#3840 = AXIS2_PLACEMENT_3D('',#3841,#3842,#3843);
#3841 = CARTESIAN_POINT('',(0.,0.,78.25));
#3842 = DIRECTION('',(-0.,0.,1.));
#3843 = DIRECTION('',(0.944956946315,-0.327194696796,0.));
#3844 = PCURVE('',#3783,#3845);
#3845 = DEFINITIONAL_REPRESENTATION('',(#3846),#3850);
#3846 = LINE('',#3847,#3848);
#3847 = CARTESIAN_POINT('',(0.,0.));
#3848 = VECTOR('',#3849,1.);
#3849 = DIRECTION('',(1.,0.));
#3850 = ( GEOMETRIC_REPRESENTATION_CONTEXT(2) 
PARAMETRIC_REPRESENTATION_CONTEXT() REPRESENTATION_CONTEXT('2D SPACE',''
  ) );
#3851 = PCURVE('',#3852,#3857);
#3852 = PLANE('',#3853);
#3853 = AXIS2_PLACEMENT_3D('',#3854,#3855,#3856);
#3854 = CARTESIAN_POINT('',(0.,0.,78.25));
#3855 = DIRECTION('',(0.,0.,1.));
#3856 = DIRECTION('',(0.944956946315,-0.327194696796,0.));
#3857 = DEFINITIONAL_REPRESENTATION('',(#3858),#3862);
#3858 = CIRCLE('',#3859,36.);
#3859 = AXIS2_PLACEMENT_2D('',#3860,#3861);
#3860 = CARTESIAN_POINT('',(0.,0.));
#3861 = DIRECTION('',(1.,0.));
#3862 = ( GEOMETRIC_REPRESENTATION_CONTEXT(2) 
PARAMETRIC_REPRESENTATION_CONTEXT() REPRESENTATION_CONTEXT('2D SPACE',''
  ) );
#3863 = ORIENTED_EDGE('',*,*,#3864,.T.);
#3864 = EDGE_CURVE('',#3836,#3774,#3865,.T.);
#3865 = SURFACE_CURVE('',#3866,(#3870,#3877),.PCURVE_S1.);
#3866 = LINE('',#3867,#3868);
#3867 = CARTESIAN_POINT('',(35.147613890214,7.787505237523,78.25));
#3868 = VECTOR('',#3869,1.);
#3869 = DIRECTION('',(0.,0.,1.));
#3870 = PCURVE('',#3783,#3871);
#3871 = DEFINITIONAL_REPRESENTATION('',(#3872),#3876);
#3872 = LINE('',#3873,#3874);
#3873 = CARTESIAN_POINT('',(0.551376553376,-0.));
#3874 = VECTOR('',#3875,1.);
#3875 = DIRECTION('',(0.,1.));
#3876 = ( GEOMETRIC_REPRESENTATION_CONTEXT(2) 
PARAMETRIC_REPRESENTATION_CONTEXT() REPRESENTATION_CONTEXT('2D SPACE',''
  ) );
#3877 = PCURVE('',#3878,#3883);
#3878 = PLANE('',#3879);
#3879 = AXIS2_PLACEMENT_3D('',#3880,#3881,#3882);
#3880 = CARTESIAN_POINT('',(0.,0.,78.25));
#3881 = DIRECTION('',(0.216319589931,-0.976322608061,0.));
#3882 = DIRECTION('',(0.976322608061,0.216319589931,0.));
#3883 = DEFINITIONAL_REPRESENTATION('',(#3884),#3888);
#3884 = LINE('',#3885,#3886);
#3885 = CARTESIAN_POINT('',(36.,0.));
#3886 = VECTOR('',#3887,1.);
#3887 = DIRECTION('',(0.,1.));
#3888 = ( GEOMETRIC_REPRESENTATION_CONTEXT(2) 
PARAMETRIC_REPRESENTATION_CONTEXT() REPRESENTATION_CONTEXT('2D SPACE',''
  ) );
#3889 = ADVANCED_FACE('',(#3890),#3795,.T.);
#3890 = FACE_BOUND('',#3891,.T.);
#3891 = EDGE_LOOP('',(#3892,#3893,#3916,#3945));
#3892 = ORIENTED_EDGE('',*,*,#3771,.T.);
#3893 = ORIENTED_EDGE('',*,*,#3894,.F.);
#3894 = EDGE_CURVE('',#3895,#3774,#3897,.T.);
#3895 = VERTEX_POINT('',#3896);
#3896 = CARTESIAN_POINT('',(1.952645216123,0.432639179862,79.75));
#3897 = SURFACE_CURVE('',#3898,(#3902,#3909),.PCURVE_S1.);
#3898 = LINE('',#3899,#3900);
#3899 = CARTESIAN_POINT('',(0.,0.,79.75));
#3900 = VECTOR('',#3901,1.);
#3901 = DIRECTION('',(0.976322608061,0.216319589931,0.));
#3902 = PCURVE('',#3795,#3903);
#3903 = DEFINITIONAL_REPRESENTATION('',(#3904),#3908);
#3904 = LINE('',#3905,#3906);
#3905 = CARTESIAN_POINT('',(0.,0.));
#3906 = VECTOR('',#3907,1.);
#3907 = DIRECTION('',(0.851804207693,0.523860278849));
#3908 = ( GEOMETRIC_REPRESENTATION_CONTEXT(2) 
PARAMETRIC_REPRESENTATION_CONTEXT() REPRESENTATION_CONTEXT('2D SPACE',''
  ) );
#3909 = PCURVE('',#3878,#3910);
#3910 = DEFINITIONAL_REPRESENTATION('',(#3911),#3915);
#3911 = LINE('',#3912,#3913);
#3912 = CARTESIAN_POINT('',(0.,1.5));
#3913 = VECTOR('',#3914,1.);
#3914 = DIRECTION('',(1.,0.));
#3915 = ( GEOMETRIC_REPRESENTATION_CONTEXT(2) 
PARAMETRIC_REPRESENTATION_CONTEXT() REPRESENTATION_CONTEXT('2D SPACE',''
  ) );
#3916 = ORIENTED_EDGE('',*,*,#3917,.F.);
#3917 = EDGE_CURVE('',#3918,#3895,#3920,.T.);
#3918 = VERTEX_POINT('',#3919);
#3919 = CARTESIAN_POINT('',(1.889913892629,-0.654389393592,79.75));
#3920 = SURFACE_CURVE('',#3921,(#3926,#3933),.PCURVE_S1.);
#3921 = CIRCLE('',#3922,2.);
#3922 = AXIS2_PLACEMENT_3D('',#3923,#3924,#3925);
#3923 = CARTESIAN_POINT('',(0.,0.,79.75));
#3924 = DIRECTION('',(-0.,0.,1.));
#3925 = DIRECTION('',(0.944956946315,-0.327194696796,0.));
#3926 = PCURVE('',#3795,#3927);
#3927 = DEFINITIONAL_REPRESENTATION('',(#3928),#3932);
#3928 = CIRCLE('',#3929,2.);
#3929 = AXIS2_PLACEMENT_2D('',#3930,#3931);
#3930 = CARTESIAN_POINT('',(0.,0.));
#3931 = DIRECTION('',(1.,0.));
#3932 = ( GEOMETRIC_REPRESENTATION_CONTEXT(2) 
PARAMETRIC_REPRESENTATION_CONTEXT() REPRESENTATION_CONTEXT('2D SPACE',''
  ) );
#3933 = PCURVE('',#3934,#3939);
#3934 = CYLINDRICAL_SURFACE('',#3935,2.);
#3935 = AXIS2_PLACEMENT_3D('',#3936,#3937,#3938);
#3936 = CARTESIAN_POINT('',(0.,0.,77.25));
#3937 = DIRECTION('',(0.,0.,1.));
#3938 = DIRECTION('',(0.944956946315,-0.327194696796,0.));
#3939 = DEFINITIONAL_REPRESENTATION('',(#3940),#3944);
#3940 = LINE('',#3941,#3942);
#3941 = CARTESIAN_POINT('',(0.,2.5));
#3942 = VECTOR('',#3943,1.);
#3943 = DIRECTION('',(1.,0.));
#3944 = ( GEOMETRIC_REPRESENTATION_CONTEXT(2) 
PARAMETRIC_REPRESENTATION_CONTEXT() REPRESENTATION_CONTEXT('2D SPACE',''
  ) );
#3945 = ORIENTED_EDGE('',*,*,#3946,.T.);
#3946 = EDGE_CURVE('',#3918,#3772,#3947,.T.);
#3947 = SURFACE_CURVE('',#3948,(#3952,#3959),.PCURVE_S1.);
#3948 = LINE('',#3949,#3950);
#3949 = CARTESIAN_POINT('',(0.,0.,79.75));
#3950 = VECTOR('',#3951,1.);
#3951 = DIRECTION('',(0.944956946315,-0.327194696796,0.));
#3952 = PCURVE('',#3795,#3953);
#3953 = DEFINITIONAL_REPRESENTATION('',(#3954),#3958);
#3954 = LINE('',#3955,#3956);
#3955 = CARTESIAN_POINT('',(0.,0.));
#3956 = VECTOR('',#3957,1.);
#3957 = DIRECTION('',(1.,0.));
#3958 = ( GEOMETRIC_REPRESENTATION_CONTEXT(2) 
PARAMETRIC_REPRESENTATION_CONTEXT() REPRESENTATION_CONTEXT('2D SPACE',''
  ) );
#3959 = PCURVE('',#3823,#3960);
#3960 = DEFINITIONAL_REPRESENTATION('',(#3961),#3965);
#3961 = LINE('',#3962,#3963);
#3962 = CARTESIAN_POINT('',(0.,1.5));
#3963 = VECTOR('',#3964,1.);
#3964 = DIRECTION('',(1.,0.));
#3965 = ( GEOMETRIC_REPRESENTATION_CONTEXT(2) 
PARAMETRIC_REPRESENTATION_CONTEXT() REPRESENTATION_CONTEXT('2D SPACE',''
  ) );
#3966 = ADVANCED_FACE('',(#3967),#3878,.F.);
#3967 = FACE_BOUND('',#3968,.F.);
#3968 = EDGE_LOOP('',(#3969,#3970,#3991,#4012));
#3969 = ORIENTED_EDGE('',*,*,#3894,.F.);
#3970 = ORIENTED_EDGE('',*,*,#3971,.F.);
#3971 = EDGE_CURVE('',#3972,#3895,#3974,.T.);
#3972 = VERTEX_POINT('',#3973);
#3973 = CARTESIAN_POINT('',(1.952645216123,0.432639179862,78.25));
#3974 = SURFACE_CURVE('',#3975,(#3979,#3985),.PCURVE_S1.);
#3975 = LINE('',#3976,#3977);
#3976 = CARTESIAN_POINT('',(1.952645216123,0.432639179862,77.25));
#3977 = VECTOR('',#3978,1.);
#3978 = DIRECTION('',(0.,0.,1.));
#3979 = PCURVE('',#3878,#3980);
#3980 = DEFINITIONAL_REPRESENTATION('',(#3981),#3984);
#3981 = B_SPLINE_CURVE_WITH_KNOTS('',1,(#3982,#3983),.UNSPECIFIED.,.F.,
  .F.,(2,2),(0.85,2.65),.PIECEWISE_BEZIER_KNOTS.);
#3982 = CARTESIAN_POINT('',(2.,-0.15));
#3983 = CARTESIAN_POINT('',(2.,1.65));
#3984 = ( GEOMETRIC_REPRESENTATION_CONTEXT(2) 
PARAMETRIC_REPRESENTATION_CONTEXT() REPRESENTATION_CONTEXT('2D SPACE',''
  ) );
#3985 = PCURVE('',#3934,#3986);
#3986 = DEFINITIONAL_REPRESENTATION('',(#3987),#3990);
#3987 = B_SPLINE_CURVE_WITH_KNOTS('',1,(#3988,#3989),.UNSPECIFIED.,.F.,
  .F.,(2,2),(0.85,2.65),.PIECEWISE_BEZIER_KNOTS.);
#3988 = CARTESIAN_POINT('',(0.551376553376,0.85));
#3989 = CARTESIAN_POINT('',(0.551376553376,2.65));
#3990 = ( GEOMETRIC_REPRESENTATION_CONTEXT(2) 
PARAMETRIC_REPRESENTATION_CONTEXT() REPRESENTATION_CONTEXT('2D SPACE',''
  ) );
#3991 = ORIENTED_EDGE('',*,*,#3992,.T.);
#3992 = EDGE_CURVE('',#3972,#3836,#3993,.T.);
#3993 = SURFACE_CURVE('',#3994,(#3998,#4005),.PCURVE_S1.);
#3994 = LINE('',#3995,#3996);
#3995 = CARTESIAN_POINT('',(0.,0.,78.25));
#3996 = VECTOR('',#3997,1.);
#3997 = DIRECTION('',(0.976322608061,0.216319589931,0.));
#3998 = PCURVE('',#3878,#3999);
#3999 = DEFINITIONAL_REPRESENTATION('',(#4000),#4004);
#4000 = LINE('',#4001,#4002);
#4001 = CARTESIAN_POINT('',(0.,0.));
#4002 = VECTOR('',#4003,1.);
#4003 = DIRECTION('',(1.,0.));
#4004 = ( GEOMETRIC_REPRESENTATION_CONTEXT(2) 
PARAMETRIC_REPRESENTATION_CONTEXT() REPRESENTATION_CONTEXT('2D SPACE',''
  ) );
#4005 = PCURVE('',#3852,#4006);
#4006 = DEFINITIONAL_REPRESENTATION('',(#4007),#4011);
#4007 = LINE('',#4008,#4009);
#4008 = CARTESIAN_POINT('',(0.,0.));
#4009 = VECTOR('',#4010,1.);
#4010 = DIRECTION('',(0.851804207693,0.523860278849));
#4011 = ( GEOMETRIC_REPRESENTATION_CONTEXT(2) 
PARAMETRIC_REPRESENTATION_CONTEXT() REPRESENTATION_CONTEXT('2D SPACE',''
  ) );
#4012 = ORIENTED_EDGE('',*,*,#3864,.T.);
#4013 = ADVANCED_FACE('',(#4014),#3852,.F.);
#4014 = FACE_BOUND('',#4015,.F.);
#4015 = EDGE_LOOP('',(#4016,#4017,#4018,#4042));
#4016 = ORIENTED_EDGE('',*,*,#3835,.T.);
#4017 = ORIENTED_EDGE('',*,*,#3992,.F.);
#4018 = ORIENTED_EDGE('',*,*,#4019,.F.);
#4019 = EDGE_CURVE('',#4020,#3972,#4022,.T.);
#4020 = VERTEX_POINT('',#4021);
#4021 = CARTESIAN_POINT('',(1.889913892629,-0.654389393592,78.25));
#4022 = SURFACE_CURVE('',#4023,(#4028,#4035),.PCURVE_S1.);
#4023 = CIRCLE('',#4024,2.);
#4024 = AXIS2_PLACEMENT_3D('',#4025,#4026,#4027);
#4025 = CARTESIAN_POINT('',(0.,0.,78.25));
#4026 = DIRECTION('',(-0.,0.,1.));
#4027 = DIRECTION('',(0.944956946315,-0.327194696796,0.));
#4028 = PCURVE('',#3852,#4029);
#4029 = DEFINITIONAL_REPRESENTATION('',(#4030),#4034);
#4030 = CIRCLE('',#4031,2.);
#4031 = AXIS2_PLACEMENT_2D('',#4032,#4033);
#4032 = CARTESIAN_POINT('',(0.,0.));
#4033 = DIRECTION('',(1.,0.));
#4034 = ( GEOMETRIC_REPRESENTATION_CONTEXT(2) 
PARAMETRIC_REPRESENTATION_CONTEXT() REPRESENTATION_CONTEXT('2D SPACE',''
  ) );
#4035 = PCURVE('',#3934,#4036);
#4036 = DEFINITIONAL_REPRESENTATION('',(#4037),#4041);
#4037 = LINE('',#4038,#4039);
#4038 = CARTESIAN_POINT('',(0.,1.));
#4039 = VECTOR('',#4040,1.);
#4040 = DIRECTION('',(1.,0.));
#4041 = ( GEOMETRIC_REPRESENTATION_CONTEXT(2) 
PARAMETRIC_REPRESENTATION_CONTEXT() REPRESENTATION_CONTEXT('2D SPACE',''
  ) );
#4042 = ORIENTED_EDGE('',*,*,#4043,.T.);
#4043 = EDGE_CURVE('',#4020,#3808,#4044,.T.);
#4044 = SURFACE_CURVE('',#4045,(#4049,#4056),.PCURVE_S1.);
#4045 = LINE('',#4046,#4047);
#4046 = CARTESIAN_POINT('',(0.,0.,78.25));
#4047 = VECTOR('',#4048,1.);
#4048 = DIRECTION('',(0.944956946315,-0.327194696796,0.));
#4049 = PCURVE('',#3852,#4050);
#4050 = DEFINITIONAL_REPRESENTATION('',(#4051),#4055);
#4051 = LINE('',#4052,#4053);
#4052 = CARTESIAN_POINT('',(0.,0.));
#4053 = VECTOR('',#4054,1.);
#4054 = DIRECTION('',(1.,0.));
#4055 = ( GEOMETRIC_REPRESENTATION_CONTEXT(2) 
PARAMETRIC_REPRESENTATION_CONTEXT() REPRESENTATION_CONTEXT('2D SPACE',''
  ) );
#4056 = PCURVE('',#3823,#4057);
#4057 = DEFINITIONAL_REPRESENTATION('',(#4058),#4062);
#4058 = LINE('',#4059,#4060);
#4059 = CARTESIAN_POINT('',(0.,0.));
#4060 = VECTOR('',#4061,1.);
#4061 = DIRECTION('',(1.,0.));
#4062 = ( GEOMETRIC_REPRESENTATION_CONTEXT(2) 
PARAMETRIC_REPRESENTATION_CONTEXT() REPRESENTATION_CONTEXT('2D SPACE',''
  ) );
#4063 = ADVANCED_FACE('',(#4064),#3823,.T.);
#4064 = FACE_BOUND('',#4065,.T.);
#4065 = EDGE_LOOP('',(#4066,#4087,#4088,#4089));
#4066 = ORIENTED_EDGE('',*,*,#4067,.F.);
#4067 = EDGE_CURVE('',#4020,#3918,#4068,.T.);
#4068 = SURFACE_CURVE('',#4069,(#4073,#4080),.PCURVE_S1.);
#4069 = LINE('',#4070,#4071);
#4070 = CARTESIAN_POINT('',(1.889913892629,-0.654389393592,77.25));
#4071 = VECTOR('',#4072,1.);
#4072 = DIRECTION('',(0.,0.,1.));
#4073 = PCURVE('',#3823,#4074);
#4074 = DEFINITIONAL_REPRESENTATION('',(#4075),#4079);
#4075 = LINE('',#4076,#4077);
#4076 = CARTESIAN_POINT('',(2.,-1.));
#4077 = VECTOR('',#4078,1.);
#4078 = DIRECTION('',(0.,1.));
#4079 = ( GEOMETRIC_REPRESENTATION_CONTEXT(2) 
PARAMETRIC_REPRESENTATION_CONTEXT() REPRESENTATION_CONTEXT('2D SPACE',''
  ) );
#4080 = PCURVE('',#3934,#4081);
#4081 = DEFINITIONAL_REPRESENTATION('',(#4082),#4086);
#4082 = LINE('',#4083,#4084);
#4083 = CARTESIAN_POINT('',(0.,-0.));
#4084 = VECTOR('',#4085,1.);
#4085 = DIRECTION('',(0.,1.));
#4086 = ( GEOMETRIC_REPRESENTATION_CONTEXT(2) 
PARAMETRIC_REPRESENTATION_CONTEXT() REPRESENTATION_CONTEXT('2D SPACE',''
  ) );
#4087 = ORIENTED_EDGE('',*,*,#4043,.T.);
#4088 = ORIENTED_EDGE('',*,*,#3807,.T.);
#4089 = ORIENTED_EDGE('',*,*,#3946,.F.);
#4090 = ADVANCED_FACE('',(#4091),#3934,.F.);
#4091 = FACE_BOUND('',#4092,.F.);
#4092 = EDGE_LOOP('',(#4093,#4094,#4095,#4096));
#4093 = ORIENTED_EDGE('',*,*,#3917,.F.);
#4094 = ORIENTED_EDGE('',*,*,#4067,.F.);
#4095 = ORIENTED_EDGE('',*,*,#4019,.T.);
#4096 = ORIENTED_EDGE('',*,*,#3971,.T.);
#4097 = MANIFOLD_SOLID_BREP('',#4098);
#4098 = CLOSED_SHELL('',(#4099,#4221,#4298,#4345,#4395,#4422));
#4099 = ADVANCED_FACE('',(#4100),#4115,.T.);
#4100 = FACE_BOUND('',#4101,.T.);
#4101 = EDGE_LOOP('',(#4102,#4138,#4166,#4195));
#4102 = ORIENTED_EDGE('',*,*,#4103,.F.);
#4103 = EDGE_CURVE('',#4104,#4106,#4108,.T.);
#4104 = VERTEX_POINT('',#4105);
#4105 = CARTESIAN_POINT('',(22.806503922895,-27.85432423906,87.));
#4106 = VERTEX_POINT('',#4107);
#4107 = CARTESIAN_POINT('',(34.018450067331,-11.77900908466,87.));
#4108 = SURFACE_CURVE('',#4109,(#4114,#4126),.PCURVE_S1.);
#4109 = CIRCLE('',#4110,36.);
#4110 = AXIS2_PLACEMENT_3D('',#4111,#4112,#4113);
#4111 = CARTESIAN_POINT('',(0.,0.,87.));
#4112 = DIRECTION('',(-0.,0.,1.));
#4113 = DIRECTION('',(0.633513997858,-0.773731228863,0.));
#4114 = PCURVE('',#4115,#4120);
#4115 = CYLINDRICAL_SURFACE('',#4116,36.);
#4116 = AXIS2_PLACEMENT_3D('',#4117,#4118,#4119);
#4117 = CARTESIAN_POINT('',(0.,0.,85.5));
#4118 = DIRECTION('',(0.,0.,1.));
#4119 = DIRECTION('',(0.633513997858,-0.773731228863,0.));
#4120 = DEFINITIONAL_REPRESENTATION('',(#4121),#4125);
#4121 = LINE('',#4122,#4123);
#4122 = CARTESIAN_POINT('',(0.,1.5));
#4123 = VECTOR('',#4124,1.);
#4124 = DIRECTION('',(1.,0.));
#4125 = ( GEOMETRIC_REPRESENTATION_CONTEXT(2) 
PARAMETRIC_REPRESENTATION_CONTEXT() REPRESENTATION_CONTEXT('2D SPACE',''
  ) );
#4126 = PCURVE('',#4127,#4132);
#4127 = PLANE('',#4128);
#4128 = AXIS2_PLACEMENT_3D('',#4129,#4130,#4131);
#4129 = CARTESIAN_POINT('',(0.,0.,87.));
#4130 = DIRECTION('',(0.,0.,1.));
#4131 = DIRECTION('',(0.633513997858,-0.773731228863,0.));
#4132 = DEFINITIONAL_REPRESENTATION('',(#4133),#4137);
#4133 = CIRCLE('',#4134,36.);
#4134 = AXIS2_PLACEMENT_2D('',#4135,#4136);
#4135 = CARTESIAN_POINT('',(0.,0.));
#4136 = DIRECTION('',(1.,0.));
#4137 = ( GEOMETRIC_REPRESENTATION_CONTEXT(2) 
PARAMETRIC_REPRESENTATION_CONTEXT() REPRESENTATION_CONTEXT('2D SPACE',''
  ) );
#4138 = ORIENTED_EDGE('',*,*,#4139,.F.);
#4139 = EDGE_CURVE('',#4140,#4104,#4142,.T.);
#4140 = VERTEX_POINT('',#4141);
#4141 = CARTESIAN_POINT('',(22.806503922895,-27.85432423906,85.5));
#4142 = SURFACE_CURVE('',#4143,(#4147,#4154),.PCURVE_S1.);
#4143 = LINE('',#4144,#4145);
#4144 = CARTESIAN_POINT('',(22.806503922895,-27.85432423906,85.5));
#4145 = VECTOR('',#4146,1.);
#4146 = DIRECTION('',(0.,0.,1.));
#4147 = PCURVE('',#4115,#4148);
#4148 = DEFINITIONAL_REPRESENTATION('',(#4149),#4153);
#4149 = LINE('',#4150,#4151);
#4150 = CARTESIAN_POINT('',(0.,-0.));
#4151 = VECTOR('',#4152,1.);
#4152 = DIRECTION('',(0.,1.));
#4153 = ( GEOMETRIC_REPRESENTATION_CONTEXT(2) 
PARAMETRIC_REPRESENTATION_CONTEXT() REPRESENTATION_CONTEXT('2D SPACE',''
  ) );
#4154 = PCURVE('',#4155,#4160);
#4155 = PLANE('',#4156);
#4156 = AXIS2_PLACEMENT_3D('',#4157,#4158,#4159);
#4157 = CARTESIAN_POINT('',(0.,0.,85.5));
#4158 = DIRECTION('',(-0.773731228863,-0.633513997858,-0.));
#4159 = DIRECTION('',(0.633513997858,-0.773731228863,0.));
#4160 = DEFINITIONAL_REPRESENTATION('',(#4161),#4165);
#4161 = LINE('',#4162,#4163);
#4162 = CARTESIAN_POINT('',(36.,0.));
#4163 = VECTOR('',#4164,1.);
#4164 = DIRECTION('',(0.,1.));
#4165 = ( GEOMETRIC_REPRESENTATION_CONTEXT(2) 
PARAMETRIC_REPRESENTATION_CONTEXT() REPRESENTATION_CONTEXT('2D SPACE',''
  ) );
#4166 = ORIENTED_EDGE('',*,*,#4167,.T.);
#4167 = EDGE_CURVE('',#4140,#4168,#4170,.T.);
#4168 = VERTEX_POINT('',#4169);
#4169 = CARTESIAN_POINT('',(34.018450067331,-11.77900908466,85.5));
#4170 = SURFACE_CURVE('',#4171,(#4176,#4183),.PCURVE_S1.);
#4171 = CIRCLE('',#4172,36.);
#4172 = AXIS2_PLACEMENT_3D('',#4173,#4174,#4175);
#4173 = CARTESIAN_POINT('',(0.,0.,85.5));
#4174 = DIRECTION('',(-0.,0.,1.));
#4175 = DIRECTION('',(0.633513997858,-0.773731228863,0.));
#4176 = PCURVE('',#4115,#4177);
#4177 = DEFINITIONAL_REPRESENTATION('',(#4178),#4182);
#4178 = LINE('',#4179,#4180);
#4179 = CARTESIAN_POINT('',(0.,0.));
#4180 = VECTOR('',#4181,1.);
#4181 = DIRECTION('',(1.,0.));
#4182 = ( GEOMETRIC_REPRESENTATION_CONTEXT(2) 
PARAMETRIC_REPRESENTATION_CONTEXT() REPRESENTATION_CONTEXT('2D SPACE',''
  ) );
#4183 = PCURVE('',#4184,#4189);
#4184 = PLANE('',#4185);
#4185 = AXIS2_PLACEMENT_3D('',#4186,#4187,#4188);
#4186 = CARTESIAN_POINT('',(0.,0.,85.5));
#4187 = DIRECTION('',(0.,0.,1.));
#4188 = DIRECTION('',(0.633513997858,-0.773731228863,0.));
#4189 = DEFINITIONAL_REPRESENTATION('',(#4190),#4194);
#4190 = CIRCLE('',#4191,36.);
#4191 = AXIS2_PLACEMENT_2D('',#4192,#4193);
#4192 = CARTESIAN_POINT('',(0.,0.));
#4193 = DIRECTION('',(1.,0.));
#4194 = ( GEOMETRIC_REPRESENTATION_CONTEXT(2) 
PARAMETRIC_REPRESENTATION_CONTEXT() REPRESENTATION_CONTEXT('2D SPACE',''
  ) );
#4195 = ORIENTED_EDGE('',*,*,#4196,.T.);
#4196 = EDGE_CURVE('',#4168,#4106,#4197,.T.);
#4197 = SURFACE_CURVE('',#4198,(#4202,#4209),.PCURVE_S1.);
#4198 = LINE('',#4199,#4200);
#4199 = CARTESIAN_POINT('',(34.018450067331,-11.77900908466,85.5));
#4200 = VECTOR('',#4201,1.);
#4201 = DIRECTION('',(0.,0.,1.));
#4202 = PCURVE('',#4115,#4203);
#4203 = DEFINITIONAL_REPRESENTATION('',(#4204),#4208);
#4204 = LINE('',#4205,#4206);
#4205 = CARTESIAN_POINT('',(0.551376553376,-0.));
#4206 = VECTOR('',#4207,1.);
#4207 = DIRECTION('',(0.,1.));
#4208 = ( GEOMETRIC_REPRESENTATION_CONTEXT(2) 
PARAMETRIC_REPRESENTATION_CONTEXT() REPRESENTATION_CONTEXT('2D SPACE',''
  ) );
#4209 = PCURVE('',#4210,#4215);
#4210 = PLANE('',#4211);
#4211 = AXIS2_PLACEMENT_3D('',#4212,#4213,#4214);
#4212 = CARTESIAN_POINT('',(0.,0.,85.5));
#4213 = DIRECTION('',(-0.327194696796,-0.944956946315,0.));
#4214 = DIRECTION('',(0.944956946315,-0.327194696796,0.));
#4215 = DEFINITIONAL_REPRESENTATION('',(#4216),#4220);
#4216 = LINE('',#4217,#4218);
#4217 = CARTESIAN_POINT('',(36.,0.));
#4218 = VECTOR('',#4219,1.);
#4219 = DIRECTION('',(0.,1.));
#4220 = ( GEOMETRIC_REPRESENTATION_CONTEXT(2) 
PARAMETRIC_REPRESENTATION_CONTEXT() REPRESENTATION_CONTEXT('2D SPACE',''
  ) );
#4221 = ADVANCED_FACE('',(#4222),#4127,.T.);
#4222 = FACE_BOUND('',#4223,.T.);
#4223 = EDGE_LOOP('',(#4224,#4225,#4248,#4277));
#4224 = ORIENTED_EDGE('',*,*,#4103,.T.);
#4225 = ORIENTED_EDGE('',*,*,#4226,.F.);
#4226 = EDGE_CURVE('',#4227,#4106,#4229,.T.);
#4227 = VERTEX_POINT('',#4228);
#4228 = CARTESIAN_POINT('',(1.889913892629,-0.654389393592,87.));
#4229 = SURFACE_CURVE('',#4230,(#4234,#4241),.PCURVE_S1.);
#4230 = LINE('',#4231,#4232);
#4231 = CARTESIAN_POINT('',(0.,0.,87.));
#4232 = VECTOR('',#4233,1.);
#4233 = DIRECTION('',(0.944956946315,-0.327194696796,0.));
#4234 = PCURVE('',#4127,#4235);
#4235 = DEFINITIONAL_REPRESENTATION('',(#4236),#4240);
#4236 = LINE('',#4237,#4238);
#4237 = CARTESIAN_POINT('',(0.,0.));
#4238 = VECTOR('',#4239,1.);
#4239 = DIRECTION('',(0.851804207693,0.523860278849));
#4240 = ( GEOMETRIC_REPRESENTATION_CONTEXT(2) 
PARAMETRIC_REPRESENTATION_CONTEXT() REPRESENTATION_CONTEXT('2D SPACE',''
  ) );
#4241 = PCURVE('',#4210,#4242);
#4242 = DEFINITIONAL_REPRESENTATION('',(#4243),#4247);
#4243 = LINE('',#4244,#4245);
#4244 = CARTESIAN_POINT('',(0.,1.5));
#4245 = VECTOR('',#4246,1.);
#4246 = DIRECTION('',(1.,0.));
#4247 = ( GEOMETRIC_REPRESENTATION_CONTEXT(2) 
PARAMETRIC_REPRESENTATION_CONTEXT() REPRESENTATION_CONTEXT('2D SPACE',''
  ) );
#4248 = ORIENTED_EDGE('',*,*,#4249,.F.);
#4249 = EDGE_CURVE('',#4250,#4227,#4252,.T.);
#4250 = VERTEX_POINT('',#4251);
#4251 = CARTESIAN_POINT('',(1.267027995716,-1.547462457726,87.));
#4252 = SURFACE_CURVE('',#4253,(#4258,#4265),.PCURVE_S1.);
#4253 = CIRCLE('',#4254,2.);
#4254 = AXIS2_PLACEMENT_3D('',#4255,#4256,#4257);
#4255 = CARTESIAN_POINT('',(0.,0.,87.));
#4256 = DIRECTION('',(-0.,0.,1.));
#4257 = DIRECTION('',(0.633513997858,-0.773731228863,0.));
#4258 = PCURVE('',#4127,#4259);
#4259 = DEFINITIONAL_REPRESENTATION('',(#4260),#4264);
#4260 = CIRCLE('',#4261,2.);
#4261 = AXIS2_PLACEMENT_2D('',#4262,#4263);
#4262 = CARTESIAN_POINT('',(0.,0.));
#4263 = DIRECTION('',(1.,0.));
#4264 = ( GEOMETRIC_REPRESENTATION_CONTEXT(2) 
PARAMETRIC_REPRESENTATION_CONTEXT() REPRESENTATION_CONTEXT('2D SPACE',''
  ) );
#4265 = PCURVE('',#4266,#4271);
#4266 = CYLINDRICAL_SURFACE('',#4267,2.);
#4267 = AXIS2_PLACEMENT_3D('',#4268,#4269,#4270);
#4268 = CARTESIAN_POINT('',(0.,0.,84.5));
#4269 = DIRECTION('',(0.,0.,1.));
#4270 = DIRECTION('',(0.633513997858,-0.773731228863,0.));
#4271 = DEFINITIONAL_REPRESENTATION('',(#4272),#4276);
#4272 = LINE('',#4273,#4274);
#4273 = CARTESIAN_POINT('',(0.,2.5));
#4274 = VECTOR('',#4275,1.);
#4275 = DIRECTION('',(1.,0.));
#4276 = ( GEOMETRIC_REPRESENTATION_CONTEXT(2) 
PARAMETRIC_REPRESENTATION_CONTEXT() REPRESENTATION_CONTEXT('2D SPACE',''
  ) );
#4277 = ORIENTED_EDGE('',*,*,#4278,.T.);
#4278 = EDGE_CURVE('',#4250,#4104,#4279,.T.);
#4279 = SURFACE_CURVE('',#4280,(#4284,#4291),.PCURVE_S1.);
#4280 = LINE('',#4281,#4282);
#4281 = CARTESIAN_POINT('',(0.,0.,87.));
#4282 = VECTOR('',#4283,1.);
#4283 = DIRECTION('',(0.633513997858,-0.773731228863,0.));
#4284 = PCURVE('',#4127,#4285);
#4285 = DEFINITIONAL_REPRESENTATION('',(#4286),#4290);
#4286 = LINE('',#4287,#4288);
#4287 = CARTESIAN_POINT('',(0.,0.));
#4288 = VECTOR('',#4289,1.);
#4289 = DIRECTION('',(1.,0.));
#4290 = ( GEOMETRIC_REPRESENTATION_CONTEXT(2) 
PARAMETRIC_REPRESENTATION_CONTEXT() REPRESENTATION_CONTEXT('2D SPACE',''
  ) );
#4291 = PCURVE('',#4155,#4292);
#4292 = DEFINITIONAL_REPRESENTATION('',(#4293),#4297);
#4293 = LINE('',#4294,#4295);
#4294 = CARTESIAN_POINT('',(0.,1.5));
#4295 = VECTOR('',#4296,1.);
#4296 = DIRECTION('',(1.,0.));
#4297 = ( GEOMETRIC_REPRESENTATION_CONTEXT(2) 
PARAMETRIC_REPRESENTATION_CONTEXT() REPRESENTATION_CONTEXT('2D SPACE',''
  ) );
#4298 = ADVANCED_FACE('',(#4299),#4210,.F.);
#4299 = FACE_BOUND('',#4300,.F.);
#4300 = EDGE_LOOP('',(#4301,#4302,#4323,#4344));
#4301 = ORIENTED_EDGE('',*,*,#4226,.F.);
#4302 = ORIENTED_EDGE('',*,*,#4303,.F.);
#4303 = EDGE_CURVE('',#4304,#4227,#4306,.T.);
#4304 = VERTEX_POINT('',#4305);
#4305 = CARTESIAN_POINT('',(1.889913892629,-0.654389393592,85.5));
#4306 = SURFACE_CURVE('',#4307,(#4311,#4317),.PCURVE_S1.);
#4307 = LINE('',#4308,#4309);
#4308 = CARTESIAN_POINT('',(1.889913892629,-0.654389393592,84.5));
#4309 = VECTOR('',#4310,1.);
#4310 = DIRECTION('',(0.,0.,1.));
#4311 = PCURVE('',#4210,#4312);
#4312 = DEFINITIONAL_REPRESENTATION('',(#4313),#4316);
#4313 = B_SPLINE_CURVE_WITH_KNOTS('',1,(#4314,#4315),.UNSPECIFIED.,.F.,
  .F.,(2,2),(0.85,2.65),.PIECEWISE_BEZIER_KNOTS.);
#4314 = CARTESIAN_POINT('',(2.,-0.15));
#4315 = CARTESIAN_POINT('',(2.,1.65));
#4316 = ( GEOMETRIC_REPRESENTATION_CONTEXT(2) 
PARAMETRIC_REPRESENTATION_CONTEXT() REPRESENTATION_CONTEXT('2D SPACE',''
  ) );
#4317 = PCURVE('',#4266,#4318);
#4318 = DEFINITIONAL_REPRESENTATION('',(#4319),#4322);
#4319 = B_SPLINE_CURVE_WITH_KNOTS('',1,(#4320,#4321),.UNSPECIFIED.,.F.,
  .F.,(2,2),(0.85,2.65),.PIECEWISE_BEZIER_KNOTS.);
#4320 = CARTESIAN_POINT('',(0.551376553376,0.85));
#4321 = CARTESIAN_POINT('',(0.551376553376,2.65));
#4322 = ( GEOMETRIC_REPRESENTATION_CONTEXT(2) 
PARAMETRIC_REPRESENTATION_CONTEXT() REPRESENTATION_CONTEXT('2D SPACE',''
  ) );
#4323 = ORIENTED_EDGE('',*,*,#4324,.T.);
#4324 = EDGE_CURVE('',#4304,#4168,#4325,.T.);
#4325 = SURFACE_CURVE('',#4326,(#4330,#4337),.PCURVE_S1.);
#4326 = LINE('',#4327,#4328);
#4327 = CARTESIAN_POINT('',(0.,0.,85.5));
#4328 = VECTOR('',#4329,1.);
#4329 = DIRECTION('',(0.944956946315,-0.327194696796,0.));
#4330 = PCURVE('',#4210,#4331);
#4331 = DEFINITIONAL_REPRESENTATION('',(#4332),#4336);
#4332 = LINE('',#4333,#4334);
#4333 = CARTESIAN_POINT('',(0.,0.));
#4334 = VECTOR('',#4335,1.);
#4335 = DIRECTION('',(1.,0.));
#4336 = ( GEOMETRIC_REPRESENTATION_CONTEXT(2) 
PARAMETRIC_REPRESENTATION_CONTEXT() REPRESENTATION_CONTEXT('2D SPACE',''
  ) );
#4337 = PCURVE('',#4184,#4338);
#4338 = DEFINITIONAL_REPRESENTATION('',(#4339),#4343);
#4339 = LINE('',#4340,#4341);
#4340 = CARTESIAN_POINT('',(0.,0.));
#4341 = VECTOR('',#4342,1.);
#4342 = DIRECTION('',(0.851804207693,0.523860278849));
#4343 = ( GEOMETRIC_REPRESENTATION_CONTEXT(2) 
PARAMETRIC_REPRESENTATION_CONTEXT() REPRESENTATION_CONTEXT('2D SPACE',''
  ) );
#4344 = ORIENTED_EDGE('',*,*,#4196,.T.);
#4345 = ADVANCED_FACE('',(#4346),#4184,.F.);
#4346 = FACE_BOUND('',#4347,.F.);
#4347 = EDGE_LOOP('',(#4348,#4349,#4350,#4374));
#4348 = ORIENTED_EDGE('',*,*,#4167,.T.);
#4349 = ORIENTED_EDGE('',*,*,#4324,.F.);
#4350 = ORIENTED_EDGE('',*,*,#4351,.F.);
#4351 = EDGE_CURVE('',#4352,#4304,#4354,.T.);
#4352 = VERTEX_POINT('',#4353);
#4353 = CARTESIAN_POINT('',(1.267027995716,-1.547462457726,85.5));
#4354 = SURFACE_CURVE('',#4355,(#4360,#4367),.PCURVE_S1.);
#4355 = CIRCLE('',#4356,2.);
#4356 = AXIS2_PLACEMENT_3D('',#4357,#4358,#4359);
#4357 = CARTESIAN_POINT('',(0.,0.,85.5));
#4358 = DIRECTION('',(-0.,0.,1.));
#4359 = DIRECTION('',(0.633513997858,-0.773731228863,0.));
#4360 = PCURVE('',#4184,#4361);
#4361 = DEFINITIONAL_REPRESENTATION('',(#4362),#4366);
#4362 = CIRCLE('',#4363,2.);
#4363 = AXIS2_PLACEMENT_2D('',#4364,#4365);
#4364 = CARTESIAN_POINT('',(0.,0.));
#4365 = DIRECTION('',(1.,0.));
#4366 = ( GEOMETRIC_REPRESENTATION_CONTEXT(2) 
PARAMETRIC_REPRESENTATION_CONTEXT() REPRESENTATION_CONTEXT('2D SPACE',''
  ) );
#4367 = PCURVE('',#4266,#4368);
#4368 = DEFINITIONAL_REPRESENTATION('',(#4369),#4373);
#4369 = LINE('',#4370,#4371);
#4370 = CARTESIAN_POINT('',(0.,1.));
#4371 = VECTOR('',#4372,1.);
#4372 = DIRECTION('',(1.,0.));
#4373 = ( GEOMETRIC_REPRESENTATION_CONTEXT(2) 
PARAMETRIC_REPRESENTATION_CONTEXT() REPRESENTATION_CONTEXT('2D SPACE',''
  ) );
#4374 = ORIENTED_EDGE('',*,*,#4375,.T.);
#4375 = EDGE_CURVE('',#4352,#4140,#4376,.T.);
#4376 = SURFACE_CURVE('',#4377,(#4381,#4388),.PCURVE_S1.);
#4377 = LINE('',#4378,#4379);
#4378 = CARTESIAN_POINT('',(0.,0.,85.5));
#4379 = VECTOR('',#4380,1.);
#4380 = DIRECTION('',(0.633513997858,-0.773731228863,0.));
#4381 = PCURVE('',#4184,#4382);
#4382 = DEFINITIONAL_REPRESENTATION('',(#4383),#4387);
#4383 = LINE('',#4384,#4385);
#4384 = CARTESIAN_POINT('',(0.,0.));
#4385 = VECTOR('',#4386,1.);
#4386 = DIRECTION('',(1.,0.));
#4387 = ( GEOMETRIC_REPRESENTATION_CONTEXT(2) 
PARAMETRIC_REPRESENTATION_CONTEXT() REPRESENTATION_CONTEXT('2D SPACE',''
  ) );
#4388 = PCURVE('',#4155,#4389);
#4389 = DEFINITIONAL_REPRESENTATION('',(#4390),#4394);
#4390 = LINE('',#4391,#4392);
#4391 = CARTESIAN_POINT('',(0.,0.));
#4392 = VECTOR('',#4393,1.);
#4393 = DIRECTION('',(1.,0.));
#4394 = ( GEOMETRIC_REPRESENTATION_CONTEXT(2) 
PARAMETRIC_REPRESENTATION_CONTEXT() REPRESENTATION_CONTEXT('2D SPACE',''
  ) );
#4395 = ADVANCED_FACE('',(#4396),#4155,.T.);
#4396 = FACE_BOUND('',#4397,.T.);
#4397 = EDGE_LOOP('',(#4398,#4419,#4420,#4421));
#4398 = ORIENTED_EDGE('',*,*,#4399,.F.);
#4399 = EDGE_CURVE('',#4352,#4250,#4400,.T.);
#4400 = SURFACE_CURVE('',#4401,(#4405,#4412),.PCURVE_S1.);
#4401 = LINE('',#4402,#4403);
#4402 = CARTESIAN_POINT('',(1.267027995716,-1.547462457726,84.5));
#4403 = VECTOR('',#4404,1.);
#4404 = DIRECTION('',(0.,0.,1.));
#4405 = PCURVE('',#4155,#4406);
#4406 = DEFINITIONAL_REPRESENTATION('',(#4407),#4411);
#4407 = LINE('',#4408,#4409);
#4408 = CARTESIAN_POINT('',(2.,-1.));
#4409 = VECTOR('',#4410,1.);
#4410 = DIRECTION('',(0.,1.));
#4411 = ( GEOMETRIC_REPRESENTATION_CONTEXT(2) 
PARAMETRIC_REPRESENTATION_CONTEXT() REPRESENTATION_CONTEXT('2D SPACE',''
  ) );
#4412 = PCURVE('',#4266,#4413);
#4413 = DEFINITIONAL_REPRESENTATION('',(#4414),#4418);
#4414 = LINE('',#4415,#4416);
#4415 = CARTESIAN_POINT('',(0.,-0.));
#4416 = VECTOR('',#4417,1.);
#4417 = DIRECTION('',(0.,1.));
#4418 = ( GEOMETRIC_REPRESENTATION_CONTEXT(2) 
PARAMETRIC_REPRESENTATION_CONTEXT() REPRESENTATION_CONTEXT('2D SPACE',''
  ) );
#4419 = ORIENTED_EDGE('',*,*,#4375,.T.);
#4420 = ORIENTED_EDGE('',*,*,#4139,.T.);
#4421 = ORIENTED_EDGE('',*,*,#4278,.F.);
#4422 = ADVANCED_FACE('',(#4423),#4266,.F.);
#4423 = FACE_BOUND('',#4424,.F.);
#4424 = EDGE_LOOP('',(#4425,#4426,#4427,#4428));
#4425 = ORIENTED_EDGE('',*,*,#4249,.F.);
#4426 = ORIENTED_EDGE('',*,*,#4399,.F.);
#4427 = ORIENTED_EDGE('',*,*,#4351,.T.);
#4428 = ORIENTED_EDGE('',*,*,#4303,.T.);
#4429 = MANIFOLD_SOLID_BREP('',#4430);
#4430 = CLOSED_SHELL('',(#4431,#4553,#4630,#4677,#4727,#4754));
#4431 = ADVANCED_FACE('',(#4432),#4447,.T.);
#4432 = FACE_BOUND('',#4433,.T.);
#4433 = EDGE_LOOP('',(#4434,#4470,#4498,#4527));
#4434 = ORIENTED_EDGE('',*,*,#4435,.F.);
#4435 = EDGE_CURVE('',#4436,#4438,#4440,.T.);
#4436 = VERTEX_POINT('',#4437);
#4437 = CARTESIAN_POINT('',(4.834901941257,-35.67385209391,94.25));
#4438 = VERTEX_POINT('',#4439);
#4439 = CARTESIAN_POINT('',(22.806503922895,-27.85432423906,94.25));
#4440 = SURFACE_CURVE('',#4441,(#4446,#4458),.PCURVE_S1.);
#4441 = CIRCLE('',#4442,36.);
#4442 = AXIS2_PLACEMENT_3D('',#4443,#4444,#4445);
#4443 = CARTESIAN_POINT('',(0.,0.,94.25));
#4444 = DIRECTION('',(-0.,0.,1.));
#4445 = DIRECTION('',(0.134302831702,-0.990940335942,0.));
#4446 = PCURVE('',#4447,#4452);
#4447 = CYLINDRICAL_SURFACE('',#4448,36.);
#4448 = AXIS2_PLACEMENT_3D('',#4449,#4450,#4451);
#4449 = CARTESIAN_POINT('',(0.,0.,92.75));
#4450 = DIRECTION('',(0.,0.,1.));
#4451 = DIRECTION('',(0.134302831702,-0.990940335942,0.));
#4452 = DEFINITIONAL_REPRESENTATION('',(#4453),#4457);
#4453 = LINE('',#4454,#4455);
#4454 = CARTESIAN_POINT('',(0.,1.5));
#4455 = VECTOR('',#4456,1.);
#4456 = DIRECTION('',(1.,0.));
#4457 = ( GEOMETRIC_REPRESENTATION_CONTEXT(2) 
PARAMETRIC_REPRESENTATION_CONTEXT() REPRESENTATION_CONTEXT('2D SPACE',''
  ) );
#4458 = PCURVE('',#4459,#4464);
#4459 = PLANE('',#4460);
#4460 = AXIS2_PLACEMENT_3D('',#4461,#4462,#4463);
#4461 = CARTESIAN_POINT('',(0.,0.,94.25));
#4462 = DIRECTION('',(0.,0.,1.));
#4463 = DIRECTION('',(0.134302831702,-0.990940335942,0.));
#4464 = DEFINITIONAL_REPRESENTATION('',(#4465),#4469);
#4465 = CIRCLE('',#4466,36.);
#4466 = AXIS2_PLACEMENT_2D('',#4467,#4468);
#4467 = CARTESIAN_POINT('',(0.,0.));
#4468 = DIRECTION('',(1.,0.));
#4469 = ( GEOMETRIC_REPRESENTATION_CONTEXT(2) 
PARAMETRIC_REPRESENTATION_CONTEXT() REPRESENTATION_CONTEXT('2D SPACE',''
  ) );
#4470 = ORIENTED_EDGE('',*,*,#4471,.F.);
#4471 = EDGE_CURVE('',#4472,#4436,#4474,.T.);
#4472 = VERTEX_POINT('',#4473);
#4473 = CARTESIAN_POINT('',(4.834901941257,-35.67385209391,92.75));
#4474 = SURFACE_CURVE('',#4475,(#4479,#4486),.PCURVE_S1.);
#4475 = LINE('',#4476,#4477);
#4476 = CARTESIAN_POINT('',(4.834901941257,-35.67385209391,92.75));
#4477 = VECTOR('',#4478,1.);
#4478 = DIRECTION('',(0.,0.,1.));
#4479 = PCURVE('',#4447,#4480);
#4480 = DEFINITIONAL_REPRESENTATION('',(#4481),#4485);
#4481 = LINE('',#4482,#4483);
#4482 = CARTESIAN_POINT('',(0.,-0.));
#4483 = VECTOR('',#4484,1.);
#4484 = DIRECTION('',(0.,1.));
#4485 = ( GEOMETRIC_REPRESENTATION_CONTEXT(2) 
PARAMETRIC_REPRESENTATION_CONTEXT() REPRESENTATION_CONTEXT('2D SPACE',''
  ) );
#4486 = PCURVE('',#4487,#4492);
#4487 = PLANE('',#4488);
#4488 = AXIS2_PLACEMENT_3D('',#4489,#4490,#4491);
#4489 = CARTESIAN_POINT('',(0.,0.,92.75));
#4490 = DIRECTION('',(-0.990940335942,-0.134302831702,-0.));
#4491 = DIRECTION('',(0.134302831702,-0.990940335942,0.));
#4492 = DEFINITIONAL_REPRESENTATION('',(#4493),#4497);
#4493 = LINE('',#4494,#4495);
#4494 = CARTESIAN_POINT('',(36.,0.));
#4495 = VECTOR('',#4496,1.);
#4496 = DIRECTION('',(0.,1.));
#4497 = ( GEOMETRIC_REPRESENTATION_CONTEXT(2) 
PARAMETRIC_REPRESENTATION_CONTEXT() REPRESENTATION_CONTEXT('2D SPACE',''
  ) );
#4498 = ORIENTED_EDGE('',*,*,#4499,.T.);
#4499 = EDGE_CURVE('',#4472,#4500,#4502,.T.);
#4500 = VERTEX_POINT('',#4501);
#4501 = CARTESIAN_POINT('',(22.806503922895,-27.85432423906,92.75));
#4502 = SURFACE_CURVE('',#4503,(#4508,#4515),.PCURVE_S1.);
#4503 = CIRCLE('',#4504,36.);
#4504 = AXIS2_PLACEMENT_3D('',#4505,#4506,#4507);
#4505 = CARTESIAN_POINT('',(0.,0.,92.75));
#4506 = DIRECTION('',(-0.,0.,1.));
#4507 = DIRECTION('',(0.134302831702,-0.990940335942,0.));
#4508 = PCURVE('',#4447,#4509);
#4509 = DEFINITIONAL_REPRESENTATION('',(#4510),#4514);
#4510 = LINE('',#4511,#4512);
#4511 = CARTESIAN_POINT('',(0.,0.));
#4512 = VECTOR('',#4513,1.);
#4513 = DIRECTION('',(1.,0.));
#4514 = ( GEOMETRIC_REPRESENTATION_CONTEXT(2) 
PARAMETRIC_REPRESENTATION_CONTEXT() REPRESENTATION_CONTEXT('2D SPACE',''
  ) );
#4515 = PCURVE('',#4516,#4521);
#4516 = PLANE('',#4517);
#4517 = AXIS2_PLACEMENT_3D('',#4518,#4519,#4520);
#4518 = CARTESIAN_POINT('',(0.,0.,92.75));
#4519 = DIRECTION('',(0.,0.,1.));
#4520 = DIRECTION('',(0.134302831702,-0.990940335942,0.));
#4521 = DEFINITIONAL_REPRESENTATION('',(#4522),#4526);
#4522 = CIRCLE('',#4523,36.);
#4523 = AXIS2_PLACEMENT_2D('',#4524,#4525);
#4524 = CARTESIAN_POINT('',(0.,0.));
#4525 = DIRECTION('',(1.,0.));
#4526 = ( GEOMETRIC_REPRESENTATION_CONTEXT(2) 
PARAMETRIC_REPRESENTATION_CONTEXT() REPRESENTATION_CONTEXT('2D SPACE',''
  ) );
#4527 = ORIENTED_EDGE('',*,*,#4528,.T.);
#4528 = EDGE_CURVE('',#4500,#4438,#4529,.T.);
#4529 = SURFACE_CURVE('',#4530,(#4534,#4541),.PCURVE_S1.);
#4530 = LINE('',#4531,#4532);
#4531 = CARTESIAN_POINT('',(22.806503922895,-27.85432423906,92.75));
#4532 = VECTOR('',#4533,1.);
#4533 = DIRECTION('',(0.,0.,1.));
#4534 = PCURVE('',#4447,#4535);
#4535 = DEFINITIONAL_REPRESENTATION('',(#4536),#4540);
#4536 = LINE('',#4537,#4538);
#4537 = CARTESIAN_POINT('',(0.551376553376,-0.));
#4538 = VECTOR('',#4539,1.);
#4539 = DIRECTION('',(0.,1.));
#4540 = ( GEOMETRIC_REPRESENTATION_CONTEXT(2) 
PARAMETRIC_REPRESENTATION_CONTEXT() REPRESENTATION_CONTEXT('2D SPACE',''
  ) );
#4541 = PCURVE('',#4542,#4547);
#4542 = PLANE('',#4543);
#4543 = AXIS2_PLACEMENT_3D('',#4544,#4545,#4546);
#4544 = CARTESIAN_POINT('',(0.,0.,92.75));
#4545 = DIRECTION('',(-0.773731228863,-0.633513997858,0.));
#4546 = DIRECTION('',(0.633513997858,-0.773731228863,0.));
#4547 = DEFINITIONAL_REPRESENTATION('',(#4548),#4552);
#4548 = LINE('',#4549,#4550);
#4549 = CARTESIAN_POINT('',(36.,0.));
#4550 = VECTOR('',#4551,1.);
#4551 = DIRECTION('',(0.,1.));
#4552 = ( GEOMETRIC_REPRESENTATION_CONTEXT(2) 
PARAMETRIC_REPRESENTATION_CONTEXT() REPRESENTATION_CONTEXT('2D SPACE',''
  ) );
#4553 = ADVANCED_FACE('',(#4554),#4459,.T.);
#4554 = FACE_BOUND('',#4555,.T.);
#4555 = EDGE_LOOP('',(#4556,#4557,#4580,#4609));
#4556 = ORIENTED_EDGE('',*,*,#4435,.T.);
#4557 = ORIENTED_EDGE('',*,*,#4558,.F.);
#4558 = EDGE_CURVE('',#4559,#4438,#4561,.T.);
#4559 = VERTEX_POINT('',#4560);
#4560 = CARTESIAN_POINT('',(1.267027995716,-1.547462457726,94.25));
#4561 = SURFACE_CURVE('',#4562,(#4566,#4573),.PCURVE_S1.);
#4562 = LINE('',#4563,#4564);
#4563 = CARTESIAN_POINT('',(0.,0.,94.25));
#4564 = VECTOR('',#4565,1.);
#4565 = DIRECTION('',(0.633513997858,-0.773731228863,0.));
#4566 = PCURVE('',#4459,#4567);
#4567 = DEFINITIONAL_REPRESENTATION('',(#4568),#4572);
#4568 = LINE('',#4569,#4570);
#4569 = CARTESIAN_POINT('',(0.,0.));
#4570 = VECTOR('',#4571,1.);
#4571 = DIRECTION('',(0.851804207693,0.523860278849));
#4572 = ( GEOMETRIC_REPRESENTATION_CONTEXT(2) 
PARAMETRIC_REPRESENTATION_CONTEXT() REPRESENTATION_CONTEXT('2D SPACE',''
  ) );
#4573 = PCURVE('',#4542,#4574);
#4574 = DEFINITIONAL_REPRESENTATION('',(#4575),#4579);
#4575 = LINE('',#4576,#4577);
#4576 = CARTESIAN_POINT('',(0.,1.5));
#4577 = VECTOR('',#4578,1.);
#4578 = DIRECTION('',(1.,0.));
#4579 = ( GEOMETRIC_REPRESENTATION_CONTEXT(2) 
PARAMETRIC_REPRESENTATION_CONTEXT() REPRESENTATION_CONTEXT('2D SPACE',''
  ) );
#4580 = ORIENTED_EDGE('',*,*,#4581,.F.);
#4581 = EDGE_CURVE('',#4582,#4559,#4584,.T.);
#4582 = VERTEX_POINT('',#4583);
#4583 = CARTESIAN_POINT('',(0.268605663403,-1.981880671884,94.25));
#4584 = SURFACE_CURVE('',#4585,(#4590,#4597),.PCURVE_S1.);
#4585 = CIRCLE('',#4586,2.);
#4586 = AXIS2_PLACEMENT_3D('',#4587,#4588,#4589);
#4587 = CARTESIAN_POINT('',(0.,0.,94.25));
#4588 = DIRECTION('',(-0.,0.,1.));
#4589 = DIRECTION('',(0.134302831702,-0.990940335942,0.));
#4590 = PCURVE('',#4459,#4591);
#4591 = DEFINITIONAL_REPRESENTATION('',(#4592),#4596);
#4592 = CIRCLE('',#4593,2.);
#4593 = AXIS2_PLACEMENT_2D('',#4594,#4595);
#4594 = CARTESIAN_POINT('',(0.,0.));
#4595 = DIRECTION('',(1.,0.));
#4596 = ( GEOMETRIC_REPRESENTATION_CONTEXT(2) 
PARAMETRIC_REPRESENTATION_CONTEXT() REPRESENTATION_CONTEXT('2D SPACE',''
  ) );
#4597 = PCURVE('',#4598,#4603);
#4598 = CYLINDRICAL_SURFACE('',#4599,2.);
#4599 = AXIS2_PLACEMENT_3D('',#4600,#4601,#4602);
#4600 = CARTESIAN_POINT('',(0.,0.,91.75));
#4601 = DIRECTION('',(0.,0.,1.));
#4602 = DIRECTION('',(0.134302831702,-0.990940335942,0.));
#4603 = DEFINITIONAL_REPRESENTATION('',(#4604),#4608);
#4604 = LINE('',#4605,#4606);
#4605 = CARTESIAN_POINT('',(0.,2.5));
#4606 = VECTOR('',#4607,1.);
#4607 = DIRECTION('',(1.,0.));
#4608 = ( GEOMETRIC_REPRESENTATION_CONTEXT(2) 
PARAMETRIC_REPRESENTATION_CONTEXT() REPRESENTATION_CONTEXT('2D SPACE',''
  ) );
#4609 = ORIENTED_EDGE('',*,*,#4610,.T.);
#4610 = EDGE_CURVE('',#4582,#4436,#4611,.T.);
#4611 = SURFACE_CURVE('',#4612,(#4616,#4623),.PCURVE_S1.);
#4612 = LINE('',#4613,#4614);
#4613 = CARTESIAN_POINT('',(0.,0.,94.25));
#4614 = VECTOR('',#4615,1.);
#4615 = DIRECTION('',(0.134302831702,-0.990940335942,0.));
#4616 = PCURVE('',#4459,#4617);
#4617 = DEFINITIONAL_REPRESENTATION('',(#4618),#4622);
#4618 = LINE('',#4619,#4620);
#4619 = CARTESIAN_POINT('',(0.,0.));
#4620 = VECTOR('',#4621,1.);
#4621 = DIRECTION('',(1.,0.));
#4622 = ( GEOMETRIC_REPRESENTATION_CONTEXT(2) 
PARAMETRIC_REPRESENTATION_CONTEXT() REPRESENTATION_CONTEXT('2D SPACE',''
  ) );
#4623 = PCURVE('',#4487,#4624);
#4624 = DEFINITIONAL_REPRESENTATION('',(#4625),#4629);
#4625 = LINE('',#4626,#4627);
#4626 = CARTESIAN_POINT('',(0.,1.5));
#4627 = VECTOR('',#4628,1.);
#4628 = DIRECTION('',(1.,0.));
#4629 = ( GEOMETRIC_REPRESENTATION_CONTEXT(2) 
PARAMETRIC_REPRESENTATION_CONTEXT() REPRESENTATION_CONTEXT('2D SPACE',''
  ) );
#4630 = ADVANCED_FACE('',(#4631),#4542,.F.);
#4631 = FACE_BOUND('',#4632,.F.);
#4632 = EDGE_LOOP('',(#4633,#4634,#4655,#4676));
#4633 = ORIENTED_EDGE('',*,*,#4558,.F.);
#4634 = ORIENTED_EDGE('',*,*,#4635,.F.);
#4635 = EDGE_CURVE('',#4636,#4559,#4638,.T.);
#4636 = VERTEX_POINT('',#4637);
#4637 = CARTESIAN_POINT('',(1.267027995716,-1.547462457726,92.75));
#4638 = SURFACE_CURVE('',#4639,(#4643,#4649),.PCURVE_S1.);
#4639 = LINE('',#4640,#4641);
#4640 = CARTESIAN_POINT('',(1.267027995716,-1.547462457726,91.75));
#4641 = VECTOR('',#4642,1.);
#4642 = DIRECTION('',(0.,0.,1.));
#4643 = PCURVE('',#4542,#4644);
#4644 = DEFINITIONAL_REPRESENTATION('',(#4645),#4648);
#4645 = B_SPLINE_CURVE_WITH_KNOTS('',1,(#4646,#4647),.UNSPECIFIED.,.F.,
  .F.,(2,2),(0.85,2.65),.PIECEWISE_BEZIER_KNOTS.);
#4646 = CARTESIAN_POINT('',(2.,-0.15));
#4647 = CARTESIAN_POINT('',(2.,1.65));
#4648 = ( GEOMETRIC_REPRESENTATION_CONTEXT(2) 
PARAMETRIC_REPRESENTATION_CONTEXT() REPRESENTATION_CONTEXT('2D SPACE',''
  ) );
#4649 = PCURVE('',#4598,#4650);
#4650 = DEFINITIONAL_REPRESENTATION('',(#4651),#4654);
#4651 = B_SPLINE_CURVE_WITH_KNOTS('',1,(#4652,#4653),.UNSPECIFIED.,.F.,
  .F.,(2,2),(0.85,2.65),.PIECEWISE_BEZIER_KNOTS.);
#4652 = CARTESIAN_POINT('',(0.551376553376,0.85));
#4653 = CARTESIAN_POINT('',(0.551376553376,2.65));
#4654 = ( GEOMETRIC_REPRESENTATION_CONTEXT(2) 
PARAMETRIC_REPRESENTATION_CONTEXT() REPRESENTATION_CONTEXT('2D SPACE',''
  ) );
#4655 = ORIENTED_EDGE('',*,*,#4656,.T.);
#4656 = EDGE_CURVE('',#4636,#4500,#4657,.T.);
#4657 = SURFACE_CURVE('',#4658,(#4662,#4669),.PCURVE_S1.);
#4658 = LINE('',#4659,#4660);
#4659 = CARTESIAN_POINT('',(0.,0.,92.75));
#4660 = VECTOR('',#4661,1.);
#4661 = DIRECTION('',(0.633513997858,-0.773731228863,0.));
#4662 = PCURVE('',#4542,#4663);
#4663 = DEFINITIONAL_REPRESENTATION('',(#4664),#4668);
#4664 = LINE('',#4665,#4666);
#4665 = CARTESIAN_POINT('',(0.,0.));
#4666 = VECTOR('',#4667,1.);
#4667 = DIRECTION('',(1.,0.));
#4668 = ( GEOMETRIC_REPRESENTATION_CONTEXT(2) 
PARAMETRIC_REPRESENTATION_CONTEXT() REPRESENTATION_CONTEXT('2D SPACE',''
  ) );
#4669 = PCURVE('',#4516,#4670);
#4670 = DEFINITIONAL_REPRESENTATION('',(#4671),#4675);
#4671 = LINE('',#4672,#4673);
#4672 = CARTESIAN_POINT('',(0.,0.));
#4673 = VECTOR('',#4674,1.);
#4674 = DIRECTION('',(0.851804207693,0.523860278849));
#4675 = ( GEOMETRIC_REPRESENTATION_CONTEXT(2) 
PARAMETRIC_REPRESENTATION_CONTEXT() REPRESENTATION_CONTEXT('2D SPACE',''
  ) );
#4676 = ORIENTED_EDGE('',*,*,#4528,.T.);
#4677 = ADVANCED_FACE('',(#4678),#4516,.F.);
#4678 = FACE_BOUND('',#4679,.F.);
#4679 = EDGE_LOOP('',(#4680,#4681,#4682,#4706));
#4680 = ORIENTED_EDGE('',*,*,#4499,.T.);
#4681 = ORIENTED_EDGE('',*,*,#4656,.F.);
#4682 = ORIENTED_EDGE('',*,*,#4683,.F.);
#4683 = EDGE_CURVE('',#4684,#4636,#4686,.T.);
#4684 = VERTEX_POINT('',#4685);
#4685 = CARTESIAN_POINT('',(0.268605663403,-1.981880671884,92.75));
#4686 = SURFACE_CURVE('',#4687,(#4692,#4699),.PCURVE_S1.);
#4687 = CIRCLE('',#4688,2.);
#4688 = AXIS2_PLACEMENT_3D('',#4689,#4690,#4691);
#4689 = CARTESIAN_POINT('',(0.,0.,92.75));
#4690 = DIRECTION('',(-0.,0.,1.));
#4691 = DIRECTION('',(0.134302831702,-0.990940335942,0.));
#4692 = PCURVE('',#4516,#4693);
#4693 = DEFINITIONAL_REPRESENTATION('',(#4694),#4698);
#4694 = CIRCLE('',#4695,2.);
#4695 = AXIS2_PLACEMENT_2D('',#4696,#4697);
#4696 = CARTESIAN_POINT('',(0.,0.));
#4697 = DIRECTION('',(1.,0.));
#4698 = ( GEOMETRIC_REPRESENTATION_CONTEXT(2) 
PARAMETRIC_REPRESENTATION_CONTEXT() REPRESENTATION_CONTEXT('2D SPACE',''
  ) );
#4699 = PCURVE('',#4598,#4700);
#4700 = DEFINITIONAL_REPRESENTATION('',(#4701),#4705);
#4701 = LINE('',#4702,#4703);
#4702 = CARTESIAN_POINT('',(0.,1.));
#4703 = VECTOR('',#4704,1.);
#4704 = DIRECTION('',(1.,0.));
#4705 = ( GEOMETRIC_REPRESENTATION_CONTEXT(2) 
PARAMETRIC_REPRESENTATION_CONTEXT() REPRESENTATION_CONTEXT('2D SPACE',''
  ) );
#4706 = ORIENTED_EDGE('',*,*,#4707,.T.);
#4707 = EDGE_CURVE('',#4684,#4472,#4708,.T.);
#4708 = SURFACE_CURVE('',#4709,(#4713,#4720),.PCURVE_S1.);
#4709 = LINE('',#4710,#4711);
#4710 = CARTESIAN_POINT('',(0.,0.,92.75));
#4711 = VECTOR('',#4712,1.);
#4712 = DIRECTION('',(0.134302831702,-0.990940335942,0.));
#4713 = PCURVE('',#4516,#4714);
#4714 = DEFINITIONAL_REPRESENTATION('',(#4715),#4719);
#4715 = LINE('',#4716,#4717);
#4716 = CARTESIAN_POINT('',(0.,0.));
#4717 = VECTOR('',#4718,1.);
#4718 = DIRECTION('',(1.,0.));
#4719 = ( GEOMETRIC_REPRESENTATION_CONTEXT(2) 
PARAMETRIC_REPRESENTATION_CONTEXT() REPRESENTATION_CONTEXT('2D SPACE',''
  ) );
#4720 = PCURVE('',#4487,#4721);
#4721 = DEFINITIONAL_REPRESENTATION('',(#4722),#4726);
#4722 = LINE('',#4723,#4724);
#4723 = CARTESIAN_POINT('',(0.,0.));
#4724 = VECTOR('',#4725,1.);
#4725 = DIRECTION('',(1.,0.));
#4726 = ( GEOMETRIC_REPRESENTATION_CONTEXT(2) 
PARAMETRIC_REPRESENTATION_CONTEXT() REPRESENTATION_CONTEXT('2D SPACE',''
  ) );
#4727 = ADVANCED_FACE('',(#4728),#4487,.T.);
#4728 = FACE_BOUND('',#4729,.T.);
#4729 = EDGE_LOOP('',(#4730,#4751,#4752,#4753));
#4730 = ORIENTED_EDGE('',*,*,#4731,.F.);
#4731 = EDGE_CURVE('',#4684,#4582,#4732,.T.);
#4732 = SURFACE_CURVE('',#4733,(#4737,#4744),.PCURVE_S1.);
#4733 = LINE('',#4734,#4735);
#4734 = CARTESIAN_POINT('',(0.268605663403,-1.981880671884,91.75));
#4735 = VECTOR('',#4736,1.);
#4736 = DIRECTION('',(0.,0.,1.));
#4737 = PCURVE('',#4487,#4738);
#4738 = DEFINITIONAL_REPRESENTATION('',(#4739),#4743);
#4739 = LINE('',#4740,#4741);
#4740 = CARTESIAN_POINT('',(2.,-1.));
#4741 = VECTOR('',#4742,1.);
#4742 = DIRECTION('',(0.,1.));
#4743 = ( GEOMETRIC_REPRESENTATION_CONTEXT(2) 
PARAMETRIC_REPRESENTATION_CONTEXT() REPRESENTATION_CONTEXT('2D SPACE',''
  ) );
#4744 = PCURVE('',#4598,#4745);
#4745 = DEFINITIONAL_REPRESENTATION('',(#4746),#4750);
#4746 = LINE('',#4747,#4748);
#4747 = CARTESIAN_POINT('',(0.,-0.));
#4748 = VECTOR('',#4749,1.);
#4749 = DIRECTION('',(0.,1.));
#4750 = ( GEOMETRIC_REPRESENTATION_CONTEXT(2) 
PARAMETRIC_REPRESENTATION_CONTEXT() REPRESENTATION_CONTEXT('2D SPACE',''
  ) );
#4751 = ORIENTED_EDGE('',*,*,#4707,.T.);
#4752 = ORIENTED_EDGE('',*,*,#4471,.T.);
#4753 = ORIENTED_EDGE('',*,*,#4610,.F.);
#4754 = ADVANCED_FACE('',(#4755),#4598,.F.);
#4755 = FACE_BOUND('',#4756,.F.);
#4756 = EDGE_LOOP('',(#4757,#4758,#4759,#4760));
#4757 = ORIENTED_EDGE('',*,*,#4581,.F.);
#4758 = ORIENTED_EDGE('',*,*,#4731,.F.);
#4759 = ORIENTED_EDGE('',*,*,#4683,.T.);
#4760 = ORIENTED_EDGE('',*,*,#4635,.T.);
#4761 = MANIFOLD_SOLID_BREP('',#4762);
#4762 = CLOSED_SHELL('',(#4763,#4885,#4962,#5009,#5059,#5086));
#4763 = ADVANCED_FACE('',(#4764),#4779,.T.);
#4764 = FACE_BOUND('',#4765,.T.);
#4765 = EDGE_LOOP('',(#4766,#4802,#4830,#4859));
#4766 = ORIENTED_EDGE('',*,*,#4767,.F.);
#4767 = EDGE_CURVE('',#4768,#4770,#4772,.T.);
#4768 = VERTEX_POINT('',#4769);
#4769 = CARTESIAN_POINT('',(-14.5697242882,-32.91995039737,101.5));
#4770 = VERTEX_POINT('',#4771);
#4771 = CARTESIAN_POINT('',(4.834901941257,-35.67385209391,101.5));
#4772 = SURFACE_CURVE('',#4773,(#4778,#4790),.PCURVE_S1.);
#4773 = CIRCLE('',#4774,36.);
#4774 = AXIS2_PLACEMENT_3D('',#4775,#4776,#4777);
#4775 = CARTESIAN_POINT('',(0.,0.,101.5));
#4776 = DIRECTION('',(0.,0.,1.));
#4777 = DIRECTION('',(-0.404714563561,-0.914443066594,0.));
#4778 = PCURVE('',#4779,#4784);
#4779 = CYLINDRICAL_SURFACE('',#4780,36.);
#4780 = AXIS2_PLACEMENT_3D('',#4781,#4782,#4783);
#4781 = CARTESIAN_POINT('',(0.,0.,100.));
#4782 = DIRECTION('',(0.,0.,1.));
#4783 = DIRECTION('',(-0.404714563561,-0.914443066594,0.));
#4784 = DEFINITIONAL_REPRESENTATION('',(#4785),#4789);
#4785 = LINE('',#4786,#4787);
#4786 = CARTESIAN_POINT('',(0.,1.5));
#4787 = VECTOR('',#4788,1.);
#4788 = DIRECTION('',(1.,0.));
#4789 = ( GEOMETRIC_REPRESENTATION_CONTEXT(2) 
PARAMETRIC_REPRESENTATION_CONTEXT() REPRESENTATION_CONTEXT('2D SPACE',''
  ) );
#4790 = PCURVE('',#4791,#4796);
#4791 = PLANE('',#4792);
#4792 = AXIS2_PLACEMENT_3D('',#4793,#4794,#4795);
#4793 = CARTESIAN_POINT('',(0.,0.,101.5));
#4794 = DIRECTION('',(0.,0.,1.));
#4795 = DIRECTION('',(-0.404714563561,-0.914443066594,0.));
#4796 = DEFINITIONAL_REPRESENTATION('',(#4797),#4801);
#4797 = CIRCLE('',#4798,36.);
#4798 = AXIS2_PLACEMENT_2D('',#4799,#4800);
#4799 = CARTESIAN_POINT('',(0.,0.));
#4800 = DIRECTION('',(1.,0.));
#4801 = ( GEOMETRIC_REPRESENTATION_CONTEXT(2) 
PARAMETRIC_REPRESENTATION_CONTEXT() REPRESENTATION_CONTEXT('2D SPACE',''
  ) );
#4802 = ORIENTED_EDGE('',*,*,#4803,.F.);
#4803 = EDGE_CURVE('',#4804,#4768,#4806,.T.);
#4804 = VERTEX_POINT('',#4805);
#4805 = CARTESIAN_POINT('',(-14.5697242882,-32.91995039737,100.));
#4806 = SURFACE_CURVE('',#4807,(#4811,#4818),.PCURVE_S1.);
#4807 = LINE('',#4808,#4809);
#4808 = CARTESIAN_POINT('',(-14.5697242882,-32.91995039737,100.));
#4809 = VECTOR('',#4810,1.);
#4810 = DIRECTION('',(0.,0.,1.));
#4811 = PCURVE('',#4779,#4812);
#4812 = DEFINITIONAL_REPRESENTATION('',(#4813),#4817);
#4813 = LINE('',#4814,#4815);
#4814 = CARTESIAN_POINT('',(0.,-0.));
#4815 = VECTOR('',#4816,1.);
#4816 = DIRECTION('',(0.,1.));
#4817 = ( GEOMETRIC_REPRESENTATION_CONTEXT(2) 
PARAMETRIC_REPRESENTATION_CONTEXT() REPRESENTATION_CONTEXT('2D SPACE',''
  ) );
#4818 = PCURVE('',#4819,#4824);
#4819 = PLANE('',#4820);
#4820 = AXIS2_PLACEMENT_3D('',#4821,#4822,#4823);
#4821 = CARTESIAN_POINT('',(0.,0.,100.));
#4822 = DIRECTION('',(-0.914443066594,0.404714563561,0.));
#4823 = DIRECTION('',(-0.404714563561,-0.914443066594,0.));
#4824 = DEFINITIONAL_REPRESENTATION('',(#4825),#4829);
#4825 = LINE('',#4826,#4827);
#4826 = CARTESIAN_POINT('',(36.,0.));
#4827 = VECTOR('',#4828,1.);
#4828 = DIRECTION('',(0.,1.));
#4829 = ( GEOMETRIC_REPRESENTATION_CONTEXT(2) 
PARAMETRIC_REPRESENTATION_CONTEXT() REPRESENTATION_CONTEXT('2D SPACE',''
  ) );
#4830 = ORIENTED_EDGE('',*,*,#4831,.T.);
#4831 = EDGE_CURVE('',#4804,#4832,#4834,.T.);
#4832 = VERTEX_POINT('',#4833);
#4833 = CARTESIAN_POINT('',(4.834901941257,-35.67385209391,100.));
#4834 = SURFACE_CURVE('',#4835,(#4840,#4847),.PCURVE_S1.);
#4835 = CIRCLE('',#4836,36.);
#4836 = AXIS2_PLACEMENT_3D('',#4837,#4838,#4839);
#4837 = CARTESIAN_POINT('',(0.,0.,100.));
#4838 = DIRECTION('',(0.,0.,1.));
#4839 = DIRECTION('',(-0.404714563561,-0.914443066594,0.));
#4840 = PCURVE('',#4779,#4841);
#4841 = DEFINITIONAL_REPRESENTATION('',(#4842),#4846);
#4842 = LINE('',#4843,#4844);
#4843 = CARTESIAN_POINT('',(0.,0.));
#4844 = VECTOR('',#4845,1.);
#4845 = DIRECTION('',(1.,0.));
#4846 = ( GEOMETRIC_REPRESENTATION_CONTEXT(2) 
PARAMETRIC_REPRESENTATION_CONTEXT() REPRESENTATION_CONTEXT('2D SPACE',''
  ) );
#4847 = PCURVE('',#4848,#4853);
#4848 = PLANE('',#4849);
#4849 = AXIS2_PLACEMENT_3D('',#4850,#4851,#4852);
#4850 = CARTESIAN_POINT('',(0.,0.,100.));
#4851 = DIRECTION('',(0.,0.,1.));
#4852 = DIRECTION('',(-0.404714563561,-0.914443066594,0.));
#4853 = DEFINITIONAL_REPRESENTATION('',(#4854),#4858);
#4854 = CIRCLE('',#4855,36.);
#4855 = AXIS2_PLACEMENT_2D('',#4856,#4857);
#4856 = CARTESIAN_POINT('',(0.,0.));
#4857 = DIRECTION('',(1.,0.));
#4858 = ( GEOMETRIC_REPRESENTATION_CONTEXT(2) 
PARAMETRIC_REPRESENTATION_CONTEXT() REPRESENTATION_CONTEXT('2D SPACE',''
  ) );
#4859 = ORIENTED_EDGE('',*,*,#4860,.T.);
#4860 = EDGE_CURVE('',#4832,#4770,#4861,.T.);
#4861 = SURFACE_CURVE('',#4862,(#4866,#4873),.PCURVE_S1.);
#4862 = LINE('',#4863,#4864);
#4863 = CARTESIAN_POINT('',(4.834901941257,-35.67385209391,100.));
#4864 = VECTOR('',#4865,1.);
#4865 = DIRECTION('',(0.,0.,1.));
#4866 = PCURVE('',#4779,#4867);
#4867 = DEFINITIONAL_REPRESENTATION('',(#4868),#4872);
#4868 = LINE('',#4869,#4870);
#4869 = CARTESIAN_POINT('',(0.551376553376,-0.));
#4870 = VECTOR('',#4871,1.);
#4871 = DIRECTION('',(0.,1.));
#4872 = ( GEOMETRIC_REPRESENTATION_CONTEXT(2) 
PARAMETRIC_REPRESENTATION_CONTEXT() REPRESENTATION_CONTEXT('2D SPACE',''
  ) );
#4873 = PCURVE('',#4874,#4879);
#4874 = PLANE('',#4875);
#4875 = AXIS2_PLACEMENT_3D('',#4876,#4877,#4878);
#4876 = CARTESIAN_POINT('',(0.,0.,100.));
#4877 = DIRECTION('',(-0.990940335942,-0.134302831702,0.));
#4878 = DIRECTION('',(0.134302831702,-0.990940335942,0.));
#4879 = DEFINITIONAL_REPRESENTATION('',(#4880),#4884);
#4880 = LINE('',#4881,#4882);
#4881 = CARTESIAN_POINT('',(36.,0.));
#4882 = VECTOR('',#4883,1.);
#4883 = DIRECTION('',(0.,1.));
#4884 = ( GEOMETRIC_REPRESENTATION_CONTEXT(2) 
PARAMETRIC_REPRESENTATION_CONTEXT() REPRESENTATION_CONTEXT('2D SPACE',''
  ) );
#4885 = ADVANCED_FACE('',(#4886),#4791,.T.);
#4886 = FACE_BOUND('',#4887,.T.);
#4887 = EDGE_LOOP('',(#4888,#4889,#4912,#4941));
#4888 = ORIENTED_EDGE('',*,*,#4767,.T.);
#4889 = ORIENTED_EDGE('',*,*,#4890,.F.);
#4890 = EDGE_CURVE('',#4891,#4770,#4893,.T.);
#4891 = VERTEX_POINT('',#4892);
#4892 = CARTESIAN_POINT('',(0.268605663403,-1.981880671884,101.5));
#4893 = SURFACE_CURVE('',#4894,(#4898,#4905),.PCURVE_S1.);
#4894 = LINE('',#4895,#4896);
#4895 = CARTESIAN_POINT('',(0.,0.,101.5));
#4896 = VECTOR('',#4897,1.);
#4897 = DIRECTION('',(0.134302831702,-0.990940335942,0.));
#4898 = PCURVE('',#4791,#4899);
#4899 = DEFINITIONAL_REPRESENTATION('',(#4900),#4904);
#4900 = LINE('',#4901,#4902);
#4901 = CARTESIAN_POINT('',(0.,0.));
#4902 = VECTOR('',#4903,1.);
#4903 = DIRECTION('',(0.851804207693,0.523860278849));
#4904 = ( GEOMETRIC_REPRESENTATION_CONTEXT(2) 
PARAMETRIC_REPRESENTATION_CONTEXT() REPRESENTATION_CONTEXT('2D SPACE',''
  ) );
#4905 = PCURVE('',#4874,#4906);
#4906 = DEFINITIONAL_REPRESENTATION('',(#4907),#4911);
#4907 = LINE('',#4908,#4909);
#4908 = CARTESIAN_POINT('',(0.,1.5));
#4909 = VECTOR('',#4910,1.);
#4910 = DIRECTION('',(1.,0.));
#4911 = ( GEOMETRIC_REPRESENTATION_CONTEXT(2) 
PARAMETRIC_REPRESENTATION_CONTEXT() REPRESENTATION_CONTEXT('2D SPACE',''
  ) );
#4912 = ORIENTED_EDGE('',*,*,#4913,.F.);
#4913 = EDGE_CURVE('',#4914,#4891,#4916,.T.);
#4914 = VERTEX_POINT('',#4915);
#4915 = CARTESIAN_POINT('',(-0.809429127122,-1.828886133188,101.5));
#4916 = SURFACE_CURVE('',#4917,(#4922,#4929),.PCURVE_S1.);
#4917 = CIRCLE('',#4918,2.);
#4918 = AXIS2_PLACEMENT_3D('',#4919,#4920,#4921);
#4919 = CARTESIAN_POINT('',(0.,0.,101.5));
#4920 = DIRECTION('',(0.,0.,1.));
#4921 = DIRECTION('',(-0.404714563561,-0.914443066594,0.));
#4922 = PCURVE('',#4791,#4923);
#4923 = DEFINITIONAL_REPRESENTATION('',(#4924),#4928);
#4924 = CIRCLE('',#4925,2.);
#4925 = AXIS2_PLACEMENT_2D('',#4926,#4927);
#4926 = CARTESIAN_POINT('',(0.,0.));
#4927 = DIRECTION('',(1.,0.));
#4928 = ( GEOMETRIC_REPRESENTATION_CONTEXT(2) 
PARAMETRIC_REPRESENTATION_CONTEXT() REPRESENTATION_CONTEXT('2D SPACE',''
  ) );
#4929 = PCURVE('',#4930,#4935);
#4930 = CYLINDRICAL_SURFACE('',#4931,2.);
#4931 = AXIS2_PLACEMENT_3D('',#4932,#4933,#4934);
#4932 = CARTESIAN_POINT('',(0.,0.,99.));
#4933 = DIRECTION('',(0.,0.,1.));
#4934 = DIRECTION('',(-0.404714563561,-0.914443066594,0.));
#4935 = DEFINITIONAL_REPRESENTATION('',(#4936),#4940);
#4936 = LINE('',#4937,#4938);
#4937 = CARTESIAN_POINT('',(0.,2.5));
#4938 = VECTOR('',#4939,1.);
#4939 = DIRECTION('',(1.,0.));
#4940 = ( GEOMETRIC_REPRESENTATION_CONTEXT(2) 
PARAMETRIC_REPRESENTATION_CONTEXT() REPRESENTATION_CONTEXT('2D SPACE',''
  ) );
#4941 = ORIENTED_EDGE('',*,*,#4942,.T.);
#4942 = EDGE_CURVE('',#4914,#4768,#4943,.T.);
#4943 = SURFACE_CURVE('',#4944,(#4948,#4955),.PCURVE_S1.);
#4944 = LINE('',#4945,#4946);
#4945 = CARTESIAN_POINT('',(0.,0.,101.5));
#4946 = VECTOR('',#4947,1.);
#4947 = DIRECTION('',(-0.404714563561,-0.914443066594,0.));
#4948 = PCURVE('',#4791,#4949);
#4949 = DEFINITIONAL_REPRESENTATION('',(#4950),#4954);
#4950 = LINE('',#4951,#4952);
#4951 = CARTESIAN_POINT('',(0.,0.));
#4952 = VECTOR('',#4953,1.);
#4953 = DIRECTION('',(1.,0.));
#4954 = ( GEOMETRIC_REPRESENTATION_CONTEXT(2) 
PARAMETRIC_REPRESENTATION_CONTEXT() REPRESENTATION_CONTEXT('2D SPACE',''
  ) );
#4955 = PCURVE('',#4819,#4956);
#4956 = DEFINITIONAL_REPRESENTATION('',(#4957),#4961);
#4957 = LINE('',#4958,#4959);
#4958 = CARTESIAN_POINT('',(0.,1.5));
#4959 = VECTOR('',#4960,1.);
#4960 = DIRECTION('',(1.,0.));
#4961 = ( GEOMETRIC_REPRESENTATION_CONTEXT(2) 
PARAMETRIC_REPRESENTATION_CONTEXT() REPRESENTATION_CONTEXT('2D SPACE',''
  ) );
#4962 = ADVANCED_FACE('',(#4963),#4874,.F.);
#4963 = FACE_BOUND('',#4964,.F.);
#4964 = EDGE_LOOP('',(#4965,#4966,#4987,#5008));
#4965 = ORIENTED_EDGE('',*,*,#4890,.F.);
#4966 = ORIENTED_EDGE('',*,*,#4967,.F.);
#4967 = EDGE_CURVE('',#4968,#4891,#4970,.T.);
#4968 = VERTEX_POINT('',#4969);
#4969 = CARTESIAN_POINT('',(0.268605663403,-1.981880671884,100.));
#4970 = SURFACE_CURVE('',#4971,(#4975,#4981),.PCURVE_S1.);
#4971 = LINE('',#4972,#4973);
#4972 = CARTESIAN_POINT('',(0.268605663403,-1.981880671884,99.));
#4973 = VECTOR('',#4974,1.);
#4974 = DIRECTION('',(0.,0.,1.));
#4975 = PCURVE('',#4874,#4976);
#4976 = DEFINITIONAL_REPRESENTATION('',(#4977),#4980);
#4977 = B_SPLINE_CURVE_WITH_KNOTS('',1,(#4978,#4979),.UNSPECIFIED.,.F.,
  .F.,(2,2),(0.85,2.65),.PIECEWISE_BEZIER_KNOTS.);
#4978 = CARTESIAN_POINT('',(2.,-0.15));
#4979 = CARTESIAN_POINT('',(2.,1.65));
#4980 = ( GEOMETRIC_REPRESENTATION_CONTEXT(2) 
PARAMETRIC_REPRESENTATION_CONTEXT() REPRESENTATION_CONTEXT('2D SPACE',''
  ) );
#4981 = PCURVE('',#4930,#4982);
#4982 = DEFINITIONAL_REPRESENTATION('',(#4983),#4986);
#4983 = B_SPLINE_CURVE_WITH_KNOTS('',1,(#4984,#4985),.UNSPECIFIED.,.F.,
  .F.,(2,2),(0.85,2.65),.PIECEWISE_BEZIER_KNOTS.);
#4984 = CARTESIAN_POINT('',(0.551376553376,0.85));
#4985 = CARTESIAN_POINT('',(0.551376553376,2.65));
#4986 = ( GEOMETRIC_REPRESENTATION_CONTEXT(2) 
PARAMETRIC_REPRESENTATION_CONTEXT() REPRESENTATION_CONTEXT('2D SPACE',''
  ) );
#4987 = ORIENTED_EDGE('',*,*,#4988,.T.);
#4988 = EDGE_CURVE('',#4968,#4832,#4989,.T.);
#4989 = SURFACE_CURVE('',#4990,(#4994,#5001),.PCURVE_S1.);
#4990 = LINE('',#4991,#4992);
#4991 = CARTESIAN_POINT('',(0.,0.,100.));
#4992 = VECTOR('',#4993,1.);
#4993 = DIRECTION('',(0.134302831702,-0.990940335942,0.));
#4994 = PCURVE('',#4874,#4995);
#4995 = DEFINITIONAL_REPRESENTATION('',(#4996),#5000);
#4996 = LINE('',#4997,#4998);
#4997 = CARTESIAN_POINT('',(0.,0.));
#4998 = VECTOR('',#4999,1.);
#4999 = DIRECTION('',(1.,0.));
#5000 = ( GEOMETRIC_REPRESENTATION_CONTEXT(2) 
PARAMETRIC_REPRESENTATION_CONTEXT() REPRESENTATION_CONTEXT('2D SPACE',''
  ) );
#5001 = PCURVE('',#4848,#5002);
#5002 = DEFINITIONAL_REPRESENTATION('',(#5003),#5007);
#5003 = LINE('',#5004,#5005);
#5004 = CARTESIAN_POINT('',(0.,0.));
#5005 = VECTOR('',#5006,1.);
#5006 = DIRECTION('',(0.851804207693,0.523860278849));
#5007 = ( GEOMETRIC_REPRESENTATION_CONTEXT(2) 
PARAMETRIC_REPRESENTATION_CONTEXT() REPRESENTATION_CONTEXT('2D SPACE',''
  ) );
#5008 = ORIENTED_EDGE('',*,*,#4860,.T.);
#5009 = ADVANCED_FACE('',(#5010),#4848,.F.);
#5010 = FACE_BOUND('',#5011,.F.);
#5011 = EDGE_LOOP('',(#5012,#5013,#5014,#5038));
#5012 = ORIENTED_EDGE('',*,*,#4831,.T.);
#5013 = ORIENTED_EDGE('',*,*,#4988,.F.);
#5014 = ORIENTED_EDGE('',*,*,#5015,.F.);
#5015 = EDGE_CURVE('',#5016,#4968,#5018,.T.);
#5016 = VERTEX_POINT('',#5017);
#5017 = CARTESIAN_POINT('',(-0.809429127122,-1.828886133188,100.));
#5018 = SURFACE_CURVE('',#5019,(#5024,#5031),.PCURVE_S1.);
#5019 = CIRCLE('',#5020,2.);
#5020 = AXIS2_PLACEMENT_3D('',#5021,#5022,#5023);
#5021 = CARTESIAN_POINT('',(0.,0.,100.));
#5022 = DIRECTION('',(0.,0.,1.));
#5023 = DIRECTION('',(-0.404714563561,-0.914443066594,0.));
#5024 = PCURVE('',#4848,#5025);
#5025 = DEFINITIONAL_REPRESENTATION('',(#5026),#5030);
#5026 = CIRCLE('',#5027,2.);
#5027 = AXIS2_PLACEMENT_2D('',#5028,#5029);
#5028 = CARTESIAN_POINT('',(0.,0.));
#5029 = DIRECTION('',(1.,0.));
#5030 = ( GEOMETRIC_REPRESENTATION_CONTEXT(2) 
PARAMETRIC_REPRESENTATION_CONTEXT() REPRESENTATION_CONTEXT('2D SPACE',''
  ) );
#5031 = PCURVE('',#4930,#5032);
#5032 = DEFINITIONAL_REPRESENTATION('',(#5033),#5037);
#5033 = LINE('',#5034,#5035);
#5034 = CARTESIAN_POINT('',(0.,1.));
#5035 = VECTOR('',#5036,1.);
#5036 = DIRECTION('',(1.,0.));
#5037 = ( GEOMETRIC_REPRESENTATION_CONTEXT(2) 
PARAMETRIC_REPRESENTATION_CONTEXT() REPRESENTATION_CONTEXT('2D SPACE',''
  ) );
#5038 = ORIENTED_EDGE('',*,*,#5039,.T.);
#5039 = EDGE_CURVE('',#5016,#4804,#5040,.T.);
#5040 = SURFACE_CURVE('',#5041,(#5045,#5052),.PCURVE_S1.);
#5041 = LINE('',#5042,#5043);
#5042 = CARTESIAN_POINT('',(0.,0.,100.));
#5043 = VECTOR('',#5044,1.);
#5044 = DIRECTION('',(-0.404714563561,-0.914443066594,0.));
#5045 = PCURVE('',#4848,#5046);
#5046 = DEFINITIONAL_REPRESENTATION('',(#5047),#5051);
#5047 = LINE('',#5048,#5049);
#5048 = CARTESIAN_POINT('',(0.,0.));
#5049 = VECTOR('',#5050,1.);
#5050 = DIRECTION('',(1.,0.));
#5051 = ( GEOMETRIC_REPRESENTATION_CONTEXT(2) 
PARAMETRIC_REPRESENTATION_CONTEXT() REPRESENTATION_CONTEXT('2D SPACE',''
  ) );
#5052 = PCURVE('',#4819,#5053);
#5053 = DEFINITIONAL_REPRESENTATION('',(#5054),#5058);
#5054 = LINE('',#5055,#5056);
#5055 = CARTESIAN_POINT('',(0.,0.));
#5056 = VECTOR('',#5057,1.);
#5057 = DIRECTION('',(1.,0.));
#5058 = ( GEOMETRIC_REPRESENTATION_CONTEXT(2) 
PARAMETRIC_REPRESENTATION_CONTEXT() REPRESENTATION_CONTEXT('2D SPACE',''
  ) );
#5059 = ADVANCED_FACE('',(#5060),#4819,.T.);
#5060 = FACE_BOUND('',#5061,.T.);
#5061 = EDGE_LOOP('',(#5062,#5083,#5084,#5085));
#5062 = ORIENTED_EDGE('',*,*,#5063,.F.);
#5063 = EDGE_CURVE('',#5016,#4914,#5064,.T.);
#5064 = SURFACE_CURVE('',#5065,(#5069,#5076),.PCURVE_S1.);
#5065 = LINE('',#5066,#5067);
#5066 = CARTESIAN_POINT('',(-0.809429127122,-1.828886133188,99.));
#5067 = VECTOR('',#5068,1.);
#5068 = DIRECTION('',(0.,0.,1.));
#5069 = PCURVE('',#4819,#5070);
#5070 = DEFINITIONAL_REPRESENTATION('',(#5071),#5075);
#5071 = LINE('',#5072,#5073);
#5072 = CARTESIAN_POINT('',(2.,-1.));
#5073 = VECTOR('',#5074,1.);
#5074 = DIRECTION('',(0.,1.));
#5075 = ( GEOMETRIC_REPRESENTATION_CONTEXT(2) 
PARAMETRIC_REPRESENTATION_CONTEXT() REPRESENTATION_CONTEXT('2D SPACE',''
  ) );
#5076 = PCURVE('',#4930,#5077);
#5077 = DEFINITIONAL_REPRESENTATION('',(#5078),#5082);
#5078 = LINE('',#5079,#5080);
#5079 = CARTESIAN_POINT('',(0.,-0.));
#5080 = VECTOR('',#5081,1.);
#5081 = DIRECTION('',(0.,1.));
#5082 = ( GEOMETRIC_REPRESENTATION_CONTEXT(2) 
PARAMETRIC_REPRESENTATION_CONTEXT() REPRESENTATION_CONTEXT('2D SPACE',''
  ) );
#5083 = ORIENTED_EDGE('',*,*,#5039,.T.);
#5084 = ORIENTED_EDGE('',*,*,#4803,.T.);
#5085 = ORIENTED_EDGE('',*,*,#4942,.F.);
#5086 = ADVANCED_FACE('',(#5087),#4930,.F.);
#5087 = FACE_BOUND('',#5088,.F.);
#5088 = EDGE_LOOP('',(#5089,#5090,#5091,#5092));
#5089 = ORIENTED_EDGE('',*,*,#4913,.F.);
#5090 = ORIENTED_EDGE('',*,*,#5063,.F.);
#5091 = ORIENTED_EDGE('',*,*,#5015,.T.);
#5092 = ORIENTED_EDGE('',*,*,#4967,.T.);
#5093 = MANIFOLD_SOLID_BREP('',#5094);
#5094 = CLOSED_SHELL('',(#5095,#5217,#5294,#5341,#5391,#5418));
#5095 = ADVANCED_FACE('',(#5096),#5111,.T.);
#5096 = FACE_BOUND('',#5097,.T.);
#5097 = EDGE_LOOP('',(#5098,#5134,#5162,#5191));
#5098 = ORIENTED_EDGE('',*,*,#5099,.F.);
#5099 = EDGE_CURVE('',#5100,#5102,#5104,.T.);
#5100 = VERTEX_POINT('',#5101);
#5101 = CARTESIAN_POINT('',(-29.65600684849,-20.40885243716,108.75));
#5102 = VERTEX_POINT('',#5103);
#5103 = CARTESIAN_POINT('',(-14.5697242882,-32.91995039737,108.75));
#5104 = SURFACE_CURVE('',#5105,(#5110,#5122),.PCURVE_S1.);
#5105 = CIRCLE('',#5106,36.);
#5106 = AXIS2_PLACEMENT_3D('',#5107,#5108,#5109);
#5107 = CARTESIAN_POINT('',(0.,0.,108.75));
#5108 = DIRECTION('',(0.,0.,1.));
#5109 = DIRECTION('',(-0.823777968014,-0.566912567699,0.));
#5110 = PCURVE('',#5111,#5116);
#5111 = CYLINDRICAL_SURFACE('',#5112,36.);
#5112 = AXIS2_PLACEMENT_3D('',#5113,#5114,#5115);
#5113 = CARTESIAN_POINT('',(0.,0.,107.25));
#5114 = DIRECTION('',(0.,0.,1.));
#5115 = DIRECTION('',(-0.823777968014,-0.566912567699,0.));
#5116 = DEFINITIONAL_REPRESENTATION('',(#5117),#5121);
#5117 = LINE('',#5118,#5119);
#5118 = CARTESIAN_POINT('',(0.,1.5));
#5119 = VECTOR('',#5120,1.);
#5120 = DIRECTION('',(1.,0.));
#5121 = ( GEOMETRIC_REPRESENTATION_CONTEXT(2) 
PARAMETRIC_REPRESENTATION_CONTEXT() REPRESENTATION_CONTEXT('2D SPACE',''
  ) );
#5122 = PCURVE('',#5123,#5128);
#5123 = PLANE('',#5124);
#5124 = AXIS2_PLACEMENT_3D('',#5125,#5126,#5127);
#5125 = CARTESIAN_POINT('',(0.,0.,108.75));
#5126 = DIRECTION('',(0.,0.,1.));
#5127 = DIRECTION('',(-0.823777968014,-0.566912567699,0.));
#5128 = DEFINITIONAL_REPRESENTATION('',(#5129),#5133);
#5129 = CIRCLE('',#5130,36.);
#5130 = AXIS2_PLACEMENT_2D('',#5131,#5132);
#5131 = CARTESIAN_POINT('',(0.,0.));
#5132 = DIRECTION('',(1.,0.));
#5133 = ( GEOMETRIC_REPRESENTATION_CONTEXT(2) 
PARAMETRIC_REPRESENTATION_CONTEXT() REPRESENTATION_CONTEXT('2D SPACE',''
  ) );
#5134 = ORIENTED_EDGE('',*,*,#5135,.F.);
#5135 = EDGE_CURVE('',#5136,#5100,#5138,.T.);
#5136 = VERTEX_POINT('',#5137);
#5137 = CARTESIAN_POINT('',(-29.65600684849,-20.40885243716,107.25));
#5138 = SURFACE_CURVE('',#5139,(#5143,#5150),.PCURVE_S1.);
#5139 = LINE('',#5140,#5141);
#5140 = CARTESIAN_POINT('',(-29.65600684849,-20.40885243716,107.25));
#5141 = VECTOR('',#5142,1.);
#5142 = DIRECTION('',(0.,0.,1.));
#5143 = PCURVE('',#5111,#5144);
#5144 = DEFINITIONAL_REPRESENTATION('',(#5145),#5149);
#5145 = LINE('',#5146,#5147);
#5146 = CARTESIAN_POINT('',(0.,-0.));
#5147 = VECTOR('',#5148,1.);
#5148 = DIRECTION('',(0.,1.));
#5149 = ( GEOMETRIC_REPRESENTATION_CONTEXT(2) 
PARAMETRIC_REPRESENTATION_CONTEXT() REPRESENTATION_CONTEXT('2D SPACE',''
  ) );
#5150 = PCURVE('',#5151,#5156);
#5151 = PLANE('',#5152);
#5152 = AXIS2_PLACEMENT_3D('',#5153,#5154,#5155);
#5153 = CARTESIAN_POINT('',(0.,0.,107.25));
#5154 = DIRECTION('',(-0.566912567699,0.823777968014,0.));
#5155 = DIRECTION('',(-0.823777968014,-0.566912567699,0.));
#5156 = DEFINITIONAL_REPRESENTATION('',(#5157),#5161);
#5157 = LINE('',#5158,#5159);
#5158 = CARTESIAN_POINT('',(36.,0.));
#5159 = VECTOR('',#5160,1.);
#5160 = DIRECTION('',(0.,1.));
#5161 = ( GEOMETRIC_REPRESENTATION_CONTEXT(2) 
PARAMETRIC_REPRESENTATION_CONTEXT() REPRESENTATION_CONTEXT('2D SPACE',''
  ) );
#5162 = ORIENTED_EDGE('',*,*,#5163,.T.);
#5163 = EDGE_CURVE('',#5136,#5164,#5166,.T.);
#5164 = VERTEX_POINT('',#5165);
#5165 = CARTESIAN_POINT('',(-14.5697242882,-32.91995039737,107.25));
#5166 = SURFACE_CURVE('',#5167,(#5172,#5179),.PCURVE_S1.);
#5167 = CIRCLE('',#5168,36.);
#5168 = AXIS2_PLACEMENT_3D('',#5169,#5170,#5171);
#5169 = CARTESIAN_POINT('',(0.,0.,107.25));
#5170 = DIRECTION('',(0.,0.,1.));
#5171 = DIRECTION('',(-0.823777968014,-0.566912567699,0.));
#5172 = PCURVE('',#5111,#5173);
#5173 = DEFINITIONAL_REPRESENTATION('',(#5174),#5178);
#5174 = LINE('',#5175,#5176);
#5175 = CARTESIAN_POINT('',(0.,0.));
#5176 = VECTOR('',#5177,1.);
#5177 = DIRECTION('',(1.,0.));
#5178 = ( GEOMETRIC_REPRESENTATION_CONTEXT(2) 
PARAMETRIC_REPRESENTATION_CONTEXT() REPRESENTATION_CONTEXT('2D SPACE',''
  ) );
#5179 = PCURVE('',#5180,#5185);
#5180 = PLANE('',#5181);
#5181 = AXIS2_PLACEMENT_3D('',#5182,#5183,#5184);
#5182 = CARTESIAN_POINT('',(0.,0.,107.25));
#5183 = DIRECTION('',(0.,0.,1.));
#5184 = DIRECTION('',(-0.823777968014,-0.566912567699,0.));
#5185 = DEFINITIONAL_REPRESENTATION('',(#5186),#5190);
#5186 = CIRCLE('',#5187,36.);
#5187 = AXIS2_PLACEMENT_2D('',#5188,#5189);
#5188 = CARTESIAN_POINT('',(0.,0.));
#5189 = DIRECTION('',(1.,0.));
#5190 = ( GEOMETRIC_REPRESENTATION_CONTEXT(2) 
PARAMETRIC_REPRESENTATION_CONTEXT() REPRESENTATION_CONTEXT('2D SPACE',''
  ) );
#5191 = ORIENTED_EDGE('',*,*,#5192,.T.);
#5192 = EDGE_CURVE('',#5164,#5102,#5193,.T.);
#5193 = SURFACE_CURVE('',#5194,(#5198,#5205),.PCURVE_S1.);
#5194 = LINE('',#5195,#5196);
#5195 = CARTESIAN_POINT('',(-14.5697242882,-32.91995039737,107.25));
#5196 = VECTOR('',#5197,1.);
#5197 = DIRECTION('',(0.,0.,1.));
#5198 = PCURVE('',#5111,#5199);
#5199 = DEFINITIONAL_REPRESENTATION('',(#5200),#5204);
#5200 = LINE('',#5201,#5202);
#5201 = CARTESIAN_POINT('',(0.551376553376,-0.));
#5202 = VECTOR('',#5203,1.);
#5203 = DIRECTION('',(0.,1.));
#5204 = ( GEOMETRIC_REPRESENTATION_CONTEXT(2) 
PARAMETRIC_REPRESENTATION_CONTEXT() REPRESENTATION_CONTEXT('2D SPACE',''
  ) );
#5205 = PCURVE('',#5206,#5211);
#5206 = PLANE('',#5207);
#5207 = AXIS2_PLACEMENT_3D('',#5208,#5209,#5210);
#5208 = CARTESIAN_POINT('',(0.,0.,107.25));
#5209 = DIRECTION('',(-0.914443066594,0.404714563561,0.));
#5210 = DIRECTION('',(-0.404714563561,-0.914443066594,0.));
#5211 = DEFINITIONAL_REPRESENTATION('',(#5212),#5216);
#5212 = LINE('',#5213,#5214);
#5213 = CARTESIAN_POINT('',(36.,0.));
#5214 = VECTOR('',#5215,1.);
#5215 = DIRECTION('',(0.,1.));
#5216 = ( GEOMETRIC_REPRESENTATION_CONTEXT(2) 
PARAMETRIC_REPRESENTATION_CONTEXT() REPRESENTATION_CONTEXT('2D SPACE',''
  ) );
#5217 = ADVANCED_FACE('',(#5218),#5123,.T.);
#5218 = FACE_BOUND('',#5219,.T.);
#5219 = EDGE_LOOP('',(#5220,#5221,#5244,#5273));
#5220 = ORIENTED_EDGE('',*,*,#5099,.T.);
#5221 = ORIENTED_EDGE('',*,*,#5222,.F.);
#5222 = EDGE_CURVE('',#5223,#5102,#5225,.T.);
#5223 = VERTEX_POINT('',#5224);
#5224 = CARTESIAN_POINT('',(-0.809429127122,-1.828886133188,108.75));
#5225 = SURFACE_CURVE('',#5226,(#5230,#5237),.PCURVE_S1.);
#5226 = LINE('',#5227,#5228);
#5227 = CARTESIAN_POINT('',(0.,0.,108.75));
#5228 = VECTOR('',#5229,1.);
#5229 = DIRECTION('',(-0.404714563561,-0.914443066594,0.));
#5230 = PCURVE('',#5123,#5231);
#5231 = DEFINITIONAL_REPRESENTATION('',(#5232),#5236);
#5232 = LINE('',#5233,#5234);
#5233 = CARTESIAN_POINT('',(0.,0.));
#5234 = VECTOR('',#5235,1.);
#5235 = DIRECTION('',(0.851804207693,0.523860278849));
#5236 = ( GEOMETRIC_REPRESENTATION_CONTEXT(2) 
PARAMETRIC_REPRESENTATION_CONTEXT() REPRESENTATION_CONTEXT('2D SPACE',''
  ) );
#5237 = PCURVE('',#5206,#5238);
#5238 = DEFINITIONAL_REPRESENTATION('',(#5239),#5243);
#5239 = LINE('',#5240,#5241);
#5240 = CARTESIAN_POINT('',(0.,1.5));
#5241 = VECTOR('',#5242,1.);
#5242 = DIRECTION('',(1.,0.));
#5243 = ( GEOMETRIC_REPRESENTATION_CONTEXT(2) 
PARAMETRIC_REPRESENTATION_CONTEXT() REPRESENTATION_CONTEXT('2D SPACE',''
  ) );
#5244 = ORIENTED_EDGE('',*,*,#5245,.F.);
#5245 = EDGE_CURVE('',#5246,#5223,#5248,.T.);
#5246 = VERTEX_POINT('',#5247);
#5247 = CARTESIAN_POINT('',(-1.647555936028,-1.133825135398,108.75));
#5248 = SURFACE_CURVE('',#5249,(#5254,#5261),.PCURVE_S1.);
#5249 = CIRCLE('',#5250,2.);
#5250 = AXIS2_PLACEMENT_3D('',#5251,#5252,#5253);
#5251 = CARTESIAN_POINT('',(0.,0.,108.75));
#5252 = DIRECTION('',(0.,0.,1.));
#5253 = DIRECTION('',(-0.823777968014,-0.566912567699,0.));
#5254 = PCURVE('',#5123,#5255);
#5255 = DEFINITIONAL_REPRESENTATION('',(#5256),#5260);
#5256 = CIRCLE('',#5257,2.);
#5257 = AXIS2_PLACEMENT_2D('',#5258,#5259);
#5258 = CARTESIAN_POINT('',(0.,0.));
#5259 = DIRECTION('',(1.,0.));
#5260 = ( GEOMETRIC_REPRESENTATION_CONTEXT(2) 
PARAMETRIC_REPRESENTATION_CONTEXT() REPRESENTATION_CONTEXT('2D SPACE',''
  ) );
#5261 = PCURVE('',#5262,#5267);
#5262 = CYLINDRICAL_SURFACE('',#5263,2.);
#5263 = AXIS2_PLACEMENT_3D('',#5264,#5265,#5266);
#5264 = CARTESIAN_POINT('',(0.,0.,106.25));
#5265 = DIRECTION('',(0.,0.,1.));
#5266 = DIRECTION('',(-0.823777968014,-0.566912567699,0.));
#5267 = DEFINITIONAL_REPRESENTATION('',(#5268),#5272);
#5268 = LINE('',#5269,#5270);
#5269 = CARTESIAN_POINT('',(0.,2.5));
#5270 = VECTOR('',#5271,1.);
#5271 = DIRECTION('',(1.,0.));
#5272 = ( GEOMETRIC_REPRESENTATION_CONTEXT(2) 
PARAMETRIC_REPRESENTATION_CONTEXT() REPRESENTATION_CONTEXT('2D SPACE',''
  ) );
#5273 = ORIENTED_EDGE('',*,*,#5274,.T.);
#5274 = EDGE_CURVE('',#5246,#5100,#5275,.T.);
#5275 = SURFACE_CURVE('',#5276,(#5280,#5287),.PCURVE_S1.);
#5276 = LINE('',#5277,#5278);
#5277 = CARTESIAN_POINT('',(0.,0.,108.75));
#5278 = VECTOR('',#5279,1.);
#5279 = DIRECTION('',(-0.823777968014,-0.566912567699,0.));
#5280 = PCURVE('',#5123,#5281);
#5281 = DEFINITIONAL_REPRESENTATION('',(#5282),#5286);
#5282 = LINE('',#5283,#5284);
#5283 = CARTESIAN_POINT('',(0.,0.));
#5284 = VECTOR('',#5285,1.);
#5285 = DIRECTION('',(1.,0.));
#5286 = ( GEOMETRIC_REPRESENTATION_CONTEXT(2) 
PARAMETRIC_REPRESENTATION_CONTEXT() REPRESENTATION_CONTEXT('2D SPACE',''
  ) );
#5287 = PCURVE('',#5151,#5288);
#5288 = DEFINITIONAL_REPRESENTATION('',(#5289),#5293);
#5289 = LINE('',#5290,#5291);
#5290 = CARTESIAN_POINT('',(0.,1.5));
#5291 = VECTOR('',#5292,1.);
#5292 = DIRECTION('',(1.,0.));
#5293 = ( GEOMETRIC_REPRESENTATION_CONTEXT(2) 
PARAMETRIC_REPRESENTATION_CONTEXT() REPRESENTATION_CONTEXT('2D SPACE',''
  ) );
#5294 = ADVANCED_FACE('',(#5295),#5206,.F.);
#5295 = FACE_BOUND('',#5296,.F.);
#5296 = EDGE_LOOP('',(#5297,#5298,#5319,#5340));
#5297 = ORIENTED_EDGE('',*,*,#5222,.F.);
#5298 = ORIENTED_EDGE('',*,*,#5299,.F.);
#5299 = EDGE_CURVE('',#5300,#5223,#5302,.T.);
#5300 = VERTEX_POINT('',#5301);
#5301 = CARTESIAN_POINT('',(-0.809429127122,-1.828886133188,107.25));
#5302 = SURFACE_CURVE('',#5303,(#5307,#5313),.PCURVE_S1.);
#5303 = LINE('',#5304,#5305);
#5304 = CARTESIAN_POINT('',(-0.809429127122,-1.828886133188,106.25));
#5305 = VECTOR('',#5306,1.);
#5306 = DIRECTION('',(0.,0.,1.));
#5307 = PCURVE('',#5206,#5308);
#5308 = DEFINITIONAL_REPRESENTATION('',(#5309),#5312);
#5309 = B_SPLINE_CURVE_WITH_KNOTS('',1,(#5310,#5311),.UNSPECIFIED.,.F.,
  .F.,(2,2),(0.85,2.65),.PIECEWISE_BEZIER_KNOTS.);
#5310 = CARTESIAN_POINT('',(2.,-0.15));
#5311 = CARTESIAN_POINT('',(2.,1.65));
#5312 = ( GEOMETRIC_REPRESENTATION_CONTEXT(2) 
PARAMETRIC_REPRESENTATION_CONTEXT() REPRESENTATION_CONTEXT('2D SPACE',''
  ) );
#5313 = PCURVE('',#5262,#5314);
#5314 = DEFINITIONAL_REPRESENTATION('',(#5315),#5318);
#5315 = B_SPLINE_CURVE_WITH_KNOTS('',1,(#5316,#5317),.UNSPECIFIED.,.F.,
  .F.,(2,2),(0.85,2.65),.PIECEWISE_BEZIER_KNOTS.);
#5316 = CARTESIAN_POINT('',(0.551376553376,0.85));
#5317 = CARTESIAN_POINT('',(0.551376553376,2.65));
#5318 = ( GEOMETRIC_REPRESENTATION_CONTEXT(2) 
PARAMETRIC_REPRESENTATION_CONTEXT() REPRESENTATION_CONTEXT('2D SPACE',''
  ) );
#5319 = ORIENTED_EDGE('',*,*,#5320,.T.);
#5320 = EDGE_CURVE('',#5300,#5164,#5321,.T.);
#5321 = SURFACE_CURVE('',#5322,(#5326,#5333),.PCURVE_S1.);
#5322 = LINE('',#5323,#5324);
#5323 = CARTESIAN_POINT('',(0.,0.,107.25));
#5324 = VECTOR('',#5325,1.);
#5325 = DIRECTION('',(-0.404714563561,-0.914443066594,0.));
#5326 = PCURVE('',#5206,#5327);
#5327 = DEFINITIONAL_REPRESENTATION('',(#5328),#5332);
#5328 = LINE('',#5329,#5330);
#5329 = CARTESIAN_POINT('',(0.,0.));
#5330 = VECTOR('',#5331,1.);
#5331 = DIRECTION('',(1.,0.));
#5332 = ( GEOMETRIC_REPRESENTATION_CONTEXT(2) 
PARAMETRIC_REPRESENTATION_CONTEXT() REPRESENTATION_CONTEXT('2D SPACE',''
  ) );
#5333 = PCURVE('',#5180,#5334);
#5334 = DEFINITIONAL_REPRESENTATION('',(#5335),#5339);
#5335 = LINE('',#5336,#5337);
#5336 = CARTESIAN_POINT('',(0.,0.));
#5337 = VECTOR('',#5338,1.);
#5338 = DIRECTION('',(0.851804207693,0.523860278849));
#5339 = ( GEOMETRIC_REPRESENTATION_CONTEXT(2) 
PARAMETRIC_REPRESENTATION_CONTEXT() REPRESENTATION_CONTEXT('2D SPACE',''
  ) );
#5340 = ORIENTED_EDGE('',*,*,#5192,.T.);
#5341 = ADVANCED_FACE('',(#5342),#5180,.F.);
#5342 = FACE_BOUND('',#5343,.F.);
#5343 = EDGE_LOOP('',(#5344,#5345,#5346,#5370));
#5344 = ORIENTED_EDGE('',*,*,#5163,.T.);
#5345 = ORIENTED_EDGE('',*,*,#5320,.F.);
#5346 = ORIENTED_EDGE('',*,*,#5347,.F.);
#5347 = EDGE_CURVE('',#5348,#5300,#5350,.T.);
#5348 = VERTEX_POINT('',#5349);
#5349 = CARTESIAN_POINT('',(-1.647555936028,-1.133825135398,107.25));
#5350 = SURFACE_CURVE('',#5351,(#5356,#5363),.PCURVE_S1.);
#5351 = CIRCLE('',#5352,2.);
#5352 = AXIS2_PLACEMENT_3D('',#5353,#5354,#5355);
#5353 = CARTESIAN_POINT('',(0.,0.,107.25));
#5354 = DIRECTION('',(0.,0.,1.));
#5355 = DIRECTION('',(-0.823777968014,-0.566912567699,0.));
#5356 = PCURVE('',#5180,#5357);
#5357 = DEFINITIONAL_REPRESENTATION('',(#5358),#5362);
#5358 = CIRCLE('',#5359,2.);
#5359 = AXIS2_PLACEMENT_2D('',#5360,#5361);
#5360 = CARTESIAN_POINT('',(0.,0.));
#5361 = DIRECTION('',(1.,0.));
#5362 = ( GEOMETRIC_REPRESENTATION_CONTEXT(2) 
PARAMETRIC_REPRESENTATION_CONTEXT() REPRESENTATION_CONTEXT('2D SPACE',''
  ) );
#5363 = PCURVE('',#5262,#5364);
#5364 = DEFINITIONAL_REPRESENTATION('',(#5365),#5369);
#5365 = LINE('',#5366,#5367);
#5366 = CARTESIAN_POINT('',(0.,1.));
#5367 = VECTOR('',#5368,1.);
#5368 = DIRECTION('',(1.,0.));
#5369 = ( GEOMETRIC_REPRESENTATION_CONTEXT(2) 
PARAMETRIC_REPRESENTATION_CONTEXT() REPRESENTATION_CONTEXT('2D SPACE',''
  ) );
#5370 = ORIENTED_EDGE('',*,*,#5371,.T.);
#5371 = EDGE_CURVE('',#5348,#5136,#5372,.T.);
#5372 = SURFACE_CURVE('',#5373,(#5377,#5384),.PCURVE_S1.);
#5373 = LINE('',#5374,#5375);
#5374 = CARTESIAN_POINT('',(0.,0.,107.25));
#5375 = VECTOR('',#5376,1.);
#5376 = DIRECTION('',(-0.823777968014,-0.566912567699,0.));
#5377 = PCURVE('',#5180,#5378);
#5378 = DEFINITIONAL_REPRESENTATION('',(#5379),#5383);
#5379 = LINE('',#5380,#5381);
#5380 = CARTESIAN_POINT('',(0.,0.));
#5381 = VECTOR('',#5382,1.);
#5382 = DIRECTION('',(1.,0.));
#5383 = ( GEOMETRIC_REPRESENTATION_CONTEXT(2) 
PARAMETRIC_REPRESENTATION_CONTEXT() REPRESENTATION_CONTEXT('2D SPACE',''
  ) );
#5384 = PCURVE('',#5151,#5385);
#5385 = DEFINITIONAL_REPRESENTATION('',(#5386),#5390);
#5386 = LINE('',#5387,#5388);
#5387 = CARTESIAN_POINT('',(0.,0.));
#5388 = VECTOR('',#5389,1.);
#5389 = DIRECTION('',(1.,0.));
#5390 = ( GEOMETRIC_REPRESENTATION_CONTEXT(2) 
PARAMETRIC_REPRESENTATION_CONTEXT() REPRESENTATION_CONTEXT('2D SPACE',''
  ) );
#5391 = ADVANCED_FACE('',(#5392),#5151,.T.);
#5392 = FACE_BOUND('',#5393,.T.);
#5393 = EDGE_LOOP('',(#5394,#5415,#5416,#5417));
#5394 = ORIENTED_EDGE('',*,*,#5395,.F.);
#5395 = EDGE_CURVE('',#5348,#5246,#5396,.T.);
#5396 = SURFACE_CURVE('',#5397,(#5401,#5408),.PCURVE_S1.);
#5397 = LINE('',#5398,#5399);
#5398 = CARTESIAN_POINT('',(-1.647555936028,-1.133825135398,106.25));
#5399 = VECTOR('',#5400,1.);
#5400 = DIRECTION('',(0.,0.,1.));
#5401 = PCURVE('',#5151,#5402);
#5402 = DEFINITIONAL_REPRESENTATION('',(#5403),#5407);
#5403 = LINE('',#5404,#5405);
#5404 = CARTESIAN_POINT('',(2.,-1.));
#5405 = VECTOR('',#5406,1.);
#5406 = DIRECTION('',(0.,1.));
#5407 = ( GEOMETRIC_REPRESENTATION_CONTEXT(2) 
PARAMETRIC_REPRESENTATION_CONTEXT() REPRESENTATION_CONTEXT('2D SPACE',''
  ) );
#5408 = PCURVE('',#5262,#5409);
#5409 = DEFINITIONAL_REPRESENTATION('',(#5410),#5414);
#5410 = LINE('',#5411,#5412);
#5411 = CARTESIAN_POINT('',(0.,-0.));
#5412 = VECTOR('',#5413,1.);
#5413 = DIRECTION('',(0.,1.));
#5414 = ( GEOMETRIC_REPRESENTATION_CONTEXT(2) 
PARAMETRIC_REPRESENTATION_CONTEXT() REPRESENTATION_CONTEXT('2D SPACE',''
  ) );
#5415 = ORIENTED_EDGE('',*,*,#5371,.T.);
#5416 = ORIENTED_EDGE('',*,*,#5135,.T.);
#5417 = ORIENTED_EDGE('',*,*,#5274,.F.);
#5418 = ADVANCED_FACE('',(#5419),#5262,.F.);
#5419 = FACE_BOUND('',#5420,.F.);
#5420 = EDGE_LOOP('',(#5421,#5422,#5423,#5424));
#5421 = ORIENTED_EDGE('',*,*,#5245,.F.);
#5422 = ORIENTED_EDGE('',*,*,#5395,.F.);
#5423 = ORIENTED_EDGE('',*,*,#5347,.T.);
#5424 = ORIENTED_EDGE('',*,*,#5299,.T.);
#5425 = MANIFOLD_SOLID_BREP('',#5426);
#5426 = CLOSED_SHELL('',(#5427,#5549,#5626,#5673,#5723,#5750));
#5427 = ADVANCED_FACE('',(#5428),#5443,.T.);
#5428 = FACE_BOUND('',#5429,.T.);
#5429 = EDGE_LOOP('',(#5430,#5466,#5494,#5523));
#5430 = ORIENTED_EDGE('',*,*,#5431,.F.);
#5431 = EDGE_CURVE('',#5432,#5434,#5436,.T.);
#5432 = VERTEX_POINT('',#5433);
#5433 = CARTESIAN_POINT('',(-35.95249854565,-1.848742362956,116.));
#5434 = VERTEX_POINT('',#5435);
#5435 = CARTESIAN_POINT('',(-29.65600684849,-20.40885243716,116.));
#5436 = SURFACE_CURVE('',#5437,(#5442,#5454),.PCURVE_S1.);
#5437 = CIRCLE('',#5438,36.);
#5438 = AXIS2_PLACEMENT_3D('',#5439,#5440,#5441);
#5439 = CARTESIAN_POINT('',(0.,0.,116.));
#5440 = DIRECTION('',(0.,0.,1.));
#5441 = DIRECTION('',(-0.998680515157,-5.135395452655E-02,0.));
#5442 = PCURVE('',#5443,#5448);
#5443 = CYLINDRICAL_SURFACE('',#5444,36.);
#5444 = AXIS2_PLACEMENT_3D('',#5445,#5446,#5447);
#5445 = CARTESIAN_POINT('',(0.,0.,114.5));
#5446 = DIRECTION('',(0.,0.,1.));
#5447 = DIRECTION('',(-0.998680515157,-5.135395452655E-02,0.));
#5448 = DEFINITIONAL_REPRESENTATION('',(#5449),#5453);
#5449 = LINE('',#5450,#5451);
#5450 = CARTESIAN_POINT('',(0.,1.5));
#5451 = VECTOR('',#5452,1.);
#5452 = DIRECTION('',(1.,0.));
#5453 = ( GEOMETRIC_REPRESENTATION_CONTEXT(2) 
PARAMETRIC_REPRESENTATION_CONTEXT() REPRESENTATION_CONTEXT('2D SPACE',''
  ) );
#5454 = PCURVE('',#5455,#5460);
#5455 = PLANE('',#5456);
#5456 = AXIS2_PLACEMENT_3D('',#5457,#5458,#5459);
#5457 = CARTESIAN_POINT('',(0.,0.,116.));
#5458 = DIRECTION('',(0.,0.,1.));
#5459 = DIRECTION('',(-0.998680515157,-5.135395452655E-02,0.));
#5460 = DEFINITIONAL_REPRESENTATION('',(#5461),#5465);
#5461 = CIRCLE('',#5462,36.);
#5462 = AXIS2_PLACEMENT_2D('',#5463,#5464);
#5463 = CARTESIAN_POINT('',(0.,0.));
#5464 = DIRECTION('',(1.,0.));
#5465 = ( GEOMETRIC_REPRESENTATION_CONTEXT(2) 
PARAMETRIC_REPRESENTATION_CONTEXT() REPRESENTATION_CONTEXT('2D SPACE',''
  ) );
#5466 = ORIENTED_EDGE('',*,*,#5467,.F.);
#5467 = EDGE_CURVE('',#5468,#5432,#5470,.T.);
#5468 = VERTEX_POINT('',#5469);
#5469 = CARTESIAN_POINT('',(-35.95249854565,-1.848742362956,114.5));
#5470 = SURFACE_CURVE('',#5471,(#5475,#5482),.PCURVE_S1.);
#5471 = LINE('',#5472,#5473);
#5472 = CARTESIAN_POINT('',(-35.95249854565,-1.848742362956,114.5));
#5473 = VECTOR('',#5474,1.);
#5474 = DIRECTION('',(0.,0.,1.));
#5475 = PCURVE('',#5443,#5476);
#5476 = DEFINITIONAL_REPRESENTATION('',(#5477),#5481);
#5477 = LINE('',#5478,#5479);
#5478 = CARTESIAN_POINT('',(0.,-0.));
#5479 = VECTOR('',#5480,1.);
#5480 = DIRECTION('',(0.,1.));
#5481 = ( GEOMETRIC_REPRESENTATION_CONTEXT(2) 
PARAMETRIC_REPRESENTATION_CONTEXT() REPRESENTATION_CONTEXT('2D SPACE',''
  ) );
#5482 = PCURVE('',#5483,#5488);
#5483 = PLANE('',#5484);
#5484 = AXIS2_PLACEMENT_3D('',#5485,#5486,#5487);
#5485 = CARTESIAN_POINT('',(0.,0.,114.5));
#5486 = DIRECTION('',(-5.135395452655E-02,0.998680515157,0.));
#5487 = DIRECTION('',(-0.998680515157,-5.135395452655E-02,0.));
#5488 = DEFINITIONAL_REPRESENTATION('',(#5489),#5493);
#5489 = LINE('',#5490,#5491);
#5490 = CARTESIAN_POINT('',(36.,0.));
#5491 = VECTOR('',#5492,1.);
#5492 = DIRECTION('',(0.,1.));
#5493 = ( GEOMETRIC_REPRESENTATION_CONTEXT(2) 
PARAMETRIC_REPRESENTATION_CONTEXT() REPRESENTATION_CONTEXT('2D SPACE',''
  ) );
#5494 = ORIENTED_EDGE('',*,*,#5495,.T.);
#5495 = EDGE_CURVE('',#5468,#5496,#5498,.T.);
#5496 = VERTEX_POINT('',#5497);
#5497 = CARTESIAN_POINT('',(-29.65600684849,-20.40885243716,114.5));
#5498 = SURFACE_CURVE('',#5499,(#5504,#5511),.PCURVE_S1.);
#5499 = CIRCLE('',#5500,36.);
#5500 = AXIS2_PLACEMENT_3D('',#5501,#5502,#5503);
#5501 = CARTESIAN_POINT('',(0.,0.,114.5));
#5502 = DIRECTION('',(0.,0.,1.));
#5503 = DIRECTION('',(-0.998680515157,-5.135395452655E-02,0.));
#5504 = PCURVE('',#5443,#5505);
#5505 = DEFINITIONAL_REPRESENTATION('',(#5506),#5510);
#5506 = LINE('',#5507,#5508);
#5507 = CARTESIAN_POINT('',(0.,0.));
#5508 = VECTOR('',#5509,1.);
#5509 = DIRECTION('',(1.,0.));
#5510 = ( GEOMETRIC_REPRESENTATION_CONTEXT(2) 
PARAMETRIC_REPRESENTATION_CONTEXT() REPRESENTATION_CONTEXT('2D SPACE',''
  ) );
#5511 = PCURVE('',#5512,#5517);
#5512 = PLANE('',#5513);
#5513 = AXIS2_PLACEMENT_3D('',#5514,#5515,#5516);
#5514 = CARTESIAN_POINT('',(0.,0.,114.5));
#5515 = DIRECTION('',(0.,0.,1.));
#5516 = DIRECTION('',(-0.998680515157,-5.135395452655E-02,0.));
#5517 = DEFINITIONAL_REPRESENTATION('',(#5518),#5522);
#5518 = CIRCLE('',#5519,36.);
#5519 = AXIS2_PLACEMENT_2D('',#5520,#5521);
#5520 = CARTESIAN_POINT('',(0.,0.));
#5521 = DIRECTION('',(1.,0.));
#5522 = ( GEOMETRIC_REPRESENTATION_CONTEXT(2) 
PARAMETRIC_REPRESENTATION_CONTEXT() REPRESENTATION_CONTEXT('2D SPACE',''
  ) );
#5523 = ORIENTED_EDGE('',*,*,#5524,.T.);
#5524 = EDGE_CURVE('',#5496,#5434,#5525,.T.);
#5525 = SURFACE_CURVE('',#5526,(#5530,#5537),.PCURVE_S1.);
#5526 = LINE('',#5527,#5528);
#5527 = CARTESIAN_POINT('',(-29.65600684849,-20.40885243716,114.5));
#5528 = VECTOR('',#5529,1.);
#5529 = DIRECTION('',(0.,0.,1.));
#5530 = PCURVE('',#5443,#5531);
#5531 = DEFINITIONAL_REPRESENTATION('',(#5532),#5536);
#5532 = LINE('',#5533,#5534);
#5533 = CARTESIAN_POINT('',(0.551376553376,-0.));
#5534 = VECTOR('',#5535,1.);
#5535 = DIRECTION('',(0.,1.));
#5536 = ( GEOMETRIC_REPRESENTATION_CONTEXT(2) 
PARAMETRIC_REPRESENTATION_CONTEXT() REPRESENTATION_CONTEXT('2D SPACE',''
  ) );
#5537 = PCURVE('',#5538,#5543);
#5538 = PLANE('',#5539);
#5539 = AXIS2_PLACEMENT_3D('',#5540,#5541,#5542);
#5540 = CARTESIAN_POINT('',(0.,0.,114.5));
#5541 = DIRECTION('',(-0.566912567699,0.823777968014,0.));
#5542 = DIRECTION('',(-0.823777968014,-0.566912567699,0.));
#5543 = DEFINITIONAL_REPRESENTATION('',(#5544),#5548);
#5544 = LINE('',#5545,#5546);
#5545 = CARTESIAN_POINT('',(36.,0.));
#5546 = VECTOR('',#5547,1.);
#5547 = DIRECTION('',(0.,1.));
#5548 = ( GEOMETRIC_REPRESENTATION_CONTEXT(2) 
PARAMETRIC_REPRESENTATION_CONTEXT() REPRESENTATION_CONTEXT('2D SPACE',''
  ) );
#5549 = ADVANCED_FACE('',(#5550),#5455,.T.);
#5550 = FACE_BOUND('',#5551,.T.);
#5551 = EDGE_LOOP('',(#5552,#5553,#5576,#5605));
#5552 = ORIENTED_EDGE('',*,*,#5431,.T.);
#5553 = ORIENTED_EDGE('',*,*,#5554,.F.);
#5554 = EDGE_CURVE('',#5555,#5434,#5557,.T.);
#5555 = VERTEX_POINT('',#5556);
#5556 = CARTESIAN_POINT('',(-1.647555936028,-1.133825135398,116.));
#5557 = SURFACE_CURVE('',#5558,(#5562,#5569),.PCURVE_S1.);
#5558 = LINE('',#5559,#5560);
#5559 = CARTESIAN_POINT('',(0.,0.,116.));
#5560 = VECTOR('',#5561,1.);
#5561 = DIRECTION('',(-0.823777968014,-0.566912567699,0.));
#5562 = PCURVE('',#5455,#5563);
#5563 = DEFINITIONAL_REPRESENTATION('',(#5564),#5568);
#5564 = LINE('',#5565,#5566);
#5565 = CARTESIAN_POINT('',(0.,0.));
#5566 = VECTOR('',#5567,1.);
#5567 = DIRECTION('',(0.851804207693,0.523860278849));
#5568 = ( GEOMETRIC_REPRESENTATION_CONTEXT(2) 
PARAMETRIC_REPRESENTATION_CONTEXT() REPRESENTATION_CONTEXT('2D SPACE',''
  ) );
#5569 = PCURVE('',#5538,#5570);
#5570 = DEFINITIONAL_REPRESENTATION('',(#5571),#5575);
#5571 = LINE('',#5572,#5573);
#5572 = CARTESIAN_POINT('',(0.,1.5));
#5573 = VECTOR('',#5574,1.);
#5574 = DIRECTION('',(1.,0.));
#5575 = ( GEOMETRIC_REPRESENTATION_CONTEXT(2) 
PARAMETRIC_REPRESENTATION_CONTEXT() REPRESENTATION_CONTEXT('2D SPACE',''
  ) );
#5576 = ORIENTED_EDGE('',*,*,#5577,.F.);
#5577 = EDGE_CURVE('',#5578,#5555,#5580,.T.);
#5578 = VERTEX_POINT('',#5579);
#5579 = CARTESIAN_POINT('',(-1.997361030314,-0.102707909053,116.));
#5580 = SURFACE_CURVE('',#5581,(#5586,#5593),.PCURVE_S1.);
#5581 = CIRCLE('',#5582,2.);
#5582 = AXIS2_PLACEMENT_3D('',#5583,#5584,#5585);
#5583 = CARTESIAN_POINT('',(0.,0.,116.));
#5584 = DIRECTION('',(0.,0.,1.));
#5585 = DIRECTION('',(-0.998680515157,-5.135395452655E-02,0.));
#5586 = PCURVE('',#5455,#5587);
#5587 = DEFINITIONAL_REPRESENTATION('',(#5588),#5592);
#5588 = CIRCLE('',#5589,2.);
#5589 = AXIS2_PLACEMENT_2D('',#5590,#5591);
#5590 = CARTESIAN_POINT('',(0.,0.));
#5591 = DIRECTION('',(1.,0.));
#5592 = ( GEOMETRIC_REPRESENTATION_CONTEXT(2) 
PARAMETRIC_REPRESENTATION_CONTEXT() REPRESENTATION_CONTEXT('2D SPACE',''
  ) );
#5593 = PCURVE('',#5594,#5599);
#5594 = CYLINDRICAL_SURFACE('',#5595,2.);
#5595 = AXIS2_PLACEMENT_3D('',#5596,#5597,#5598);
#5596 = CARTESIAN_POINT('',(0.,0.,113.5));
#5597 = DIRECTION('',(0.,0.,1.));
#5598 = DIRECTION('',(-0.998680515157,-5.135395452655E-02,0.));
#5599 = DEFINITIONAL_REPRESENTATION('',(#5600),#5604);
#5600 = LINE('',#5601,#5602);
#5601 = CARTESIAN_POINT('',(0.,2.5));
#5602 = VECTOR('',#5603,1.);
#5603 = DIRECTION('',(1.,0.));
#5604 = ( GEOMETRIC_REPRESENTATION_CONTEXT(2) 
PARAMETRIC_REPRESENTATION_CONTEXT() REPRESENTATION_CONTEXT('2D SPACE',''
  ) );
#5605 = ORIENTED_EDGE('',*,*,#5606,.T.);
#5606 = EDGE_CURVE('',#5578,#5432,#5607,.T.);
#5607 = SURFACE_CURVE('',#5608,(#5612,#5619),.PCURVE_S1.);
#5608 = LINE('',#5609,#5610);
#5609 = CARTESIAN_POINT('',(0.,0.,116.));
#5610 = VECTOR('',#5611,1.);
#5611 = DIRECTION('',(-0.998680515157,-5.135395452655E-02,0.));
#5612 = PCURVE('',#5455,#5613);
#5613 = DEFINITIONAL_REPRESENTATION('',(#5614),#5618);
#5614 = LINE('',#5615,#5616);
#5615 = CARTESIAN_POINT('',(0.,0.));
#5616 = VECTOR('',#5617,1.);
#5617 = DIRECTION('',(1.,0.));
#5618 = ( GEOMETRIC_REPRESENTATION_CONTEXT(2) 
PARAMETRIC_REPRESENTATION_CONTEXT() REPRESENTATION_CONTEXT('2D SPACE',''
  ) );
#5619 = PCURVE('',#5483,#5620);
#5620 = DEFINITIONAL_REPRESENTATION('',(#5621),#5625);
#5621 = LINE('',#5622,#5623);
#5622 = CARTESIAN_POINT('',(0.,1.5));
#5623 = VECTOR('',#5624,1.);
#5624 = DIRECTION('',(1.,0.));
#5625 = ( GEOMETRIC_REPRESENTATION_CONTEXT(2) 
PARAMETRIC_REPRESENTATION_CONTEXT() REPRESENTATION_CONTEXT('2D SPACE',''
  ) );
#5626 = ADVANCED_FACE('',(#5627),#5538,.F.);
#5627 = FACE_BOUND('',#5628,.F.);
#5628 = EDGE_LOOP('',(#5629,#5630,#5651,#5672));
#5629 = ORIENTED_EDGE('',*,*,#5554,.F.);
#5630 = ORIENTED_EDGE('',*,*,#5631,.F.);
#5631 = EDGE_CURVE('',#5632,#5555,#5634,.T.);
#5632 = VERTEX_POINT('',#5633);
#5633 = CARTESIAN_POINT('',(-1.647555936028,-1.133825135398,114.5));
#5634 = SURFACE_CURVE('',#5635,(#5639,#5645),.PCURVE_S1.);
#5635 = LINE('',#5636,#5637);
#5636 = CARTESIAN_POINT('',(-1.647555936028,-1.133825135398,113.5));
#5637 = VECTOR('',#5638,1.);
#5638 = DIRECTION('',(0.,0.,1.));
#5639 = PCURVE('',#5538,#5640);
#5640 = DEFINITIONAL_REPRESENTATION('',(#5641),#5644);
#5641 = B_SPLINE_CURVE_WITH_KNOTS('',1,(#5642,#5643),.UNSPECIFIED.,.F.,
  .F.,(2,2),(0.85,2.65),.PIECEWISE_BEZIER_KNOTS.);
#5642 = CARTESIAN_POINT('',(2.,-0.15));
#5643 = CARTESIAN_POINT('',(2.,1.65));
#5644 = ( GEOMETRIC_REPRESENTATION_CONTEXT(2) 
PARAMETRIC_REPRESENTATION_CONTEXT() REPRESENTATION_CONTEXT('2D SPACE',''
  ) );
#5645 = PCURVE('',#5594,#5646);
#5646 = DEFINITIONAL_REPRESENTATION('',(#5647),#5650);
#5647 = B_SPLINE_CURVE_WITH_KNOTS('',1,(#5648,#5649),.UNSPECIFIED.,.F.,
  .F.,(2,2),(0.85,2.65),.PIECEWISE_BEZIER_KNOTS.);
#5648 = CARTESIAN_POINT('',(0.551376553376,0.85));
#5649 = CARTESIAN_POINT('',(0.551376553376,2.65));
#5650 = ( GEOMETRIC_REPRESENTATION_CONTEXT(2) 
PARAMETRIC_REPRESENTATION_CONTEXT() REPRESENTATION_CONTEXT('2D SPACE',''
  ) );
#5651 = ORIENTED_EDGE('',*,*,#5652,.T.);
#5652 = EDGE_CURVE('',#5632,#5496,#5653,.T.);
#5653 = SURFACE_CURVE('',#5654,(#5658,#5665),.PCURVE_S1.);
#5654 = LINE('',#5655,#5656);
#5655 = CARTESIAN_POINT('',(0.,0.,114.5));
#5656 = VECTOR('',#5657,1.);
#5657 = DIRECTION('',(-0.823777968014,-0.566912567699,0.));
#5658 = PCURVE('',#5538,#5659);
#5659 = DEFINITIONAL_REPRESENTATION('',(#5660),#5664);
#5660 = LINE('',#5661,#5662);
#5661 = CARTESIAN_POINT('',(0.,0.));
#5662 = VECTOR('',#5663,1.);
#5663 = DIRECTION('',(1.,0.));
#5664 = ( GEOMETRIC_REPRESENTATION_CONTEXT(2) 
PARAMETRIC_REPRESENTATION_CONTEXT() REPRESENTATION_CONTEXT('2D SPACE',''
  ) );
#5665 = PCURVE('',#5512,#5666);
#5666 = DEFINITIONAL_REPRESENTATION('',(#5667),#5671);
#5667 = LINE('',#5668,#5669);
#5668 = CARTESIAN_POINT('',(0.,0.));
#5669 = VECTOR('',#5670,1.);
#5670 = DIRECTION('',(0.851804207693,0.523860278849));
#5671 = ( GEOMETRIC_REPRESENTATION_CONTEXT(2) 
PARAMETRIC_REPRESENTATION_CONTEXT() REPRESENTATION_CONTEXT('2D SPACE',''
  ) );
#5672 = ORIENTED_EDGE('',*,*,#5524,.T.);
#5673 = ADVANCED_FACE('',(#5674),#5512,.F.);
#5674 = FACE_BOUND('',#5675,.F.);
#5675 = EDGE_LOOP('',(#5676,#5677,#5678,#5702));
#5676 = ORIENTED_EDGE('',*,*,#5495,.T.);
#5677 = ORIENTED_EDGE('',*,*,#5652,.F.);
#5678 = ORIENTED_EDGE('',*,*,#5679,.F.);
#5679 = EDGE_CURVE('',#5680,#5632,#5682,.T.);
#5680 = VERTEX_POINT('',#5681);
#5681 = CARTESIAN_POINT('',(-1.997361030314,-0.102707909053,114.5));
#5682 = SURFACE_CURVE('',#5683,(#5688,#5695),.PCURVE_S1.);
#5683 = CIRCLE('',#5684,2.);
#5684 = AXIS2_PLACEMENT_3D('',#5685,#5686,#5687);
#5685 = CARTESIAN_POINT('',(0.,0.,114.5));
#5686 = DIRECTION('',(0.,0.,1.));
#5687 = DIRECTION('',(-0.998680515157,-5.135395452655E-02,0.));
#5688 = PCURVE('',#5512,#5689);
#5689 = DEFINITIONAL_REPRESENTATION('',(#5690),#5694);
#5690 = CIRCLE('',#5691,2.);
#5691 = AXIS2_PLACEMENT_2D('',#5692,#5693);
#5692 = CARTESIAN_POINT('',(0.,0.));
#5693 = DIRECTION('',(1.,0.));
#5694 = ( GEOMETRIC_REPRESENTATION_CONTEXT(2) 
PARAMETRIC_REPRESENTATION_CONTEXT() REPRESENTATION_CONTEXT('2D SPACE',''
  ) );
#5695 = PCURVE('',#5594,#5696);
#5696 = DEFINITIONAL_REPRESENTATION('',(#5697),#5701);
#5697 = LINE('',#5698,#5699);
#5698 = CARTESIAN_POINT('',(0.,1.));
#5699 = VECTOR('',#5700,1.);
#5700 = DIRECTION('',(1.,0.));
#5701 = ( GEOMETRIC_REPRESENTATION_CONTEXT(2) 
PARAMETRIC_REPRESENTATION_CONTEXT() REPRESENTATION_CONTEXT('2D SPACE',''
  ) );
#5702 = ORIENTED_EDGE('',*,*,#5703,.T.);
#5703 = EDGE_CURVE('',#5680,#5468,#5704,.T.);
#5704 = SURFACE_CURVE('',#5705,(#5709,#5716),.PCURVE_S1.);
#5705 = LINE('',#5706,#5707);
#5706 = CARTESIAN_POINT('',(0.,0.,114.5));
#5707 = VECTOR('',#5708,1.);
#5708 = DIRECTION('',(-0.998680515157,-5.135395452655E-02,0.));
#5709 = PCURVE('',#5512,#5710);
#5710 = DEFINITIONAL_REPRESENTATION('',(#5711),#5715);
#5711 = LINE('',#5712,#5713);
#5712 = CARTESIAN_POINT('',(0.,0.));
#5713 = VECTOR('',#5714,1.);
#5714 = DIRECTION('',(1.,0.));
#5715 = ( GEOMETRIC_REPRESENTATION_CONTEXT(2) 
PARAMETRIC_REPRESENTATION_CONTEXT() REPRESENTATION_CONTEXT('2D SPACE',''
  ) );
#5716 = PCURVE('',#5483,#5717);
#5717 = DEFINITIONAL_REPRESENTATION('',(#5718),#5722);
#5718 = LINE('',#5719,#5720);
#5719 = CARTESIAN_POINT('',(0.,0.));
#5720 = VECTOR('',#5721,1.);
#5721 = DIRECTION('',(1.,0.));
#5722 = ( GEOMETRIC_REPRESENTATION_CONTEXT(2) 
PARAMETRIC_REPRESENTATION_CONTEXT() REPRESENTATION_CONTEXT('2D SPACE',''
  ) );
#5723 = ADVANCED_FACE('',(#5724),#5483,.T.);
#5724 = FACE_BOUND('',#5725,.T.);
#5725 = EDGE_LOOP('',(#5726,#5747,#5748,#5749));
#5726 = ORIENTED_EDGE('',*,*,#5727,.F.);
#5727 = EDGE_CURVE('',#5680,#5578,#5728,.T.);
#5728 = SURFACE_CURVE('',#5729,(#5733,#5740),.PCURVE_S1.);
#5729 = LINE('',#5730,#5731);
#5730 = CARTESIAN_POINT('',(-1.997361030314,-0.102707909053,113.5));
#5731 = VECTOR('',#5732,1.);
#5732 = DIRECTION('',(0.,0.,1.));
#5733 = PCURVE('',#5483,#5734);
#5734 = DEFINITIONAL_REPRESENTATION('',(#5735),#5739);
#5735 = LINE('',#5736,#5737);
#5736 = CARTESIAN_POINT('',(2.,-1.));
#5737 = VECTOR('',#5738,1.);
#5738 = DIRECTION('',(0.,1.));
#5739 = ( GEOMETRIC_REPRESENTATION_CONTEXT(2) 
PARAMETRIC_REPRESENTATION_CONTEXT() REPRESENTATION_CONTEXT('2D SPACE',''
  ) );
#5740 = PCURVE('',#5594,#5741);
#5741 = DEFINITIONAL_REPRESENTATION('',(#5742),#5746);
#5742 = LINE('',#5743,#5744);
#5743 = CARTESIAN_POINT('',(0.,-0.));
#5744 = VECTOR('',#5745,1.);
#5745 = DIRECTION('',(0.,1.));
#5746 = ( GEOMETRIC_REPRESENTATION_CONTEXT(2) 
PARAMETRIC_REPRESENTATION_CONTEXT() REPRESENTATION_CONTEXT('2D SPACE',''
  ) );
#5747 = ORIENTED_EDGE('',*,*,#5703,.T.);
#5748 = ORIENTED_EDGE('',*,*,#5467,.T.);
#5749 = ORIENTED_EDGE('',*,*,#5606,.F.);
#5750 = ADVANCED_FACE('',(#5751),#5594,.F.);
#5751 = FACE_BOUND('',#5752,.F.);
#5752 = EDGE_LOOP('',(#5753,#5754,#5755,#5756));
#5753 = ORIENTED_EDGE('',*,*,#5577,.F.);
#5754 = ORIENTED_EDGE('',*,*,#5727,.F.);
#5755 = ORIENTED_EDGE('',*,*,#5679,.T.);
#5756 = ORIENTED_EDGE('',*,*,#5631,.T.);
#5757 = MANIFOLD_SOLID_BREP('',#5758);
#5758 = CLOSED_SHELL('',(#5759,#5881,#5958,#6005,#6055,#6082));
#5759 = ADVANCED_FACE('',(#5760),#5775,.T.);
#5760 = FACE_BOUND('',#5761,.T.);
#5761 = EDGE_LOOP('',(#5762,#5798,#5826,#5855));
#5762 = ORIENTED_EDGE('',*,*,#5763,.F.);
#5763 = EDGE_CURVE('',#5764,#5766,#5768,.T.);
#5764 = VERTEX_POINT('',#5765);
#5765 = CARTESIAN_POINT('',(-31.59297222805,17.259319389751,123.25));
#5766 = VERTEX_POINT('',#5767);
#5767 = CARTESIAN_POINT('',(-35.95249854565,-1.848742362956,123.25));
#5768 = SURFACE_CURVE('',#5769,(#5774,#5786),.PCURVE_S1.);
#5769 = CIRCLE('',#5770,36.);
#5770 = AXIS2_PLACEMENT_3D('',#5771,#5772,#5773);
#5771 = CARTESIAN_POINT('',(0.,0.,123.25));
#5772 = DIRECTION('',(0.,0.,1.));
#5773 = DIRECTION('',(-0.87758256189,0.479425538604,0.));
#5774 = PCURVE('',#5775,#5780);
#5775 = CYLINDRICAL_SURFACE('',#5776,36.);
#5776 = AXIS2_PLACEMENT_3D('',#5777,#5778,#5779);
#5777 = CARTESIAN_POINT('',(0.,0.,121.75));
#5778 = DIRECTION('',(0.,0.,1.));
#5779 = DIRECTION('',(-0.87758256189,0.479425538604,0.));
#5780 = DEFINITIONAL_REPRESENTATION('',(#5781),#5785);
#5781 = LINE('',#5782,#5783);
#5782 = CARTESIAN_POINT('',(0.,1.5));
#5783 = VECTOR('',#5784,1.);
#5784 = DIRECTION('',(1.,0.));
#5785 = ( GEOMETRIC_REPRESENTATION_CONTEXT(2) 
PARAMETRIC_REPRESENTATION_CONTEXT() REPRESENTATION_CONTEXT('2D SPACE',''
  ) );
#5786 = PCURVE('',#5787,#5792);
#5787 = PLANE('',#5788);
#5788 = AXIS2_PLACEMENT_3D('',#5789,#5790,#5791);
#5789 = CARTESIAN_POINT('',(0.,0.,123.25));
#5790 = DIRECTION('',(0.,0.,1.));
#5791 = DIRECTION('',(-0.87758256189,0.479425538604,0.));
#5792 = DEFINITIONAL_REPRESENTATION('',(#5793),#5797);
#5793 = CIRCLE('',#5794,36.);
#5794 = AXIS2_PLACEMENT_2D('',#5795,#5796);
#5795 = CARTESIAN_POINT('',(0.,0.));
#5796 = DIRECTION('',(1.,0.));
#5797 = ( GEOMETRIC_REPRESENTATION_CONTEXT(2) 
PARAMETRIC_REPRESENTATION_CONTEXT() REPRESENTATION_CONTEXT('2D SPACE',''
  ) );
#5798 = ORIENTED_EDGE('',*,*,#5799,.F.);
#5799 = EDGE_CURVE('',#5800,#5764,#5802,.T.);
#5800 = VERTEX_POINT('',#5801);
#5801 = CARTESIAN_POINT('',(-31.59297222805,17.259319389751,121.75));
#5802 = SURFACE_CURVE('',#5803,(#5807,#5814),.PCURVE_S1.);
#5803 = LINE('',#5804,#5805);
#5804 = CARTESIAN_POINT('',(-31.59297222805,17.259319389751,121.75));
#5805 = VECTOR('',#5806,1.);
#5806 = DIRECTION('',(0.,0.,1.));
#5807 = PCURVE('',#5775,#5808);
#5808 = DEFINITIONAL_REPRESENTATION('',(#5809),#5813);
#5809 = LINE('',#5810,#5811);
#5810 = CARTESIAN_POINT('',(0.,-0.));
#5811 = VECTOR('',#5812,1.);
#5812 = DIRECTION('',(0.,1.));
#5813 = ( GEOMETRIC_REPRESENTATION_CONTEXT(2) 
PARAMETRIC_REPRESENTATION_CONTEXT() REPRESENTATION_CONTEXT('2D SPACE',''
  ) );
#5814 = PCURVE('',#5815,#5820);
#5815 = PLANE('',#5816);
#5816 = AXIS2_PLACEMENT_3D('',#5817,#5818,#5819);
#5817 = CARTESIAN_POINT('',(0.,0.,121.75));
#5818 = DIRECTION('',(0.479425538604,0.87758256189,0.));
#5819 = DIRECTION('',(-0.87758256189,0.479425538604,0.));
#5820 = DEFINITIONAL_REPRESENTATION('',(#5821),#5825);
#5821 = LINE('',#5822,#5823);
#5822 = CARTESIAN_POINT('',(36.,0.));
#5823 = VECTOR('',#5824,1.);
#5824 = DIRECTION('',(0.,1.));
#5825 = ( GEOMETRIC_REPRESENTATION_CONTEXT(2) 
PARAMETRIC_REPRESENTATION_CONTEXT() REPRESENTATION_CONTEXT('2D SPACE',''
  ) );
#5826 = ORIENTED_EDGE('',*,*,#5827,.T.);
#5827 = EDGE_CURVE('',#5800,#5828,#5830,.T.);
#5828 = VERTEX_POINT('',#5829);
#5829 = CARTESIAN_POINT('',(-35.95249854565,-1.848742362956,121.75));
#5830 = SURFACE_CURVE('',#5831,(#5836,#5843),.PCURVE_S1.);
#5831 = CIRCLE('',#5832,36.);
#5832 = AXIS2_PLACEMENT_3D('',#5833,#5834,#5835);
#5833 = CARTESIAN_POINT('',(0.,0.,121.75));
#5834 = DIRECTION('',(0.,0.,1.));
#5835 = DIRECTION('',(-0.87758256189,0.479425538604,0.));
#5836 = PCURVE('',#5775,#5837);
#5837 = DEFINITIONAL_REPRESENTATION('',(#5838),#5842);
#5838 = LINE('',#5839,#5840);
#5839 = CARTESIAN_POINT('',(0.,0.));
#5840 = VECTOR('',#5841,1.);
#5841 = DIRECTION('',(1.,0.));
#5842 = ( GEOMETRIC_REPRESENTATION_CONTEXT(2) 
PARAMETRIC_REPRESENTATION_CONTEXT() REPRESENTATION_CONTEXT('2D SPACE',''
  ) );
#5843 = PCURVE('',#5844,#5849);
#5844 = PLANE('',#5845);
#5845 = AXIS2_PLACEMENT_3D('',#5846,#5847,#5848);
#5846 = CARTESIAN_POINT('',(0.,0.,121.75));
#5847 = DIRECTION('',(0.,0.,1.));
#5848 = DIRECTION('',(-0.87758256189,0.479425538604,0.));
#5849 = DEFINITIONAL_REPRESENTATION('',(#5850),#5854);
#5850 = CIRCLE('',#5851,36.);
#5851 = AXIS2_PLACEMENT_2D('',#5852,#5853);
#5852 = CARTESIAN_POINT('',(0.,0.));
#5853 = DIRECTION('',(1.,0.));
#5854 = ( GEOMETRIC_REPRESENTATION_CONTEXT(2) 
PARAMETRIC_REPRESENTATION_CONTEXT() REPRESENTATION_CONTEXT('2D SPACE',''
  ) );
#5855 = ORIENTED_EDGE('',*,*,#5856,.T.);
#5856 = EDGE_CURVE('',#5828,#5766,#5857,.T.);
#5857 = SURFACE_CURVE('',#5858,(#5862,#5869),.PCURVE_S1.);
#5858 = LINE('',#5859,#5860);
#5859 = CARTESIAN_POINT('',(-35.95249854565,-1.848742362956,121.75));
#5860 = VECTOR('',#5861,1.);
#5861 = DIRECTION('',(0.,0.,1.));
#5862 = PCURVE('',#5775,#5863);
#5863 = DEFINITIONAL_REPRESENTATION('',(#5864),#5868);
#5864 = LINE('',#5865,#5866);
#5865 = CARTESIAN_POINT('',(0.551376553376,-0.));
#5866 = VECTOR('',#5867,1.);
#5867 = DIRECTION('',(0.,1.));
#5868 = ( GEOMETRIC_REPRESENTATION_CONTEXT(2) 
PARAMETRIC_REPRESENTATION_CONTEXT() REPRESENTATION_CONTEXT('2D SPACE',''
  ) );
#5869 = PCURVE('',#5870,#5875);
#5870 = PLANE('',#5871);
#5871 = AXIS2_PLACEMENT_3D('',#5872,#5873,#5874);
#5872 = CARTESIAN_POINT('',(0.,0.,121.75));
#5873 = DIRECTION('',(-5.135395452655E-02,0.998680515157,0.));
#5874 = DIRECTION('',(-0.998680515157,-5.135395452655E-02,0.));
#5875 = DEFINITIONAL_REPRESENTATION('',(#5876),#5880);
#5876 = LINE('',#5877,#5878);
#5877 = CARTESIAN_POINT('',(36.,0.));
#5878 = VECTOR('',#5879,1.);
#5879 = DIRECTION('',(0.,1.));
#5880 = ( GEOMETRIC_REPRESENTATION_CONTEXT(2) 
PARAMETRIC_REPRESENTATION_CONTEXT() REPRESENTATION_CONTEXT('2D SPACE',''
  ) );
#5881 = ADVANCED_FACE('',(#5882),#5787,.T.);
#5882 = FACE_BOUND('',#5883,.T.);
#5883 = EDGE_LOOP('',(#5884,#5885,#5908,#5937));
#5884 = ORIENTED_EDGE('',*,*,#5763,.T.);
#5885 = ORIENTED_EDGE('',*,*,#5886,.F.);
#5886 = EDGE_CURVE('',#5887,#5766,#5889,.T.);
#5887 = VERTEX_POINT('',#5888);
#5888 = CARTESIAN_POINT('',(-1.997361030314,-0.102707909053,123.25));
#5889 = SURFACE_CURVE('',#5890,(#5894,#5901),.PCURVE_S1.);
#5890 = LINE('',#5891,#5892);
#5891 = CARTESIAN_POINT('',(0.,0.,123.25));
#5892 = VECTOR('',#5893,1.);
#5893 = DIRECTION('',(-0.998680515157,-5.135395452655E-02,0.));
#5894 = PCURVE('',#5787,#5895);
#5895 = DEFINITIONAL_REPRESENTATION('',(#5896),#5900);
#5896 = LINE('',#5897,#5898);
#5897 = CARTESIAN_POINT('',(0.,0.));
#5898 = VECTOR('',#5899,1.);
#5899 = DIRECTION('',(0.851804207693,0.523860278849));
#5900 = ( GEOMETRIC_REPRESENTATION_CONTEXT(2) 
PARAMETRIC_REPRESENTATION_CONTEXT() REPRESENTATION_CONTEXT('2D SPACE',''
  ) );
#5901 = PCURVE('',#5870,#5902);
#5902 = DEFINITIONAL_REPRESENTATION('',(#5903),#5907);
#5903 = LINE('',#5904,#5905);
#5904 = CARTESIAN_POINT('',(0.,1.5));
#5905 = VECTOR('',#5906,1.);
#5906 = DIRECTION('',(1.,0.));
#5907 = ( GEOMETRIC_REPRESENTATION_CONTEXT(2) 
PARAMETRIC_REPRESENTATION_CONTEXT() REPRESENTATION_CONTEXT('2D SPACE',''
  ) );
#5908 = ORIENTED_EDGE('',*,*,#5909,.F.);
#5909 = EDGE_CURVE('',#5910,#5887,#5912,.T.);
#5910 = VERTEX_POINT('',#5911);
#5911 = CARTESIAN_POINT('',(-1.755165123781,0.958851077208,123.25));
#5912 = SURFACE_CURVE('',#5913,(#5918,#5925),.PCURVE_S1.);
#5913 = CIRCLE('',#5914,2.);
#5914 = AXIS2_PLACEMENT_3D('',#5915,#5916,#5917);
#5915 = CARTESIAN_POINT('',(0.,0.,123.25));
#5916 = DIRECTION('',(0.,0.,1.));
#5917 = DIRECTION('',(-0.87758256189,0.479425538604,0.));
#5918 = PCURVE('',#5787,#5919);
#5919 = DEFINITIONAL_REPRESENTATION('',(#5920),#5924);
#5920 = CIRCLE('',#5921,2.);
#5921 = AXIS2_PLACEMENT_2D('',#5922,#5923);
#5922 = CARTESIAN_POINT('',(0.,0.));
#5923 = DIRECTION('',(1.,0.));
#5924 = ( GEOMETRIC_REPRESENTATION_CONTEXT(2) 
PARAMETRIC_REPRESENTATION_CONTEXT() REPRESENTATION_CONTEXT('2D SPACE',''
  ) );
#5925 = PCURVE('',#5926,#5931);
#5926 = CYLINDRICAL_SURFACE('',#5927,2.);
#5927 = AXIS2_PLACEMENT_3D('',#5928,#5929,#5930);
#5928 = CARTESIAN_POINT('',(0.,0.,120.75));
#5929 = DIRECTION('',(0.,0.,1.));
#5930 = DIRECTION('',(-0.87758256189,0.479425538604,0.));
#5931 = DEFINITIONAL_REPRESENTATION('',(#5932),#5936);
#5932 = LINE('',#5933,#5934);
#5933 = CARTESIAN_POINT('',(0.,2.5));
#5934 = VECTOR('',#5935,1.);
#5935 = DIRECTION('',(1.,0.));
#5936 = ( GEOMETRIC_REPRESENTATION_CONTEXT(2) 
PARAMETRIC_REPRESENTATION_CONTEXT() REPRESENTATION_CONTEXT('2D SPACE',''
  ) );
#5937 = ORIENTED_EDGE('',*,*,#5938,.T.);
#5938 = EDGE_CURVE('',#5910,#5764,#5939,.T.);
#5939 = SURFACE_CURVE('',#5940,(#5944,#5951),.PCURVE_S1.);
#5940 = LINE('',#5941,#5942);
#5941 = CARTESIAN_POINT('',(0.,0.,123.25));
#5942 = VECTOR('',#5943,1.);
#5943 = DIRECTION('',(-0.87758256189,0.479425538604,0.));
#5944 = PCURVE('',#5787,#5945);
#5945 = DEFINITIONAL_REPRESENTATION('',(#5946),#5950);
#5946 = LINE('',#5947,#5948);
#5947 = CARTESIAN_POINT('',(0.,0.));
#5948 = VECTOR('',#5949,1.);
#5949 = DIRECTION('',(1.,0.));
#5950 = ( GEOMETRIC_REPRESENTATION_CONTEXT(2) 
PARAMETRIC_REPRESENTATION_CONTEXT() REPRESENTATION_CONTEXT('2D SPACE',''
  ) );
#5951 = PCURVE('',#5815,#5952);
#5952 = DEFINITIONAL_REPRESENTATION('',(#5953),#5957);
#5953 = LINE('',#5954,#5955);
#5954 = CARTESIAN_POINT('',(0.,1.5));
#5955 = VECTOR('',#5956,1.);
#5956 = DIRECTION('',(1.,0.));
#5957 = ( GEOMETRIC_REPRESENTATION_CONTEXT(2) 
PARAMETRIC_REPRESENTATION_CONTEXT() REPRESENTATION_CONTEXT('2D SPACE',''
  ) );
#5958 = ADVANCED_FACE('',(#5959),#5870,.F.);
#5959 = FACE_BOUND('',#5960,.F.);
#5960 = EDGE_LOOP('',(#5961,#5962,#5983,#6004));
#5961 = ORIENTED_EDGE('',*,*,#5886,.F.);
#5962 = ORIENTED_EDGE('',*,*,#5963,.F.);
#5963 = EDGE_CURVE('',#5964,#5887,#5966,.T.);
#5964 = VERTEX_POINT('',#5965);
#5965 = CARTESIAN_POINT('',(-1.997361030314,-0.102707909053,121.75));
#5966 = SURFACE_CURVE('',#5967,(#5971,#5977),.PCURVE_S1.);
#5967 = LINE('',#5968,#5969);
#5968 = CARTESIAN_POINT('',(-1.997361030314,-0.102707909053,120.75));
#5969 = VECTOR('',#5970,1.);
#5970 = DIRECTION('',(0.,0.,1.));
#5971 = PCURVE('',#5870,#5972);
#5972 = DEFINITIONAL_REPRESENTATION('',(#5973),#5976);
#5973 = B_SPLINE_CURVE_WITH_KNOTS('',1,(#5974,#5975),.UNSPECIFIED.,.F.,
  .F.,(2,2),(0.85,2.65),.PIECEWISE_BEZIER_KNOTS.);
#5974 = CARTESIAN_POINT('',(2.,-0.15));
#5975 = CARTESIAN_POINT('',(2.,1.65));
#5976 = ( GEOMETRIC_REPRESENTATION_CONTEXT(2) 
PARAMETRIC_REPRESENTATION_CONTEXT() REPRESENTATION_CONTEXT('2D SPACE',''
  ) );
#5977 = PCURVE('',#5926,#5978);
#5978 = DEFINITIONAL_REPRESENTATION('',(#5979),#5982);
#5979 = B_SPLINE_CURVE_WITH_KNOTS('',1,(#5980,#5981),.UNSPECIFIED.,.F.,
  .F.,(2,2),(0.85,2.65),.PIECEWISE_BEZIER_KNOTS.);
#5980 = CARTESIAN_POINT('',(0.551376553376,0.85));
#5981 = CARTESIAN_POINT('',(0.551376553376,2.65));
#5982 = ( GEOMETRIC_REPRESENTATION_CONTEXT(2) 
PARAMETRIC_REPRESENTATION_CONTEXT() REPRESENTATION_CONTEXT('2D SPACE',''
  ) );
#5983 = ORIENTED_EDGE('',*,*,#5984,.T.);
#5984 = EDGE_CURVE('',#5964,#5828,#5985,.T.);
#5985 = SURFACE_CURVE('',#5986,(#5990,#5997),.PCURVE_S1.);
#5986 = LINE('',#5987,#5988);
#5987 = CARTESIAN_POINT('',(0.,0.,121.75));
#5988 = VECTOR('',#5989,1.);
#5989 = DIRECTION('',(-0.998680515157,-5.135395452655E-02,0.));
#5990 = PCURVE('',#5870,#5991);
#5991 = DEFINITIONAL_REPRESENTATION('',(#5992),#5996);
#5992 = LINE('',#5993,#5994);
#5993 = CARTESIAN_POINT('',(0.,0.));
#5994 = VECTOR('',#5995,1.);
#5995 = DIRECTION('',(1.,0.));
#5996 = ( GEOMETRIC_REPRESENTATION_CONTEXT(2) 
PARAMETRIC_REPRESENTATION_CONTEXT() REPRESENTATION_CONTEXT('2D SPACE',''
  ) );
#5997 = PCURVE('',#5844,#5998);
#5998 = DEFINITIONAL_REPRESENTATION('',(#5999),#6003);
#5999 = LINE('',#6000,#6001);
#6000 = CARTESIAN_POINT('',(0.,0.));
#6001 = VECTOR('',#6002,1.);
#6002 = DIRECTION('',(0.851804207693,0.523860278849));
#6003 = ( GEOMETRIC_REPRESENTATION_CONTEXT(2) 
PARAMETRIC_REPRESENTATION_CONTEXT() REPRESENTATION_CONTEXT('2D SPACE',''
  ) );
#6004 = ORIENTED_EDGE('',*,*,#5856,.T.);
#6005 = ADVANCED_FACE('',(#6006),#5844,.F.);
#6006 = FACE_BOUND('',#6007,.F.);
#6007 = EDGE_LOOP('',(#6008,#6009,#6010,#6034));
#6008 = ORIENTED_EDGE('',*,*,#5827,.T.);
#6009 = ORIENTED_EDGE('',*,*,#5984,.F.);
#6010 = ORIENTED_EDGE('',*,*,#6011,.F.);
#6011 = EDGE_CURVE('',#6012,#5964,#6014,.T.);
#6012 = VERTEX_POINT('',#6013);
#6013 = CARTESIAN_POINT('',(-1.755165123781,0.958851077208,121.75));
#6014 = SURFACE_CURVE('',#6015,(#6020,#6027),.PCURVE_S1.);
#6015 = CIRCLE('',#6016,2.);
#6016 = AXIS2_PLACEMENT_3D('',#6017,#6018,#6019);
#6017 = CARTESIAN_POINT('',(0.,0.,121.75));
#6018 = DIRECTION('',(0.,0.,1.));
#6019 = DIRECTION('',(-0.87758256189,0.479425538604,0.));
#6020 = PCURVE('',#5844,#6021);
#6021 = DEFINITIONAL_REPRESENTATION('',(#6022),#6026);
#6022 = CIRCLE('',#6023,2.);
#6023 = AXIS2_PLACEMENT_2D('',#6024,#6025);
#6024 = CARTESIAN_POINT('',(0.,0.));
#6025 = DIRECTION('',(1.,0.));
#6026 = ( GEOMETRIC_REPRESENTATION_CONTEXT(2) 
PARAMETRIC_REPRESENTATION_CONTEXT() REPRESENTATION_CONTEXT('2D SPACE',''
  ) );
#6027 = PCURVE('',#5926,#6028);
#6028 = DEFINITIONAL_REPRESENTATION('',(#6029),#6033);
#6029 = LINE('',#6030,#6031);
#6030 = CARTESIAN_POINT('',(0.,1.));
#6031 = VECTOR('',#6032,1.);
#6032 = DIRECTION('',(1.,0.));
#6033 = ( GEOMETRIC_REPRESENTATION_CONTEXT(2) 
PARAMETRIC_REPRESENTATION_CONTEXT() REPRESENTATION_CONTEXT('2D SPACE',''
  ) );
#6034 = ORIENTED_EDGE('',*,*,#6035,.T.);
#6035 = EDGE_CURVE('',#6012,#5800,#6036,.T.);
#6036 = SURFACE_CURVE('',#6037,(#6041,#6048),.PCURVE_S1.);
#6037 = LINE('',#6038,#6039);
#6038 = CARTESIAN_POINT('',(0.,0.,121.75));
#6039 = VECTOR('',#6040,1.);
#6040 = DIRECTION('',(-0.87758256189,0.479425538604,0.));
#6041 = PCURVE('',#5844,#6042);
#6042 = DEFINITIONAL_REPRESENTATION('',(#6043),#6047);
#6043 = LINE('',#6044,#6045);
#6044 = CARTESIAN_POINT('',(0.,0.));
#6045 = VECTOR('',#6046,1.);
#6046 = DIRECTION('',(1.,0.));
#6047 = ( GEOMETRIC_REPRESENTATION_CONTEXT(2) 
PARAMETRIC_REPRESENTATION_CONTEXT() REPRESENTATION_CONTEXT('2D SPACE',''
  ) );
#6048 = PCURVE('',#5815,#6049);
#6049 = DEFINITIONAL_REPRESENTATION('',(#6050),#6054);
#6050 = LINE('',#6051,#6052);
#6051 = CARTESIAN_POINT('',(0.,0.));
#6052 = VECTOR('',#6053,1.);
#6053 = DIRECTION('',(1.,0.));
#6054 = ( GEOMETRIC_REPRESENTATION_CONTEXT(2) 
PARAMETRIC_REPRESENTATION_CONTEXT() REPRESENTATION_CONTEXT('2D SPACE',''
  ) );
#6055 = ADVANCED_FACE('',(#6056),#5815,.T.);
#6056 = FACE_BOUND('',#6057,.T.);
#6057 = EDGE_LOOP('',(#6058,#6079,#6080,#6081));
#6058 = ORIENTED_EDGE('',*,*,#6059,.F.);
#6059 = EDGE_CURVE('',#6012,#5910,#6060,.T.);
#6060 = SURFACE_CURVE('',#6061,(#6065,#6072),.PCURVE_S1.);
#6061 = LINE('',#6062,#6063);
#6062 = CARTESIAN_POINT('',(-1.755165123781,0.958851077208,120.75));
#6063 = VECTOR('',#6064,1.);
#6064 = DIRECTION('',(0.,0.,1.));
#6065 = PCURVE('',#5815,#6066);
#6066 = DEFINITIONAL_REPRESENTATION('',(#6067),#6071);
#6067 = LINE('',#6068,#6069);
#6068 = CARTESIAN_POINT('',(2.,-1.));
#6069 = VECTOR('',#6070,1.);
#6070 = DIRECTION('',(0.,1.));
#6071 = ( GEOMETRIC_REPRESENTATION_CONTEXT(2) 
PARAMETRIC_REPRESENTATION_CONTEXT() REPRESENTATION_CONTEXT('2D SPACE',''
  ) );
#6072 = PCURVE('',#5926,#6073);
#6073 = DEFINITIONAL_REPRESENTATION('',(#6074),#6078);
#6074 = LINE('',#6075,#6076);
#6075 = CARTESIAN_POINT('',(0.,-0.));
#6076 = VECTOR('',#6077,1.);
#6077 = DIRECTION('',(0.,1.));
#6078 = ( GEOMETRIC_REPRESENTATION_CONTEXT(2) 
PARAMETRIC_REPRESENTATION_CONTEXT() REPRESENTATION_CONTEXT('2D SPACE',''
  ) );
#6079 = ORIENTED_EDGE('',*,*,#6035,.T.);
#6080 = ORIENTED_EDGE('',*,*,#5799,.T.);
#6081 = ORIENTED_EDGE('',*,*,#5938,.F.);
#6082 = ADVANCED_FACE('',(#6083),#5926,.F.);
#6083 = FACE_BOUND('',#6084,.F.);
#6084 = EDGE_LOOP('',(#6085,#6086,#6087,#6088));
#6085 = ORIENTED_EDGE('',*,*,#5909,.F.);
#6086 = ORIENTED_EDGE('',*,*,#6059,.F.);
#6087 = ORIENTED_EDGE('',*,*,#6011,.T.);
#6088 = ORIENTED_EDGE('',*,*,#5963,.T.);
#6089 = MANIFOLD_SOLID_BREP('',#6090);
#6090 = CLOSED_SHELL('',(#6091,#6213,#6290,#6337,#6387,#6414));
#6091 = ADVANCED_FACE('',(#6092),#6107,.T.);
#6092 = FACE_BOUND('',#6093,.T.);
#6093 = EDGE_LOOP('',(#6094,#6130,#6158,#6187));
#6094 = ORIENTED_EDGE('',*,*,#6095,.F.);
#6095 = EDGE_CURVE('',#6096,#6098,#6100,.T.);
#6096 = VERTEX_POINT('',#6097);
#6097 = CARTESIAN_POINT('',(-17.86955480912,31.251864119179,137.7));
#6098 = VERTEX_POINT('',#6099);
#6099 = CARTESIAN_POINT('',(-31.59297222805,17.259319389751,137.7));
#6100 = SURFACE_CURVE('',#6101,(#6106,#6118),.PCURVE_S1.);
#6101 = CIRCLE('',#6102,36.);
#6102 = AXIS2_PLACEMENT_3D('',#6103,#6104,#6105);
#6103 = CARTESIAN_POINT('',(0.,0.,137.7));
#6104 = DIRECTION('',(0.,0.,1.));
#6105 = DIRECTION('',(-0.496376522476,0.868107336644,0.));
#6106 = PCURVE('',#6107,#6112);
#6107 = CYLINDRICAL_SURFACE('',#6108,36.);
#6108 = AXIS2_PLACEMENT_3D('',#6109,#6110,#6111);
#6109 = CARTESIAN_POINT('',(0.,0.,136.2));
#6110 = DIRECTION('',(0.,0.,1.));
#6111 = DIRECTION('',(-0.496376522476,0.868107336644,0.));
#6112 = DEFINITIONAL_REPRESENTATION('',(#6113),#6117);
#6113 = LINE('',#6114,#6115);
#6114 = CARTESIAN_POINT('',(0.,1.5));
#6115 = VECTOR('',#6116,1.);
#6116 = DIRECTION('',(1.,0.));
#6117 = ( GEOMETRIC_REPRESENTATION_CONTEXT(2) 
PARAMETRIC_REPRESENTATION_CONTEXT() REPRESENTATION_CONTEXT('2D SPACE',''
  ) );
#6118 = PCURVE('',#6119,#6124);
#6119 = PLANE('',#6120);
#6120 = AXIS2_PLACEMENT_3D('',#6121,#6122,#6123);
#6121 = CARTESIAN_POINT('',(0.,0.,137.7));
#6122 = DIRECTION('',(0.,0.,1.));
#6123 = DIRECTION('',(-0.496376522476,0.868107336644,0.));
#6124 = DEFINITIONAL_REPRESENTATION('',(#6125),#6129);
#6125 = CIRCLE('',#6126,36.);
#6126 = AXIS2_PLACEMENT_2D('',#6127,#6128);
#6127 = CARTESIAN_POINT('',(0.,0.));
#6128 = DIRECTION('',(1.,0.));
#6129 = ( GEOMETRIC_REPRESENTATION_CONTEXT(2) 
PARAMETRIC_REPRESENTATION_CONTEXT() REPRESENTATION_CONTEXT('2D SPACE',''
  ) );
#6130 = ORIENTED_EDGE('',*,*,#6131,.F.);
#6131 = EDGE_CURVE('',#6132,#6096,#6134,.T.);
#6132 = VERTEX_POINT('',#6133);
#6133 = CARTESIAN_POINT('',(-17.86955480912,31.251864119179,136.2));
#6134 = SURFACE_CURVE('',#6135,(#6139,#6146),.PCURVE_S1.);
#6135 = LINE('',#6136,#6137);
#6136 = CARTESIAN_POINT('',(-17.86955480912,31.251864119179,136.2));
#6137 = VECTOR('',#6138,1.);
#6138 = DIRECTION('',(0.,0.,1.));
#6139 = PCURVE('',#6107,#6140);
#6140 = DEFINITIONAL_REPRESENTATION('',(#6141),#6145);
#6141 = LINE('',#6142,#6143);
#6142 = CARTESIAN_POINT('',(0.,-0.));
#6143 = VECTOR('',#6144,1.);
#6144 = DIRECTION('',(0.,1.));
#6145 = ( GEOMETRIC_REPRESENTATION_CONTEXT(2) 
PARAMETRIC_REPRESENTATION_CONTEXT() REPRESENTATION_CONTEXT('2D SPACE',''
  ) );
#6146 = PCURVE('',#6147,#6152);
#6147 = PLANE('',#6148);
#6148 = AXIS2_PLACEMENT_3D('',#6149,#6150,#6151);
#6149 = CARTESIAN_POINT('',(0.,0.,136.2));
#6150 = DIRECTION('',(0.868107336644,0.496376522476,0.));
#6151 = DIRECTION('',(-0.496376522476,0.868107336644,0.));
#6152 = DEFINITIONAL_REPRESENTATION('',(#6153),#6157);
#6153 = LINE('',#6154,#6155);
#6154 = CARTESIAN_POINT('',(36.,0.));
#6155 = VECTOR('',#6156,1.);
#6156 = DIRECTION('',(0.,1.));
#6157 = ( GEOMETRIC_REPRESENTATION_CONTEXT(2) 
PARAMETRIC_REPRESENTATION_CONTEXT() REPRESENTATION_CONTEXT('2D SPACE',''
  ) );
#6158 = ORIENTED_EDGE('',*,*,#6159,.T.);
#6159 = EDGE_CURVE('',#6132,#6160,#6162,.T.);
#6160 = VERTEX_POINT('',#6161);
#6161 = CARTESIAN_POINT('',(-31.59297222805,17.259319389751,136.2));
#6162 = SURFACE_CURVE('',#6163,(#6168,#6175),.PCURVE_S1.);
#6163 = CIRCLE('',#6164,36.);
#6164 = AXIS2_PLACEMENT_3D('',#6165,#6166,#6167);
#6165 = CARTESIAN_POINT('',(0.,0.,136.2));
#6166 = DIRECTION('',(0.,0.,1.));
#6167 = DIRECTION('',(-0.496376522476,0.868107336644,0.));
#6168 = PCURVE('',#6107,#6169);
#6169 = DEFINITIONAL_REPRESENTATION('',(#6170),#6174);
#6170 = LINE('',#6171,#6172);
#6171 = CARTESIAN_POINT('',(0.,0.));
#6172 = VECTOR('',#6173,1.);
#6173 = DIRECTION('',(1.,0.));
#6174 = ( GEOMETRIC_REPRESENTATION_CONTEXT(2) 
PARAMETRIC_REPRESENTATION_CONTEXT() REPRESENTATION_CONTEXT('2D SPACE',''
  ) );
#6175 = PCURVE('',#6176,#6181);
#6176 = PLANE('',#6177);
#6177 = AXIS2_PLACEMENT_3D('',#6178,#6179,#6180);
#6178 = CARTESIAN_POINT('',(0.,0.,136.2));
#6179 = DIRECTION('',(0.,0.,1.));
#6180 = DIRECTION('',(-0.496376522476,0.868107336644,0.));
#6181 = DEFINITIONAL_REPRESENTATION('',(#6182),#6186);
#6182 = CIRCLE('',#6183,36.);
#6183 = AXIS2_PLACEMENT_2D('',#6184,#6185);
#6184 = CARTESIAN_POINT('',(0.,0.));
#6185 = DIRECTION('',(1.,0.));
#6186 = ( GEOMETRIC_REPRESENTATION_CONTEXT(2) 
PARAMETRIC_REPRESENTATION_CONTEXT() REPRESENTATION_CONTEXT('2D SPACE',''
  ) );
#6187 = ORIENTED_EDGE('',*,*,#6188,.T.);
#6188 = EDGE_CURVE('',#6160,#6098,#6189,.T.);
#6189 = SURFACE_CURVE('',#6190,(#6194,#6201),.PCURVE_S1.);
#6190 = LINE('',#6191,#6192);
#6191 = CARTESIAN_POINT('',(-31.59297222805,17.259319389751,136.2));
#6192 = VECTOR('',#6193,1.);
#6193 = DIRECTION('',(0.,0.,1.));
#6194 = PCURVE('',#6107,#6195);
#6195 = DEFINITIONAL_REPRESENTATION('',(#6196),#6200);
#6196 = LINE('',#6197,#6198);
#6197 = CARTESIAN_POINT('',(0.551376553376,-0.));
#6198 = VECTOR('',#6199,1.);
#6199 = DIRECTION('',(0.,1.));
#6200 = ( GEOMETRIC_REPRESENTATION_CONTEXT(2) 
PARAMETRIC_REPRESENTATION_CONTEXT() REPRESENTATION_CONTEXT('2D SPACE',''
  ) );
#6201 = PCURVE('',#6202,#6207);
#6202 = PLANE('',#6203);
#6203 = AXIS2_PLACEMENT_3D('',#6204,#6205,#6206);
#6204 = CARTESIAN_POINT('',(0.,0.,136.2));
#6205 = DIRECTION('',(0.479425538604,0.87758256189,0.));
#6206 = DIRECTION('',(-0.87758256189,0.479425538604,0.));
#6207 = DEFINITIONAL_REPRESENTATION('',(#6208),#6212);
#6208 = LINE('',#6209,#6210);
#6209 = CARTESIAN_POINT('',(36.,0.));
#6210 = VECTOR('',#6211,1.);
#6211 = DIRECTION('',(0.,1.));
#6212 = ( GEOMETRIC_REPRESENTATION_CONTEXT(2) 
PARAMETRIC_REPRESENTATION_CONTEXT() REPRESENTATION_CONTEXT('2D SPACE',''
  ) );
#6213 = ADVANCED_FACE('',(#6214),#6119,.T.);
#6214 = FACE_BOUND('',#6215,.T.);
#6215 = EDGE_LOOP('',(#6216,#6217,#6240,#6269));
#6216 = ORIENTED_EDGE('',*,*,#6095,.T.);
#6217 = ORIENTED_EDGE('',*,*,#6218,.F.);
#6218 = EDGE_CURVE('',#6219,#6098,#6221,.T.);
#6219 = VERTEX_POINT('',#6220);
#6220 = CARTESIAN_POINT('',(-1.755165123781,0.958851077208,137.7));
#6221 = SURFACE_CURVE('',#6222,(#6226,#6233),.PCURVE_S1.);
#6222 = LINE('',#6223,#6224);
#6223 = CARTESIAN_POINT('',(0.,0.,137.7));
#6224 = VECTOR('',#6225,1.);
#6225 = DIRECTION('',(-0.87758256189,0.479425538604,0.));
#6226 = PCURVE('',#6119,#6227);
#6227 = DEFINITIONAL_REPRESENTATION('',(#6228),#6232);
#6228 = LINE('',#6229,#6230);
#6229 = CARTESIAN_POINT('',(0.,0.));
#6230 = VECTOR('',#6231,1.);
#6231 = DIRECTION('',(0.851804207693,0.523860278849));
#6232 = ( GEOMETRIC_REPRESENTATION_CONTEXT(2) 
PARAMETRIC_REPRESENTATION_CONTEXT() REPRESENTATION_CONTEXT('2D SPACE',''
  ) );
#6233 = PCURVE('',#6202,#6234);
#6234 = DEFINITIONAL_REPRESENTATION('',(#6235),#6239);
#6235 = LINE('',#6236,#6237);
#6236 = CARTESIAN_POINT('',(0.,1.5));
#6237 = VECTOR('',#6238,1.);
#6238 = DIRECTION('',(1.,0.));
#6239 = ( GEOMETRIC_REPRESENTATION_CONTEXT(2) 
PARAMETRIC_REPRESENTATION_CONTEXT() REPRESENTATION_CONTEXT('2D SPACE',''
  ) );
#6240 = ORIENTED_EDGE('',*,*,#6241,.F.);
#6241 = EDGE_CURVE('',#6242,#6219,#6244,.T.);
#6242 = VERTEX_POINT('',#6243);
#6243 = CARTESIAN_POINT('',(-0.992753044951,1.736214673288,137.7));
#6244 = SURFACE_CURVE('',#6245,(#6250,#6257),.PCURVE_S1.);
#6245 = CIRCLE('',#6246,2.);
#6246 = AXIS2_PLACEMENT_3D('',#6247,#6248,#6249);
#6247 = CARTESIAN_POINT('',(0.,0.,137.7));
#6248 = DIRECTION('',(0.,0.,1.));
#6249 = DIRECTION('',(-0.496376522476,0.868107336644,0.));
#6250 = PCURVE('',#6119,#6251);
#6251 = DEFINITIONAL_REPRESENTATION('',(#6252),#6256);
#6252 = CIRCLE('',#6253,2.);
#6253 = AXIS2_PLACEMENT_2D('',#6254,#6255);
#6254 = CARTESIAN_POINT('',(0.,0.));
#6255 = DIRECTION('',(1.,0.));
#6256 = ( GEOMETRIC_REPRESENTATION_CONTEXT(2) 
PARAMETRIC_REPRESENTATION_CONTEXT() REPRESENTATION_CONTEXT('2D SPACE',''
  ) );
#6257 = PCURVE('',#6258,#6263);
#6258 = CYLINDRICAL_SURFACE('',#6259,2.);
#6259 = AXIS2_PLACEMENT_3D('',#6260,#6261,#6262);
#6260 = CARTESIAN_POINT('',(0.,0.,135.2));
#6261 = DIRECTION('',(0.,0.,1.));
#6262 = DIRECTION('',(-0.496376522476,0.868107336644,0.));
#6263 = DEFINITIONAL_REPRESENTATION('',(#6264),#6268);
#6264 = LINE('',#6265,#6266);
#6265 = CARTESIAN_POINT('',(0.,2.5));
#6266 = VECTOR('',#6267,1.);
#6267 = DIRECTION('',(1.,0.));
#6268 = ( GEOMETRIC_REPRESENTATION_CONTEXT(2) 
PARAMETRIC_REPRESENTATION_CONTEXT() REPRESENTATION_CONTEXT('2D SPACE',''
  ) );
#6269 = ORIENTED_EDGE('',*,*,#6270,.T.);
#6270 = EDGE_CURVE('',#6242,#6096,#6271,.T.);
#6271 = SURFACE_CURVE('',#6272,(#6276,#6283),.PCURVE_S1.);
#6272 = LINE('',#6273,#6274);
#6273 = CARTESIAN_POINT('',(0.,0.,137.7));
#6274 = VECTOR('',#6275,1.);
#6275 = DIRECTION('',(-0.496376522476,0.868107336644,0.));
#6276 = PCURVE('',#6119,#6277);
#6277 = DEFINITIONAL_REPRESENTATION('',(#6278),#6282);
#6278 = LINE('',#6279,#6280);
#6279 = CARTESIAN_POINT('',(0.,0.));
#6280 = VECTOR('',#6281,1.);
#6281 = DIRECTION('',(1.,0.));
#6282 = ( GEOMETRIC_REPRESENTATION_CONTEXT(2) 
PARAMETRIC_REPRESENTATION_CONTEXT() REPRESENTATION_CONTEXT('2D SPACE',''
  ) );
#6283 = PCURVE('',#6147,#6284);
#6284 = DEFINITIONAL_REPRESENTATION('',(#6285),#6289);
#6285 = LINE('',#6286,#6287);
#6286 = CARTESIAN_POINT('',(0.,1.5));
#6287 = VECTOR('',#6288,1.);
#6288 = DIRECTION('',(1.,0.));
#6289 = ( GEOMETRIC_REPRESENTATION_CONTEXT(2) 
PARAMETRIC_REPRESENTATION_CONTEXT() REPRESENTATION_CONTEXT('2D SPACE',''
  ) );
#6290 = ADVANCED_FACE('',(#6291),#6202,.F.);
#6291 = FACE_BOUND('',#6292,.F.);
#6292 = EDGE_LOOP('',(#6293,#6294,#6315,#6336));
#6293 = ORIENTED_EDGE('',*,*,#6218,.F.);
#6294 = ORIENTED_EDGE('',*,*,#6295,.F.);
#6295 = EDGE_CURVE('',#6296,#6219,#6298,.T.);
#6296 = VERTEX_POINT('',#6297);
#6297 = CARTESIAN_POINT('',(-1.755165123781,0.958851077208,136.2));
#6298 = SURFACE_CURVE('',#6299,(#6303,#6309),.PCURVE_S1.);
#6299 = LINE('',#6300,#6301);
#6300 = CARTESIAN_POINT('',(-1.755165123781,0.958851077208,135.2));
#6301 = VECTOR('',#6302,1.);
#6302 = DIRECTION('',(0.,0.,1.));
#6303 = PCURVE('',#6202,#6304);
#6304 = DEFINITIONAL_REPRESENTATION('',(#6305),#6308);
#6305 = B_SPLINE_CURVE_WITH_KNOTS('',1,(#6306,#6307),.UNSPECIFIED.,.F.,
  .F.,(2,2),(0.85,2.65),.PIECEWISE_BEZIER_KNOTS.);
#6306 = CARTESIAN_POINT('',(2.,-0.15));
#6307 = CARTESIAN_POINT('',(2.,1.65));
#6308 = ( GEOMETRIC_REPRESENTATION_CONTEXT(2) 
PARAMETRIC_REPRESENTATION_CONTEXT() REPRESENTATION_CONTEXT('2D SPACE',''
  ) );
#6309 = PCURVE('',#6258,#6310);
#6310 = DEFINITIONAL_REPRESENTATION('',(#6311),#6314);
#6311 = B_SPLINE_CURVE_WITH_KNOTS('',1,(#6312,#6313),.UNSPECIFIED.,.F.,
  .F.,(2,2),(0.85,2.65),.PIECEWISE_BEZIER_KNOTS.);
#6312 = CARTESIAN_POINT('',(0.551376553376,0.85));
#6313 = CARTESIAN_POINT('',(0.551376553376,2.65));
#6314 = ( GEOMETRIC_REPRESENTATION_CONTEXT(2) 
PARAMETRIC_REPRESENTATION_CONTEXT() REPRESENTATION_CONTEXT('2D SPACE',''
  ) );
#6315 = ORIENTED_EDGE('',*,*,#6316,.T.);
#6316 = EDGE_CURVE('',#6296,#6160,#6317,.T.);
#6317 = SURFACE_CURVE('',#6318,(#6322,#6329),.PCURVE_S1.);
#6318 = LINE('',#6319,#6320);
#6319 = CARTESIAN_POINT('',(0.,0.,136.2));
#6320 = VECTOR('',#6321,1.);
#6321 = DIRECTION('',(-0.87758256189,0.479425538604,0.));
#6322 = PCURVE('',#6202,#6323);
#6323 = DEFINITIONAL_REPRESENTATION('',(#6324),#6328);
#6324 = LINE('',#6325,#6326);
#6325 = CARTESIAN_POINT('',(0.,0.));
#6326 = VECTOR('',#6327,1.);
#6327 = DIRECTION('',(1.,0.));
#6328 = ( GEOMETRIC_REPRESENTATION_CONTEXT(2) 
PARAMETRIC_REPRESENTATION_CONTEXT() REPRESENTATION_CONTEXT('2D SPACE',''
  ) );
#6329 = PCURVE('',#6176,#6330);
#6330 = DEFINITIONAL_REPRESENTATION('',(#6331),#6335);
#6331 = LINE('',#6332,#6333);
#6332 = CARTESIAN_POINT('',(0.,0.));
#6333 = VECTOR('',#6334,1.);
#6334 = DIRECTION('',(0.851804207693,0.523860278849));
#6335 = ( GEOMETRIC_REPRESENTATION_CONTEXT(2) 
PARAMETRIC_REPRESENTATION_CONTEXT() REPRESENTATION_CONTEXT('2D SPACE',''
  ) );
#6336 = ORIENTED_EDGE('',*,*,#6188,.T.);
#6337 = ADVANCED_FACE('',(#6338),#6176,.F.);
#6338 = FACE_BOUND('',#6339,.F.);
#6339 = EDGE_LOOP('',(#6340,#6341,#6342,#6366));
#6340 = ORIENTED_EDGE('',*,*,#6159,.T.);
#6341 = ORIENTED_EDGE('',*,*,#6316,.F.);
#6342 = ORIENTED_EDGE('',*,*,#6343,.F.);
#6343 = EDGE_CURVE('',#6344,#6296,#6346,.T.);
#6344 = VERTEX_POINT('',#6345);
#6345 = CARTESIAN_POINT('',(-0.992753044951,1.736214673288,136.2));
#6346 = SURFACE_CURVE('',#6347,(#6352,#6359),.PCURVE_S1.);
#6347 = CIRCLE('',#6348,2.);
#6348 = AXIS2_PLACEMENT_3D('',#6349,#6350,#6351);
#6349 = CARTESIAN_POINT('',(0.,0.,136.2));
#6350 = DIRECTION('',(0.,0.,1.));
#6351 = DIRECTION('',(-0.496376522476,0.868107336644,0.));
#6352 = PCURVE('',#6176,#6353);
#6353 = DEFINITIONAL_REPRESENTATION('',(#6354),#6358);
#6354 = CIRCLE('',#6355,2.);
#6355 = AXIS2_PLACEMENT_2D('',#6356,#6357);
#6356 = CARTESIAN_POINT('',(0.,0.));
#6357 = DIRECTION('',(1.,0.));
#6358 = ( GEOMETRIC_REPRESENTATION_CONTEXT(2) 
PARAMETRIC_REPRESENTATION_CONTEXT() REPRESENTATION_CONTEXT('2D SPACE',''
  ) );
#6359 = PCURVE('',#6258,#6360);
#6360 = DEFINITIONAL_REPRESENTATION('',(#6361),#6365);
#6361 = LINE('',#6362,#6363);
#6362 = CARTESIAN_POINT('',(0.,1.));
#6363 = VECTOR('',#6364,1.);
#6364 = DIRECTION('',(1.,0.));
#6365 = ( GEOMETRIC_REPRESENTATION_CONTEXT(2) 
PARAMETRIC_REPRESENTATION_CONTEXT() REPRESENTATION_CONTEXT('2D SPACE',''
  ) );
#6366 = ORIENTED_EDGE('',*,*,#6367,.T.);
#6367 = EDGE_CURVE('',#6344,#6132,#6368,.T.);
#6368 = SURFACE_CURVE('',#6369,(#6373,#6380),.PCURVE_S1.);
#6369 = LINE('',#6370,#6371);
#6370 = CARTESIAN_POINT('',(0.,0.,136.2));
#6371 = VECTOR('',#6372,1.);
#6372 = DIRECTION('',(-0.496376522476,0.868107336644,0.));
#6373 = PCURVE('',#6176,#6374);
#6374 = DEFINITIONAL_REPRESENTATION('',(#6375),#6379);
#6375 = LINE('',#6376,#6377);
#6376 = CARTESIAN_POINT('',(0.,0.));
#6377 = VECTOR('',#6378,1.);
#6378 = DIRECTION('',(1.,0.));
#6379 = ( GEOMETRIC_REPRESENTATION_CONTEXT(2) 
PARAMETRIC_REPRESENTATION_CONTEXT() REPRESENTATION_CONTEXT('2D SPACE',''
  ) );
#6380 = PCURVE('',#6147,#6381);
#6381 = DEFINITIONAL_REPRESENTATION('',(#6382),#6386);
#6382 = LINE('',#6383,#6384);
#6383 = CARTESIAN_POINT('',(0.,0.));
#6384 = VECTOR('',#6385,1.);
#6385 = DIRECTION('',(1.,0.));
#6386 = ( GEOMETRIC_REPRESENTATION_CONTEXT(2) 
PARAMETRIC_REPRESENTATION_CONTEXT() REPRESENTATION_CONTEXT('2D SPACE',''
  ) );
#6387 = ADVANCED_FACE('',(#6388),#6147,.T.);
#6388 = FACE_BOUND('',#6389,.T.);
#6389 = EDGE_LOOP('',(#6390,#6411,#6412,#6413));
#6390 = ORIENTED_EDGE('',*,*,#6391,.F.);
#6391 = EDGE_CURVE('',#6344,#6242,#6392,.T.);
#6392 = SURFACE_CURVE('',#6393,(#6397,#6404),.PCURVE_S1.);
#6393 = LINE('',#6394,#6395);
#6394 = CARTESIAN_POINT('',(-0.992753044951,1.736214673288,135.2));
#6395 = VECTOR('',#6396,1.);
#6396 = DIRECTION('',(0.,0.,1.));
#6397 = PCURVE('',#6147,#6398);
#6398 = DEFINITIONAL_REPRESENTATION('',(#6399),#6403);
#6399 = LINE('',#6400,#6401);
#6400 = CARTESIAN_POINT('',(2.,-1.));
#6401 = VECTOR('',#6402,1.);
#6402 = DIRECTION('',(0.,1.));
#6403 = ( GEOMETRIC_REPRESENTATION_CONTEXT(2) 
PARAMETRIC_REPRESENTATION_CONTEXT() REPRESENTATION_CONTEXT('2D SPACE',''
  ) );
#6404 = PCURVE('',#6258,#6405);
#6405 = DEFINITIONAL_REPRESENTATION('',(#6406),#6410);
#6406 = LINE('',#6407,#6408);
#6407 = CARTESIAN_POINT('',(0.,-0.));
#6408 = VECTOR('',#6409,1.);
#6409 = DIRECTION('',(0.,1.));
#6410 = ( GEOMETRIC_REPRESENTATION_CONTEXT(2) 
PARAMETRIC_REPRESENTATION_CONTEXT() REPRESENTATION_CONTEXT('2D SPACE',''
  ) );
#6411 = ORIENTED_EDGE('',*,*,#6367,.T.);
#6412 = ORIENTED_EDGE('',*,*,#6131,.T.);
#6413 = ORIENTED_EDGE('',*,*,#6270,.F.);
#6414 = ADVANCED_FACE('',(#6415),#6258,.F.);
#6415 = FACE_BOUND('',#6416,.F.);
#6416 = EDGE_LOOP('',(#6417,#6418,#6419,#6420));
#6417 = ORIENTED_EDGE('',*,*,#6241,.F.);
#6418 = ORIENTED_EDGE('',*,*,#6391,.F.);
#6419 = ORIENTED_EDGE('',*,*,#6343,.T.);
#6420 = ORIENTED_EDGE('',*,*,#6295,.T.);
#6421 = MANIFOLD_SOLID_BREP('',#6422);
#6422 = CLOSED_SHELL('',(#6423,#6511,#6515));
#6423 = ADVANCED_FACE('',(#6424),#6437,.T.);
#6424 = FACE_BOUND('',#6425,.T.);
#6425 = EDGE_LOOP('',(#6426,#6460,#6483,#6510));
#6426 = ORIENTED_EDGE('',*,*,#6427,.F.);
#6427 = EDGE_CURVE('',#6428,#6428,#6430,.T.);
#6428 = VERTEX_POINT('',#6429);
#6429 = CARTESIAN_POINT('',(36.,-6.123233995737E-17,36.));
#6430 = SURFACE_CURVE('',#6431,(#6436,#6448),.PCURVE_S1.);
#6431 = CIRCLE('',#6432,0.25);
#6432 = AXIS2_PLACEMENT_3D('',#6433,#6434,#6435);
#6433 = CARTESIAN_POINT('',(35.75,0.,36.));
#6434 = DIRECTION('',(0.,0.,1.));
#6435 = DIRECTION('',(1.,0.,0.));
#6436 = PCURVE('',#6437,#6442);
#6437 = CYLINDRICAL_SURFACE('',#6438,0.25);
#6438 = AXIS2_PLACEMENT_3D('',#6439,#6440,#6441);
#6439 = CARTESIAN_POINT('',(35.75,0.,0.));
#6440 = DIRECTION('',(0.,0.,1.));
#6441 = DIRECTION('',(1.,0.,0.));
#6442 = DEFINITIONAL_REPRESENTATION('',(#6443),#6447);
#6443 = LINE('',#6444,#6445);
#6444 = CARTESIAN_POINT('',(0.,36.));
#6445 = VECTOR('',#6446,1.);
#6446 = DIRECTION('',(1.,0.));
#6447 = ( GEOMETRIC_REPRESENTATION_CONTEXT(2) 
PARAMETRIC_REPRESENTATION_CONTEXT() REPRESENTATION_CONTEXT('2D SPACE',''
  ) );
#6448 = PCURVE('',#6449,#6454);
#6449 = PLANE('',#6450);
#6450 = AXIS2_PLACEMENT_3D('',#6451,#6452,#6453);
#6451 = CARTESIAN_POINT('',(35.75,0.,36.));
#6452 = DIRECTION('',(0.,0.,1.));
#6453 = DIRECTION('',(1.,0.,0.));
#6454 = DEFINITIONAL_REPRESENTATION('',(#6455),#6459);
#6455 = CIRCLE('',#6456,0.25);
#6456 = AXIS2_PLACEMENT_2D('',#6457,#6458);
#6457 = CARTESIAN_POINT('',(0.,0.));
#6458 = DIRECTION('',(1.,0.));
#6459 = ( GEOMETRIC_REPRESENTATION_CONTEXT(2) 
PARAMETRIC_REPRESENTATION_CONTEXT() REPRESENTATION_CONTEXT('2D SPACE',''
  ) );
#6460 = ORIENTED_EDGE('',*,*,#6461,.F.);
#6461 = EDGE_CURVE('',#6462,#6428,#6464,.T.);
#6462 = VERTEX_POINT('',#6463);
#6463 = CARTESIAN_POINT('',(36.,-6.123233995737E-17,0.));
#6464 = SEAM_CURVE('',#6465,(#6469,#6476),.PCURVE_S1.);
#6465 = LINE('',#6466,#6467);
#6466 = CARTESIAN_POINT('',(36.,-6.123233995737E-17,0.));
#6467 = VECTOR('',#6468,1.);
#6468 = DIRECTION('',(0.,0.,1.));
#6469 = PCURVE('',#6437,#6470);
#6470 = DEFINITIONAL_REPRESENTATION('',(#6471),#6475);
#6471 = LINE('',#6472,#6473);
#6472 = CARTESIAN_POINT('',(6.28318530718,-0.));
#6473 = VECTOR('',#6474,1.);
#6474 = DIRECTION('',(0.,1.));
#6475 = ( GEOMETRIC_REPRESENTATION_CONTEXT(2) 
PARAMETRIC_REPRESENTATION_CONTEXT() REPRESENTATION_CONTEXT('2D SPACE',''
  ) );
#6476 = PCURVE('',#6437,#6477);
#6477 = DEFINITIONAL_REPRESENTATION('',(#6478),#6482);
#6478 = LINE('',#6479,#6480);
#6479 = CARTESIAN_POINT('',(0.,-0.));
#6480 = VECTOR('',#6481,1.);
#6481 = DIRECTION('',(0.,1.));
#6482 = ( GEOMETRIC_REPRESENTATION_CONTEXT(2) 
PARAMETRIC_REPRESENTATION_CONTEXT() REPRESENTATION_CONTEXT('2D SPACE',''
  ) );
#6483 = ORIENTED_EDGE('',*,*,#6484,.T.);
#6484 = EDGE_CURVE('',#6462,#6462,#6485,.T.);
#6485 = SURFACE_CURVE('',#6486,(#6491,#6498),.PCURVE_S1.);
#6486 = CIRCLE('',#6487,0.25);
#6487 = AXIS2_PLACEMENT_3D('',#6488,#6489,#6490);
#6488 = CARTESIAN_POINT('',(35.75,0.,0.));
#6489 = DIRECTION('',(0.,0.,1.));
#6490 = DIRECTION('',(1.,0.,0.));
#6491 = PCURVE('',#6437,#6492);
#6492 = DEFINITIONAL_REPRESENTATION('',(#6493),#6497);
#6493 = LINE('',#6494,#6495);
#6494 = CARTESIAN_POINT('',(0.,0.));
#6495 = VECTOR('',#6496,1.);
#6496 = DIRECTION('',(1.,0.));
#6497 = ( GEOMETRIC_REPRESENTATION_CONTEXT(2) 
PARAMETRIC_REPRESENTATION_CONTEXT() REPRESENTATION_CONTEXT('2D SPACE',''
  ) );
#6498 = PCURVE('',#6499,#6504);
#6499 = PLANE('',#6500);
#6500 = AXIS2_PLACEMENT_3D('',#6501,#6502,#6503);
#6501 = CARTESIAN_POINT('',(35.75,0.,0.));
#6502 = DIRECTION('',(0.,0.,1.));
#6503 = DIRECTION('',(1.,0.,0.));
#6504 = DEFINITIONAL_REPRESENTATION('',(#6505),#6509);
#6505 = CIRCLE('',#6506,0.25);
#6506 = AXIS2_PLACEMENT_2D('',#6507,#6508);
#6507 = CARTESIAN_POINT('',(0.,0.));
#6508 = DIRECTION('',(1.,0.));
#6509 = ( GEOMETRIC_REPRESENTATION_CONTEXT(2) 
PARAMETRIC_REPRESENTATION_CONTEXT() REPRESENTATION_CONTEXT('2D SPACE',''
  ) );
#6510 = ORIENTED_EDGE('',*,*,#6461,.T.);
#6511 = ADVANCED_FACE('',(#6512),#6449,.T.);
#6512 = FACE_BOUND('',#6513,.T.);
#6513 = EDGE_LOOP('',(#6514));
#6514 = ORIENTED_EDGE('',*,*,#6427,.T.);
#6515 = ADVANCED_FACE('',(#6516),#6499,.F.);
#6516 = FACE_BOUND('',#6517,.T.);
#6517 = EDGE_LOOP('',(#6518));
#6518 = ORIENTED_EDGE('',*,*,#6484,.F.);
#6519 = MANIFOLD_SOLID_BREP('',#6520);
#6520 = CLOSED_SHELL('',(#6521,#6609,#6613));
#6521 = ADVANCED_FACE('',(#6522),#6535,.T.);
#6522 = FACE_BOUND('',#6523,.T.);
#6523 = EDGE_LOOP('',(#6524,#6558,#6581,#6608));
#6524 = ORIENTED_EDGE('',*,*,#6525,.F.);
#6525 = EDGE_CURVE('',#6526,#6526,#6528,.T.);
#6526 = VERTEX_POINT('',#6527);
#6527 = CARTESIAN_POINT('',(35.660894465294,-4.912336833712,36.));
#6528 = SURFACE_CURVE('',#6529,(#6534,#6546),.PCURVE_S1.);
#6529 = CIRCLE('',#6530,0.25);
#6530 = AXIS2_PLACEMENT_3D('',#6531,#6532,#6533);
#6531 = CARTESIAN_POINT('',(35.410894465294,-4.912336833712,36.));
#6532 = DIRECTION('',(0.,0.,1.));
#6533 = DIRECTION('',(1.,0.,0.));
#6534 = PCURVE('',#6535,#6540);
#6535 = CYLINDRICAL_SURFACE('',#6536,0.25);
#6536 = AXIS2_PLACEMENT_3D('',#6537,#6538,#6539);
#6537 = CARTESIAN_POINT('',(35.410894465294,-4.912336833712,0.));
#6538 = DIRECTION('',(0.,0.,1.));
#6539 = DIRECTION('',(1.,0.,0.));
#6540 = DEFINITIONAL_REPRESENTATION('',(#6541),#6545);
#6541 = LINE('',#6542,#6543);
#6542 = CARTESIAN_POINT('',(0.,36.));
#6543 = VECTOR('',#6544,1.);
#6544 = DIRECTION('',(1.,0.));
#6545 = ( GEOMETRIC_REPRESENTATION_CONTEXT(2) 
PARAMETRIC_REPRESENTATION_CONTEXT() REPRESENTATION_CONTEXT('2D SPACE',''
  ) );
#6546 = PCURVE('',#6547,#6552);
#6547 = PLANE('',#6548);
#6548 = AXIS2_PLACEMENT_3D('',#6549,#6550,#6551);
#6549 = CARTESIAN_POINT('',(35.410894465294,-4.912336833712,36.));
#6550 = DIRECTION('',(0.,0.,1.));
#6551 = DIRECTION('',(1.,0.,0.));
#6552 = DEFINITIONAL_REPRESENTATION('',(#6553),#6557);
#6553 = CIRCLE('',#6554,0.25);
#6554 = AXIS2_PLACEMENT_2D('',#6555,#6556);
#6555 = CARTESIAN_POINT('',(0.,0.));
#6556 = DIRECTION('',(1.,0.));
#6557 = ( GEOMETRIC_REPRESENTATION_CONTEXT(2) 
PARAMETRIC_REPRESENTATION_CONTEXT() REPRESENTATION_CONTEXT('2D SPACE',''
  ) );
#6558 = ORIENTED_EDGE('',*,*,#6559,.F.);
#6559 = EDGE_CURVE('',#6560,#6526,#6562,.T.);
#6560 = VERTEX_POINT('',#6561);
#6561 = CARTESIAN_POINT('',(35.660894465294,-4.912336833712,0.));
#6562 = SEAM_CURVE('',#6563,(#6567,#6574),.PCURVE_S1.);
#6563 = LINE('',#6564,#6565);
#6564 = CARTESIAN_POINT('',(35.660894465294,-4.912336833712,0.));
#6565 = VECTOR('',#6566,1.);
#6566 = DIRECTION('',(0.,0.,1.));
#6567 = PCURVE('',#6535,#6568);
#6568 = DEFINITIONAL_REPRESENTATION('',(#6569),#6573);
#6569 = LINE('',#6570,#6571);
#6570 = CARTESIAN_POINT('',(6.28318530718,-0.));
#6571 = VECTOR('',#6572,1.);
#6572 = DIRECTION('',(0.,1.));
#6573 = ( GEOMETRIC_REPRESENTATION_CONTEXT(2) 
PARAMETRIC_REPRESENTATION_CONTEXT() REPRESENTATION_CONTEXT('2D SPACE',''
  ) );
#6574 = PCURVE('',#6535,#6575);
#6575 = DEFINITIONAL_REPRESENTATION('',(#6576),#6580);
#6576 = LINE('',#6577,#6578);
#6577 = CARTESIAN_POINT('',(0.,-0.));
#6578 = VECTOR('',#6579,1.);
#6579 = DIRECTION('',(0.,1.));
#6580 = ( GEOMETRIC_REPRESENTATION_CONTEXT(2) 
PARAMETRIC_REPRESENTATION_CONTEXT() REPRESENTATION_CONTEXT('2D SPACE',''
  ) );
#6581 = ORIENTED_EDGE('',*,*,#6582,.T.);
#6582 = EDGE_CURVE('',#6560,#6560,#6583,.T.);
#6583 = SURFACE_CURVE('',#6584,(#6589,#6596),.PCURVE_S1.);
#6584 = CIRCLE('',#6585,0.25);
#6585 = AXIS2_PLACEMENT_3D('',#6586,#6587,#6588);
#6586 = CARTESIAN_POINT('',(35.410894465294,-4.912336833712,0.));
#6587 = DIRECTION('',(0.,0.,1.));
#6588 = DIRECTION('',(1.,0.,0.));
#6589 = PCURVE('',#6535,#6590);
#6590 = DEFINITIONAL_REPRESENTATION('',(#6591),#6595);
#6591 = LINE('',#6592,#6593);
#6592 = CARTESIAN_POINT('',(0.,0.));
#6593 = VECTOR('',#6594,1.);
#6594 = DIRECTION('',(1.,0.));
#6595 = ( GEOMETRIC_REPRESENTATION_CONTEXT(2) 
PARAMETRIC_REPRESENTATION_CONTEXT() REPRESENTATION_CONTEXT('2D SPACE',''
  ) );
#6596 = PCURVE('',#6597,#6602);
#6597 = PLANE('',#6598);
#6598 = AXIS2_PLACEMENT_3D('',#6599,#6600,#6601);
#6599 = CARTESIAN_POINT('',(35.410894465294,-4.912336833712,0.));
#6600 = DIRECTION('',(0.,0.,1.));
#6601 = DIRECTION('',(1.,0.,0.));
#6602 = DEFINITIONAL_REPRESENTATION('',(#6603),#6607);
#6603 = CIRCLE('',#6604,0.25);
#6604 = AXIS2_PLACEMENT_2D('',#6605,#6606);
#6605 = CARTESIAN_POINT('',(0.,0.));
#6606 = DIRECTION('',(1.,0.));
#6607 = ( GEOMETRIC_REPRESENTATION_CONTEXT(2) 
PARAMETRIC_REPRESENTATION_CONTEXT() REPRESENTATION_CONTEXT('2D SPACE',''
  ) );
#6608 = ORIENTED_EDGE('',*,*,#6559,.T.);
#6609 = ADVANCED_FACE('',(#6610),#6547,.T.);
#6610 = FACE_BOUND('',#6611,.T.);
#6611 = EDGE_LOOP('',(#6612));
#6612 = ORIENTED_EDGE('',*,*,#6525,.T.);
#6613 = ADVANCED_FACE('',(#6614),#6597,.F.);
#6614 = FACE_BOUND('',#6615,.T.);
#6615 = EDGE_LOOP('',(#6616));
#6616 = ORIENTED_EDGE('',*,*,#6582,.F.);
#6617 = MANIFOLD_SOLID_BREP('',#6618);
#6618 = CLOSED_SHELL('',(#6619,#6707,#6711));
#6619 = ADVANCED_FACE('',(#6620),#6633,.T.);
#6620 = FACE_BOUND('',#6621,.T.);
#6621 = EDGE_LOOP('',(#6622,#6656,#6679,#6706));
#6622 = ORIENTED_EDGE('',*,*,#6623,.F.);
#6623 = EDGE_CURVE('',#6624,#6624,#6626,.T.);
#6624 = VERTEX_POINT('',#6625);
#6625 = CARTESIAN_POINT('',(34.650011011589,-9.731482024981,36.));
#6626 = SURFACE_CURVE('',#6627,(#6632,#6644),.PCURVE_S1.);
#6627 = CIRCLE('',#6628,0.25);
#6628 = AXIS2_PLACEMENT_3D('',#6629,#6630,#6631);
#6629 = CARTESIAN_POINT('',(34.400011011589,-9.731482024981,36.));
#6630 = DIRECTION('',(0.,0.,1.));
#6631 = DIRECTION('',(1.,0.,0.));
#6632 = PCURVE('',#6633,#6638);
#6633 = CYLINDRICAL_SURFACE('',#6634,0.25);
#6634 = AXIS2_PLACEMENT_3D('',#6635,#6636,#6637);
#6635 = CARTESIAN_POINT('',(34.400011011589,-9.731482024981,0.));
#6636 = DIRECTION('',(0.,0.,1.));
#6637 = DIRECTION('',(1.,0.,0.));
#6638 = DEFINITIONAL_REPRESENTATION('',(#6639),#6643);
#6639 = LINE('',#6640,#6641);
#6640 = CARTESIAN_POINT('',(0.,36.));
#6641 = VECTOR('',#6642,1.);
#6642 = DIRECTION('',(1.,0.));
#6643 = ( GEOMETRIC_REPRESENTATION_CONTEXT(2) 
PARAMETRIC_REPRESENTATION_CONTEXT() REPRESENTATION_CONTEXT('2D SPACE',''
  ) );
#6644 = PCURVE('',#6645,#6650);
#6645 = PLANE('',#6646);
#6646 = AXIS2_PLACEMENT_3D('',#6647,#6648,#6649);
#6647 = CARTESIAN_POINT('',(34.400011011589,-9.731482024981,36.));
#6648 = DIRECTION('',(0.,0.,1.));
#6649 = DIRECTION('',(1.,0.,0.));
#6650 = DEFINITIONAL_REPRESENTATION('',(#6651),#6655);
#6651 = CIRCLE('',#6652,0.25);
#6652 = AXIS2_PLACEMENT_2D('',#6653,#6654);
#6653 = CARTESIAN_POINT('',(0.,0.));
#6654 = DIRECTION('',(1.,0.));
#6655 = ( GEOMETRIC_REPRESENTATION_CONTEXT(2) 
PARAMETRIC_REPRESENTATION_CONTEXT() REPRESENTATION_CONTEXT('2D SPACE',''
  ) );
#6656 = ORIENTED_EDGE('',*,*,#6657,.F.);
#6657 = EDGE_CURVE('',#6658,#6624,#6660,.T.);
#6658 = VERTEX_POINT('',#6659);
#6659 = CARTESIAN_POINT('',(34.650011011589,-9.731482024981,0.));
#6660 = SEAM_CURVE('',#6661,(#6665,#6672),.PCURVE_S1.);
#6661 = LINE('',#6662,#6663);
#6662 = CARTESIAN_POINT('',(34.650011011589,-9.731482024981,0.));
#6663 = VECTOR('',#6664,1.);
#6664 = DIRECTION('',(0.,0.,1.));
#6665 = PCURVE('',#6633,#6666);
#6666 = DEFINITIONAL_REPRESENTATION('',(#6667),#6671);
#6667 = LINE('',#6668,#6669);
#6668 = CARTESIAN_POINT('',(6.28318530718,-0.));
#6669 = VECTOR('',#6670,1.);
#6670 = DIRECTION('',(0.,1.));
#6671 = ( GEOMETRIC_REPRESENTATION_CONTEXT(2) 
PARAMETRIC_REPRESENTATION_CONTEXT() REPRESENTATION_CONTEXT('2D SPACE',''
  ) );
#6672 = PCURVE('',#6633,#6673);
#6673 = DEFINITIONAL_REPRESENTATION('',(#6674),#6678);
#6674 = LINE('',#6675,#6676);
#6675 = CARTESIAN_POINT('',(0.,-0.));
#6676 = VECTOR('',#6677,1.);
#6677 = DIRECTION('',(0.,1.));
#6678 = ( GEOMETRIC_REPRESENTATION_CONTEXT(2) 
PARAMETRIC_REPRESENTATION_CONTEXT() REPRESENTATION_CONTEXT('2D SPACE',''
  ) );
#6679 = ORIENTED_EDGE('',*,*,#6680,.T.);
#6680 = EDGE_CURVE('',#6658,#6658,#6681,.T.);
#6681 = SURFACE_CURVE('',#6682,(#6687,#6694),.PCURVE_S1.);
#6682 = CIRCLE('',#6683,0.25);
#6683 = AXIS2_PLACEMENT_3D('',#6684,#6685,#6686);
#6684 = CARTESIAN_POINT('',(34.400011011589,-9.731482024981,0.));
#6685 = DIRECTION('',(0.,0.,1.));
#6686 = DIRECTION('',(1.,0.,0.));
#6687 = PCURVE('',#6633,#6688);
#6688 = DEFINITIONAL_REPRESENTATION('',(#6689),#6693);
#6689 = LINE('',#6690,#6691);
#6690 = CARTESIAN_POINT('',(0.,0.));
#6691 = VECTOR('',#6692,1.);
#6692 = DIRECTION('',(1.,0.));
#6693 = ( GEOMETRIC_REPRESENTATION_CONTEXT(2) 
PARAMETRIC_REPRESENTATION_CONTEXT() REPRESENTATION_CONTEXT('2D SPACE',''
  ) );
#6694 = PCURVE('',#6695,#6700);
#6695 = PLANE('',#6696);
#6696 = AXIS2_PLACEMENT_3D('',#6697,#6698,#6699);
#6697 = CARTESIAN_POINT('',(34.400011011589,-9.731482024981,0.));
#6698 = DIRECTION('',(0.,0.,1.));
#6699 = DIRECTION('',(1.,0.,0.));
#6700 = DEFINITIONAL_REPRESENTATION('',(#6701),#6705);
#6701 = CIRCLE('',#6702,0.25);
#6702 = AXIS2_PLACEMENT_2D('',#6703,#6704);
#6703 = CARTESIAN_POINT('',(0.,0.));
#6704 = DIRECTION('',(1.,0.));
#6705 = ( GEOMETRIC_REPRESENTATION_CONTEXT(2) 
PARAMETRIC_REPRESENTATION_CONTEXT() REPRESENTATION_CONTEXT('2D SPACE',''
  ) );
#6706 = ORIENTED_EDGE('',*,*,#6657,.T.);
#6707 = ADVANCED_FACE('',(#6708),#6645,.T.);
#6708 = FACE_BOUND('',#6709,.T.);
#6709 = EDGE_LOOP('',(#6710));
#6710 = ORIENTED_EDGE('',*,*,#6623,.T.);
#6711 = ADVANCED_FACE('',(#6712),#6695,.F.);
#6712 = FACE_BOUND('',#6713,.T.);
#6713 = EDGE_LOOP('',(#6714));
#6714 = ORIENTED_EDGE('',*,*,#6680,.F.);
#6715 = MANIFOLD_SOLID_BREP('',#6716);
#6716 = CLOSED_SHELL('',(#6717,#6805,#6809));
#6717 = ADVANCED_FACE('',(#6718),#6731,.T.);
#6718 = FACE_BOUND('',#6719,.T.);
#6719 = EDGE_LOOP('',(#6720,#6754,#6777,#6804));
#6720 = ORIENTED_EDGE('',*,*,#6721,.F.);
#6721 = EDGE_CURVE('',#6722,#6722,#6724,.T.);
#6722 = VERTEX_POINT('',#6723);
#6723 = CARTESIAN_POINT('',(32.986527047228,-14.36601186433,36.));
#6724 = SURFACE_CURVE('',#6725,(#6730,#6742),.PCURVE_S1.);
#6725 = CIRCLE('',#6726,0.25);
#6726 = AXIS2_PLACEMENT_3D('',#6727,#6728,#6729);
#6727 = CARTESIAN_POINT('',(32.736527047228,-14.36601186433,36.));
#6728 = DIRECTION('',(0.,0.,1.));
#6729 = DIRECTION('',(1.,0.,0.));
#6730 = PCURVE('',#6731,#6736);
#6731 = CYLINDRICAL_SURFACE('',#6732,0.25);
#6732 = AXIS2_PLACEMENT_3D('',#6733,#6734,#6735);
#6733 = CARTESIAN_POINT('',(32.736527047228,-14.36601186433,0.));
#6734 = DIRECTION('',(0.,0.,1.));
#6735 = DIRECTION('',(1.,0.,0.));
#6736 = DEFINITIONAL_REPRESENTATION('',(#6737),#6741);
#6737 = LINE('',#6738,#6739);
#6738 = CARTESIAN_POINT('',(0.,36.));
#6739 = VECTOR('',#6740,1.);
#6740 = DIRECTION('',(1.,0.));
#6741 = ( GEOMETRIC_REPRESENTATION_CONTEXT(2) 
PARAMETRIC_REPRESENTATION_CONTEXT() REPRESENTATION_CONTEXT('2D SPACE',''
  ) );
#6742 = PCURVE('',#6743,#6748);
#6743 = PLANE('',#6744);
#6744 = AXIS2_PLACEMENT_3D('',#6745,#6746,#6747);
#6745 = CARTESIAN_POINT('',(32.736527047228,-14.36601186433,36.));
#6746 = DIRECTION('',(0.,0.,1.));
#6747 = DIRECTION('',(1.,0.,0.));
#6748 = DEFINITIONAL_REPRESENTATION('',(#6749),#6753);
#6749 = CIRCLE('',#6750,0.25);
#6750 = AXIS2_PLACEMENT_2D('',#6751,#6752);
#6751 = CARTESIAN_POINT('',(0.,0.));
#6752 = DIRECTION('',(1.,0.));
#6753 = ( GEOMETRIC_REPRESENTATION_CONTEXT(2) 
PARAMETRIC_REPRESENTATION_CONTEXT() REPRESENTATION_CONTEXT('2D SPACE',''
  ) );
#6754 = ORIENTED_EDGE('',*,*,#6755,.F.);
#6755 = EDGE_CURVE('',#6756,#6722,#6758,.T.);
#6756 = VERTEX_POINT('',#6757);
#6757 = CARTESIAN_POINT('',(32.986527047228,-14.36601186433,0.));
#6758 = SEAM_CURVE('',#6759,(#6763,#6770),.PCURVE_S1.);
#6759 = LINE('',#6760,#6761);
#6760 = CARTESIAN_POINT('',(32.986527047228,-14.36601186433,0.));
#6761 = VECTOR('',#6762,1.);
#6762 = DIRECTION('',(0.,0.,1.));
#6763 = PCURVE('',#6731,#6764);
#6764 = DEFINITIONAL_REPRESENTATION('',(#6765),#6769);
#6765 = LINE('',#6766,#6767);
#6766 = CARTESIAN_POINT('',(6.28318530718,-0.));
#6767 = VECTOR('',#6768,1.);
#6768 = DIRECTION('',(0.,1.));
#6769 = ( GEOMETRIC_REPRESENTATION_CONTEXT(2) 
PARAMETRIC_REPRESENTATION_CONTEXT() REPRESENTATION_CONTEXT('2D SPACE',''
  ) );
#6770 = PCURVE('',#6731,#6771);
#6771 = DEFINITIONAL_REPRESENTATION('',(#6772),#6776);
#6772 = LINE('',#6773,#6774);
#6773 = CARTESIAN_POINT('',(0.,-0.));
#6774 = VECTOR('',#6775,1.);
#6775 = DIRECTION('',(0.,1.));
#6776 = ( GEOMETRIC_REPRESENTATION_CONTEXT(2) 
PARAMETRIC_REPRESENTATION_CONTEXT() REPRESENTATION_CONTEXT('2D SPACE',''
  ) );
#6777 = ORIENTED_EDGE('',*,*,#6778,.T.);
#6778 = EDGE_CURVE('',#6756,#6756,#6779,.T.);
#6779 = SURFACE_CURVE('',#6780,(#6785,#6792),.PCURVE_S1.);
#6780 = CIRCLE('',#6781,0.25);
#6781 = AXIS2_PLACEMENT_3D('',#6782,#6783,#6784);
#6782 = CARTESIAN_POINT('',(32.736527047228,-14.36601186433,0.));
#6783 = DIRECTION('',(0.,0.,1.));
#6784 = DIRECTION('',(1.,0.,0.));
#6785 = PCURVE('',#6731,#6786);
#6786 = DEFINITIONAL_REPRESENTATION('',(#6787),#6791);
#6787 = LINE('',#6788,#6789);
#6788 = CARTESIAN_POINT('',(0.,0.));
#6789 = VECTOR('',#6790,1.);
#6790 = DIRECTION('',(1.,0.));
#6791 = ( GEOMETRIC_REPRESENTATION_CONTEXT(2) 
PARAMETRIC_REPRESENTATION_CONTEXT() REPRESENTATION_CONTEXT('2D SPACE',''
  ) );
#6792 = PCURVE('',#6793,#6798);
#6793 = PLANE('',#6794);
#6794 = AXIS2_PLACEMENT_3D('',#6795,#6796,#6797);
#6795 = CARTESIAN_POINT('',(32.736527047228,-14.36601186433,0.));
#6796 = DIRECTION('',(0.,0.,1.));
#6797 = DIRECTION('',(1.,0.,0.));
#6798 = DEFINITIONAL_REPRESENTATION('',(#6799),#6803);
#6799 = CIRCLE('',#6800,0.25);
#6800 = AXIS2_PLACEMENT_2D('',#6801,#6802);
#6801 = CARTESIAN_POINT('',(0.,0.));
#6802 = DIRECTION('',(1.,0.));
#6803 = ( GEOMETRIC_REPRESENTATION_CONTEXT(2) 
PARAMETRIC_REPRESENTATION_CONTEXT() REPRESENTATION_CONTEXT('2D SPACE',''
  ) );
#6804 = ORIENTED_EDGE('',*,*,#6755,.T.);
#6805 = ADVANCED_FACE('',(#6806),#6743,.T.);
#6806 = FACE_BOUND('',#6807,.T.);
#6807 = EDGE_LOOP('',(#6808));
#6808 = ORIENTED_EDGE('',*,*,#6721,.T.);
#6809 = ADVANCED_FACE('',(#6810),#6793,.F.);
#6810 = FACE_BOUND('',#6811,.T.);
#6811 = EDGE_LOOP('',(#6812));
#6812 = ORIENTED_EDGE('',*,*,#6778,.F.);
#6813 = MANIFOLD_SOLID_BREP('',#6814);
#6814 = CLOSED_SHELL('',(#6815,#6903,#6907));
#6815 = ADVANCED_FACE('',(#6816),#6829,.T.);
#6816 = FACE_BOUND('',#6817,.T.);
#6817 = EDGE_LOOP('',(#6818,#6852,#6875,#6902));
#6818 = ORIENTED_EDGE('',*,*,#6819,.F.);
#6819 = EDGE_CURVE('',#6820,#6820,#6822,.T.);
#6820 = VERTEX_POINT('',#6821);
#6821 = CARTESIAN_POINT('',(30.702000425033,-18.72800496886,43.25));
#6822 = SURFACE_CURVE('',#6823,(#6828,#6840),.PCURVE_S1.);
#6823 = CIRCLE('',#6824,0.25);
#6824 = AXIS2_PLACEMENT_3D('',#6825,#6826,#6827);
#6825 = CARTESIAN_POINT('',(30.452000425033,-18.72800496886,43.25));
#6826 = DIRECTION('',(0.,0.,1.));
#6827 = DIRECTION('',(1.,0.,0.));
#6828 = PCURVE('',#6829,#6834);
#6829 = CYLINDRICAL_SURFACE('',#6830,0.25);
#6830 = AXIS2_PLACEMENT_3D('',#6831,#6832,#6833);
#6831 = CARTESIAN_POINT('',(30.452000425033,-18.72800496886,7.25));
#6832 = DIRECTION('',(0.,0.,1.));
#6833 = DIRECTION('',(1.,0.,0.));
#6834 = DEFINITIONAL_REPRESENTATION('',(#6835),#6839);
#6835 = LINE('',#6836,#6837);
#6836 = CARTESIAN_POINT('',(0.,36.));
#6837 = VECTOR('',#6838,1.);
#6838 = DIRECTION('',(1.,0.));
#6839 = ( GEOMETRIC_REPRESENTATION_CONTEXT(2) 
PARAMETRIC_REPRESENTATION_CONTEXT() REPRESENTATION_CONTEXT('2D SPACE',''
  ) );
#6840 = PCURVE('',#6841,#6846);
#6841 = PLANE('',#6842);
#6842 = AXIS2_PLACEMENT_3D('',#6843,#6844,#6845);
#6843 = CARTESIAN_POINT('',(30.452000425033,-18.72800496886,43.25));
#6844 = DIRECTION('',(0.,0.,1.));
#6845 = DIRECTION('',(1.,0.,0.));
#6846 = DEFINITIONAL_REPRESENTATION('',(#6847),#6851);
#6847 = CIRCLE('',#6848,0.25);
#6848 = AXIS2_PLACEMENT_2D('',#6849,#6850);
#6849 = CARTESIAN_POINT('',(0.,0.));
#6850 = DIRECTION('',(1.,0.));
#6851 = ( GEOMETRIC_REPRESENTATION_CONTEXT(2) 
PARAMETRIC_REPRESENTATION_CONTEXT() REPRESENTATION_CONTEXT('2D SPACE',''
  ) );
#6852 = ORIENTED_EDGE('',*,*,#6853,.F.);
#6853 = EDGE_CURVE('',#6854,#6820,#6856,.T.);
#6854 = VERTEX_POINT('',#6855);
#6855 = CARTESIAN_POINT('',(30.702000425033,-18.72800496886,7.25));
#6856 = SEAM_CURVE('',#6857,(#6861,#6868),.PCURVE_S1.);
#6857 = LINE('',#6858,#6859);
#6858 = CARTESIAN_POINT('',(30.702000425033,-18.72800496886,7.25));
#6859 = VECTOR('',#6860,1.);
#6860 = DIRECTION('',(0.,0.,1.));
#6861 = PCURVE('',#6829,#6862);
#6862 = DEFINITIONAL_REPRESENTATION('',(#6863),#6867);
#6863 = LINE('',#6864,#6865);
#6864 = CARTESIAN_POINT('',(6.28318530718,-0.));
#6865 = VECTOR('',#6866,1.);
#6866 = DIRECTION('',(0.,1.));
#6867 = ( GEOMETRIC_REPRESENTATION_CONTEXT(2) 
PARAMETRIC_REPRESENTATION_CONTEXT() REPRESENTATION_CONTEXT('2D SPACE',''
  ) );
#6868 = PCURVE('',#6829,#6869);
#6869 = DEFINITIONAL_REPRESENTATION('',(#6870),#6874);
#6870 = LINE('',#6871,#6872);
#6871 = CARTESIAN_POINT('',(0.,-0.));
#6872 = VECTOR('',#6873,1.);
#6873 = DIRECTION('',(0.,1.));
#6874 = ( GEOMETRIC_REPRESENTATION_CONTEXT(2) 
PARAMETRIC_REPRESENTATION_CONTEXT() REPRESENTATION_CONTEXT('2D SPACE',''
  ) );
#6875 = ORIENTED_EDGE('',*,*,#6876,.T.);
#6876 = EDGE_CURVE('',#6854,#6854,#6877,.T.);
#6877 = SURFACE_CURVE('',#6878,(#6883,#6890),.PCURVE_S1.);
#6878 = CIRCLE('',#6879,0.25);
#6879 = AXIS2_PLACEMENT_3D('',#6880,#6881,#6882);
#6880 = CARTESIAN_POINT('',(30.452000425033,-18.72800496886,7.25));
#6881 = DIRECTION('',(0.,0.,1.));
#6882 = DIRECTION('',(1.,0.,0.));
#6883 = PCURVE('',#6829,#6884);
#6884 = DEFINITIONAL_REPRESENTATION('',(#6885),#6889);
#6885 = LINE('',#6886,#6887);
#6886 = CARTESIAN_POINT('',(0.,0.));
#6887 = VECTOR('',#6888,1.);
#6888 = DIRECTION('',(1.,0.));
#6889 = ( GEOMETRIC_REPRESENTATION_CONTEXT(2) 
PARAMETRIC_REPRESENTATION_CONTEXT() REPRESENTATION_CONTEXT('2D SPACE',''
  ) );
#6890 = PCURVE('',#6891,#6896);
#6891 = PLANE('',#6892);
#6892 = AXIS2_PLACEMENT_3D('',#6893,#6894,#6895);
#6893 = CARTESIAN_POINT('',(30.452000425033,-18.72800496886,7.25));
#6894 = DIRECTION('',(0.,0.,1.));
#6895 = DIRECTION('',(1.,0.,0.));
#6896 = DEFINITIONAL_REPRESENTATION('',(#6897),#6901);
#6897 = CIRCLE('',#6898,0.25);
#6898 = AXIS2_PLACEMENT_2D('',#6899,#6900);
#6899 = CARTESIAN_POINT('',(0.,0.));
#6900 = DIRECTION('',(1.,0.));
#6901 = ( GEOMETRIC_REPRESENTATION_CONTEXT(2) 
PARAMETRIC_REPRESENTATION_CONTEXT() REPRESENTATION_CONTEXT('2D SPACE',''
  ) );
#6902 = ORIENTED_EDGE('',*,*,#6853,.T.);
#6903 = ADVANCED_FACE('',(#6904),#6841,.T.);
#6904 = FACE_BOUND('',#6905,.T.);
#6905 = EDGE_LOOP('',(#6906));
#6906 = ORIENTED_EDGE('',*,*,#6819,.T.);
#6907 = ADVANCED_FACE('',(#6908),#6891,.F.);
#6908 = FACE_BOUND('',#6909,.T.);
#6909 = EDGE_LOOP('',(#6910));
#6910 = ORIENTED_EDGE('',*,*,#6876,.F.);
#6911 = MANIFOLD_SOLID_BREP('',#6912);
#6912 = CLOSED_SHELL('',(#6913,#7001,#7005));
#6913 = ADVANCED_FACE('',(#6914),#6927,.T.);
#6914 = FACE_BOUND('',#6915,.T.);
#6915 = EDGE_LOOP('',(#6916,#6950,#6973,#7000));
#6916 = ORIENTED_EDGE('',*,*,#6917,.F.);
#6917 = EDGE_CURVE('',#6918,#6918,#6920,.T.);
#6918 = VERTEX_POINT('',#6919);
#6919 = CARTESIAN_POINT('',(27.839770760208,-22.73471023345,43.25));
#6920 = SURFACE_CURVE('',#6921,(#6926,#6938),.PCURVE_S1.);
#6921 = CIRCLE('',#6922,0.25);
#6922 = AXIS2_PLACEMENT_3D('',#6923,#6924,#6925);
#6923 = CARTESIAN_POINT('',(27.589770760208,-22.73471023345,43.25));
#6924 = DIRECTION('',(0.,0.,1.));
#6925 = DIRECTION('',(1.,0.,0.));
#6926 = PCURVE('',#6927,#6932);
#6927 = CYLINDRICAL_SURFACE('',#6928,0.25);
#6928 = AXIS2_PLACEMENT_3D('',#6929,#6930,#6931);
#6929 = CARTESIAN_POINT('',(27.589770760208,-22.73471023345,7.25));
#6930 = DIRECTION('',(0.,0.,1.));
#6931 = DIRECTION('',(1.,0.,0.));
#6932 = DEFINITIONAL_REPRESENTATION('',(#6933),#6937);
#6933 = LINE('',#6934,#6935);
#6934 = CARTESIAN_POINT('',(0.,36.));
#6935 = VECTOR('',#6936,1.);
#6936 = DIRECTION('',(1.,0.));
#6937 = ( GEOMETRIC_REPRESENTATION_CONTEXT(2) 
PARAMETRIC_REPRESENTATION_CONTEXT() REPRESENTATION_CONTEXT('2D SPACE',''
  ) );
#6938 = PCURVE('',#6939,#6944);
#6939 = PLANE('',#6940);
#6940 = AXIS2_PLACEMENT_3D('',#6941,#6942,#6943);
#6941 = CARTESIAN_POINT('',(27.589770760208,-22.73471023345,43.25));
#6942 = DIRECTION('',(0.,0.,1.));
#6943 = DIRECTION('',(1.,0.,0.));
#6944 = DEFINITIONAL_REPRESENTATION('',(#6945),#6949);
#6945 = CIRCLE('',#6946,0.25);
#6946 = AXIS2_PLACEMENT_2D('',#6947,#6948);
#6947 = CARTESIAN_POINT('',(0.,0.));
#6948 = DIRECTION('',(1.,0.));
#6949 = ( GEOMETRIC_REPRESENTATION_CONTEXT(2) 
PARAMETRIC_REPRESENTATION_CONTEXT() REPRESENTATION_CONTEXT('2D SPACE',''
  ) );
#6950 = ORIENTED_EDGE('',*,*,#6951,.F.);
#6951 = EDGE_CURVE('',#6952,#6918,#6954,.T.);
#6952 = VERTEX_POINT('',#6953);
#6953 = CARTESIAN_POINT('',(27.839770760208,-22.73471023345,7.25));
#6954 = SEAM_CURVE('',#6955,(#6959,#6966),.PCURVE_S1.);
#6955 = LINE('',#6956,#6957);
#6956 = CARTESIAN_POINT('',(27.839770760208,-22.73471023345,7.25));
#6957 = VECTOR('',#6958,1.);
#6958 = DIRECTION('',(0.,0.,1.));
#6959 = PCURVE('',#6927,#6960);
#6960 = DEFINITIONAL_REPRESENTATION('',(#6961),#6965);
#6961 = LINE('',#6962,#6963);
#6962 = CARTESIAN_POINT('',(6.28318530718,-0.));
#6963 = VECTOR('',#6964,1.);
#6964 = DIRECTION('',(0.,1.));
#6965 = ( GEOMETRIC_REPRESENTATION_CONTEXT(2) 
PARAMETRIC_REPRESENTATION_CONTEXT() REPRESENTATION_CONTEXT('2D SPACE',''
  ) );
#6966 = PCURVE('',#6927,#6967);
#6967 = DEFINITIONAL_REPRESENTATION('',(#6968),#6972);
#6968 = LINE('',#6969,#6970);
#6969 = CARTESIAN_POINT('',(0.,-0.));
#6970 = VECTOR('',#6971,1.);
#6971 = DIRECTION('',(0.,1.));
#6972 = ( GEOMETRIC_REPRESENTATION_CONTEXT(2) 
PARAMETRIC_REPRESENTATION_CONTEXT() REPRESENTATION_CONTEXT('2D SPACE',''
  ) );
#6973 = ORIENTED_EDGE('',*,*,#6974,.T.);
#6974 = EDGE_CURVE('',#6952,#6952,#6975,.T.);
#6975 = SURFACE_CURVE('',#6976,(#6981,#6988),.PCURVE_S1.);
#6976 = CIRCLE('',#6977,0.25);
#6977 = AXIS2_PLACEMENT_3D('',#6978,#6979,#6980);
#6978 = CARTESIAN_POINT('',(27.589770760208,-22.73471023345,7.25));
#6979 = DIRECTION('',(0.,0.,1.));
#6980 = DIRECTION('',(1.,0.,0.));
#6981 = PCURVE('',#6927,#6982);
#6982 = DEFINITIONAL_REPRESENTATION('',(#6983),#6987);
#6983 = LINE('',#6984,#6985);
#6984 = CARTESIAN_POINT('',(0.,0.));
#6985 = VECTOR('',#6986,1.);
#6986 = DIRECTION('',(1.,0.));
#6987 = ( GEOMETRIC_REPRESENTATION_CONTEXT(2) 
PARAMETRIC_REPRESENTATION_CONTEXT() REPRESENTATION_CONTEXT('2D SPACE',''
  ) );
#6988 = PCURVE('',#6989,#6994);
#6989 = PLANE('',#6990);
#6990 = AXIS2_PLACEMENT_3D('',#6991,#6992,#6993);
#6991 = CARTESIAN_POINT('',(27.589770760208,-22.73471023345,7.25));
#6992 = DIRECTION('',(0.,0.,1.));
#6993 = DIRECTION('',(1.,0.,0.));
#6994 = DEFINITIONAL_REPRESENTATION('',(#6995),#6999);
#6995 = CIRCLE('',#6996,0.25);
#6996 = AXIS2_PLACEMENT_2D('',#6997,#6998);
#6997 = CARTESIAN_POINT('',(0.,0.));
#6998 = DIRECTION('',(1.,0.));
#6999 = ( GEOMETRIC_REPRESENTATION_CONTEXT(2) 
PARAMETRIC_REPRESENTATION_CONTEXT() REPRESENTATION_CONTEXT('2D SPACE',''
  ) );
#7000 = ORIENTED_EDGE('',*,*,#6951,.T.);
#7001 = ADVANCED_FACE('',(#7002),#6939,.T.);
#7002 = FACE_BOUND('',#7003,.T.);
#7003 = EDGE_LOOP('',(#7004));
#7004 = ORIENTED_EDGE('',*,*,#6917,.T.);
#7005 = ADVANCED_FACE('',(#7006),#6989,.F.);
#7006 = FACE_BOUND('',#7007,.T.);
#7007 = EDGE_LOOP('',(#7008));
#7008 = ORIENTED_EDGE('',*,*,#6974,.F.);
#7009 = MANIFOLD_SOLID_BREP('',#7010);
#7010 = CLOSED_SHELL('',(#7011,#7099,#7103));
#7011 = ADVANCED_FACE('',(#7012),#7025,.T.);
#7012 = FACE_BOUND('',#7013,.T.);
#7013 = EDGE_LOOP('',(#7014,#7048,#7071,#7098));
#7014 = ORIENTED_EDGE('',*,*,#7015,.F.);
#7015 = EDGE_CURVE('',#7016,#7016,#7018,.T.);
#7016 = VERTEX_POINT('',#7017);
#7017 = CARTESIAN_POINT('',(24.454137237141,-26.31011669692,43.25));
#7018 = SURFACE_CURVE('',#7019,(#7024,#7036),.PCURVE_S1.);
#7019 = CIRCLE('',#7020,0.25);
#7020 = AXIS2_PLACEMENT_3D('',#7021,#7022,#7023);
#7021 = CARTESIAN_POINT('',(24.204137237141,-26.31011669692,43.25));
#7022 = DIRECTION('',(0.,0.,1.));
#7023 = DIRECTION('',(1.,0.,0.));
#7024 = PCURVE('',#7025,#7030);
#7025 = CYLINDRICAL_SURFACE('',#7026,0.25);
#7026 = AXIS2_PLACEMENT_3D('',#7027,#7028,#7029);
#7027 = CARTESIAN_POINT('',(24.204137237141,-26.31011669692,7.25));
#7028 = DIRECTION('',(0.,0.,1.));
#7029 = DIRECTION('',(1.,0.,0.));
#7030 = DEFINITIONAL_REPRESENTATION('',(#7031),#7035);
#7031 = LINE('',#7032,#7033);
#7032 = CARTESIAN_POINT('',(0.,36.));
#7033 = VECTOR('',#7034,1.);
#7034 = DIRECTION('',(1.,0.));
#7035 = ( GEOMETRIC_REPRESENTATION_CONTEXT(2) 
PARAMETRIC_REPRESENTATION_CONTEXT() REPRESENTATION_CONTEXT('2D SPACE',''
  ) );
#7036 = PCURVE('',#7037,#7042);
#7037 = PLANE('',#7038);
#7038 = AXIS2_PLACEMENT_3D('',#7039,#7040,#7041);
#7039 = CARTESIAN_POINT('',(24.204137237141,-26.31011669692,43.25));
#7040 = DIRECTION('',(0.,0.,1.));
#7041 = DIRECTION('',(1.,0.,0.));
#7042 = DEFINITIONAL_REPRESENTATION('',(#7043),#7047);
#7043 = CIRCLE('',#7044,0.25);
#7044 = AXIS2_PLACEMENT_2D('',#7045,#7046);
#7045 = CARTESIAN_POINT('',(0.,0.));
#7046 = DIRECTION('',(1.,0.));
#7047 = ( GEOMETRIC_REPRESENTATION_CONTEXT(2) 
PARAMETRIC_REPRESENTATION_CONTEXT() REPRESENTATION_CONTEXT('2D SPACE',''
  ) );
#7048 = ORIENTED_EDGE('',*,*,#7049,.F.);
#7049 = EDGE_CURVE('',#7050,#7016,#7052,.T.);
#7050 = VERTEX_POINT('',#7051);
#7051 = CARTESIAN_POINT('',(24.454137237141,-26.31011669692,7.25));
#7052 = SEAM_CURVE('',#7053,(#7057,#7064),.PCURVE_S1.);
#7053 = LINE('',#7054,#7055);
#7054 = CARTESIAN_POINT('',(24.454137237141,-26.31011669692,7.25));
#7055 = VECTOR('',#7056,1.);
#7056 = DIRECTION('',(0.,0.,1.));
#7057 = PCURVE('',#7025,#7058);
#7058 = DEFINITIONAL_REPRESENTATION('',(#7059),#7063);
#7059 = LINE('',#7060,#7061);
#7060 = CARTESIAN_POINT('',(6.28318530718,-0.));
#7061 = VECTOR('',#7062,1.);
#7062 = DIRECTION('',(0.,1.));
#7063 = ( GEOMETRIC_REPRESENTATION_CONTEXT(2) 
PARAMETRIC_REPRESENTATION_CONTEXT() REPRESENTATION_CONTEXT('2D SPACE',''
  ) );
#7064 = PCURVE('',#7025,#7065);
#7065 = DEFINITIONAL_REPRESENTATION('',(#7066),#7070);
#7066 = LINE('',#7067,#7068);
#7067 = CARTESIAN_POINT('',(0.,-0.));
#7068 = VECTOR('',#7069,1.);
#7069 = DIRECTION('',(0.,1.));
#7070 = ( GEOMETRIC_REPRESENTATION_CONTEXT(2) 
PARAMETRIC_REPRESENTATION_CONTEXT() REPRESENTATION_CONTEXT('2D SPACE',''
  ) );
#7071 = ORIENTED_EDGE('',*,*,#7072,.T.);
#7072 = EDGE_CURVE('',#7050,#7050,#7073,.T.);
#7073 = SURFACE_CURVE('',#7074,(#7079,#7086),.PCURVE_S1.);
#7074 = CIRCLE('',#7075,0.25);
#7075 = AXIS2_PLACEMENT_3D('',#7076,#7077,#7078);
#7076 = CARTESIAN_POINT('',(24.204137237141,-26.31011669692,7.25));
#7077 = DIRECTION('',(0.,0.,1.));
#7078 = DIRECTION('',(1.,0.,0.));
#7079 = PCURVE('',#7025,#7080);
#7080 = DEFINITIONAL_REPRESENTATION('',(#7081),#7085);
#7081 = LINE('',#7082,#7083);
#7082 = CARTESIAN_POINT('',(0.,0.));
#7083 = VECTOR('',#7084,1.);
#7084 = DIRECTION('',(1.,0.));
#7085 = ( GEOMETRIC_REPRESENTATION_CONTEXT(2) 
PARAMETRIC_REPRESENTATION_CONTEXT() REPRESENTATION_CONTEXT('2D SPACE',''
  ) );
#7086 = PCURVE('',#7087,#7092);
#7087 = PLANE('',#7088);
#7088 = AXIS2_PLACEMENT_3D('',#7089,#7090,#7091);
#7089 = CARTESIAN_POINT('',(24.204137237141,-26.31011669692,7.25));
#7090 = DIRECTION('',(0.,0.,1.));
#7091 = DIRECTION('',(1.,0.,0.));
#7092 = DEFINITIONAL_REPRESENTATION('',(#7093),#7097);
#7093 = CIRCLE('',#7094,0.25);
#7094 = AXIS2_PLACEMENT_2D('',#7095,#7096);
#7095 = CARTESIAN_POINT('',(0.,0.));
#7096 = DIRECTION('',(1.,0.));
#7097 = ( GEOMETRIC_REPRESENTATION_CONTEXT(2) 
PARAMETRIC_REPRESENTATION_CONTEXT() REPRESENTATION_CONTEXT('2D SPACE',''
  ) );
#7098 = ORIENTED_EDGE('',*,*,#7049,.T.);
#7099 = ADVANCED_FACE('',(#7100),#7037,.T.);
#7100 = FACE_BOUND('',#7101,.T.);
#7101 = EDGE_LOOP('',(#7102));
#7102 = ORIENTED_EDGE('',*,*,#7015,.T.);
#7103 = ADVANCED_FACE('',(#7104),#7087,.F.);
#7104 = FACE_BOUND('',#7105,.T.);
#7105 = EDGE_LOOP('',(#7106));
#7106 = ORIENTED_EDGE('',*,*,#7072,.F.);
#7107 = MANIFOLD_SOLID_BREP('',#7108);
#7108 = CLOSED_SHELL('',(#7109,#7197,#7201));
#7109 = ADVANCED_FACE('',(#7110),#7123,.T.);
#7110 = FACE_BOUND('',#7111,.T.);
#7111 = EDGE_LOOP('',(#7112,#7146,#7169,#7196));
#7112 = ORIENTED_EDGE('',*,*,#7113,.F.);
#7113 = EDGE_CURVE('',#7114,#7114,#7116,.T.);
#7114 = VERTEX_POINT('',#7115);
#7115 = CARTESIAN_POINT('',(20.609328502891,-29.38639554132,43.25));
#7116 = SURFACE_CURVE('',#7117,(#7122,#7134),.PCURVE_S1.);
#7117 = CIRCLE('',#7118,0.25);
#7118 = AXIS2_PLACEMENT_3D('',#7119,#7120,#7121);
#7119 = CARTESIAN_POINT('',(20.359328502891,-29.38639554132,43.25));
#7120 = DIRECTION('',(0.,0.,1.));
#7121 = DIRECTION('',(1.,0.,0.));
#7122 = PCURVE('',#7123,#7128);
#7123 = CYLINDRICAL_SURFACE('',#7124,0.25);
#7124 = AXIS2_PLACEMENT_3D('',#7125,#7126,#7127);
#7125 = CARTESIAN_POINT('',(20.359328502891,-29.38639554132,7.25));
#7126 = DIRECTION('',(0.,0.,1.));
#7127 = DIRECTION('',(1.,0.,0.));
#7128 = DEFINITIONAL_REPRESENTATION('',(#7129),#7133);
#7129 = LINE('',#7130,#7131);
#7130 = CARTESIAN_POINT('',(0.,36.));
#7131 = VECTOR('',#7132,1.);
#7132 = DIRECTION('',(1.,0.));
#7133 = ( GEOMETRIC_REPRESENTATION_CONTEXT(2) 
PARAMETRIC_REPRESENTATION_CONTEXT() REPRESENTATION_CONTEXT('2D SPACE',''
  ) );
#7134 = PCURVE('',#7135,#7140);
#7135 = PLANE('',#7136);
#7136 = AXIS2_PLACEMENT_3D('',#7137,#7138,#7139);
#7137 = CARTESIAN_POINT('',(20.359328502891,-29.38639554132,43.25));
#7138 = DIRECTION('',(0.,0.,1.));
#7139 = DIRECTION('',(1.,0.,0.));
#7140 = DEFINITIONAL_REPRESENTATION('',(#7141),#7145);
#7141 = CIRCLE('',#7142,0.25);
#7142 = AXIS2_PLACEMENT_2D('',#7143,#7144);
#7143 = CARTESIAN_POINT('',(0.,0.));
#7144 = DIRECTION('',(1.,0.));
#7145 = ( GEOMETRIC_REPRESENTATION_CONTEXT(2) 
PARAMETRIC_REPRESENTATION_CONTEXT() REPRESENTATION_CONTEXT('2D SPACE',''
  ) );
#7146 = ORIENTED_EDGE('',*,*,#7147,.F.);
#7147 = EDGE_CURVE('',#7148,#7114,#7150,.T.);
#7148 = VERTEX_POINT('',#7149);
#7149 = CARTESIAN_POINT('',(20.609328502891,-29.38639554132,7.25));
#7150 = SEAM_CURVE('',#7151,(#7155,#7162),.PCURVE_S1.);
#7151 = LINE('',#7152,#7153);
#7152 = CARTESIAN_POINT('',(20.609328502891,-29.38639554132,7.25));
#7153 = VECTOR('',#7154,1.);
#7154 = DIRECTION('',(0.,0.,1.));
#7155 = PCURVE('',#7123,#7156);
#7156 = DEFINITIONAL_REPRESENTATION('',(#7157),#7161);
#7157 = LINE('',#7158,#7159);
#7158 = CARTESIAN_POINT('',(6.28318530718,-0.));
#7159 = VECTOR('',#7160,1.);
#7160 = DIRECTION('',(0.,1.));
#7161 = ( GEOMETRIC_REPRESENTATION_CONTEXT(2) 
PARAMETRIC_REPRESENTATION_CONTEXT() REPRESENTATION_CONTEXT('2D SPACE',''
  ) );
#7162 = PCURVE('',#7123,#7163);
#7163 = DEFINITIONAL_REPRESENTATION('',(#7164),#7168);
#7164 = LINE('',#7165,#7166);
#7165 = CARTESIAN_POINT('',(0.,-0.));
#7166 = VECTOR('',#7167,1.);
#7167 = DIRECTION('',(0.,1.));
#7168 = ( GEOMETRIC_REPRESENTATION_CONTEXT(2) 
PARAMETRIC_REPRESENTATION_CONTEXT() REPRESENTATION_CONTEXT('2D SPACE',''
  ) );
#7169 = ORIENTED_EDGE('',*,*,#7170,.T.);
#7170 = EDGE_CURVE('',#7148,#7148,#7171,.T.);
#7171 = SURFACE_CURVE('',#7172,(#7177,#7184),.PCURVE_S1.);
#7172 = CIRCLE('',#7173,0.25);
#7173 = AXIS2_PLACEMENT_3D('',#7174,#7175,#7176);
#7174 = CARTESIAN_POINT('',(20.359328502891,-29.38639554132,7.25));
#7175 = DIRECTION('',(0.,0.,1.));
#7176 = DIRECTION('',(1.,0.,0.));
#7177 = PCURVE('',#7123,#7178);
#7178 = DEFINITIONAL_REPRESENTATION('',(#7179),#7183);
#7179 = LINE('',#7180,#7181);
#7180 = CARTESIAN_POINT('',(0.,0.));
#7181 = VECTOR('',#7182,1.);
#7182 = DIRECTION('',(1.,0.));
#7183 = ( GEOMETRIC_REPRESENTATION_CONTEXT(2) 
PARAMETRIC_REPRESENTATION_CONTEXT() REPRESENTATION_CONTEXT('2D SPACE',''
  ) );
#7184 = PCURVE('',#7185,#7190);
#7185 = PLANE('',#7186);
#7186 = AXIS2_PLACEMENT_3D('',#7187,#7188,#7189);
#7187 = CARTESIAN_POINT('',(20.359328502891,-29.38639554132,7.25));
#7188 = DIRECTION('',(0.,0.,1.));
#7189 = DIRECTION('',(1.,0.,0.));
#7190 = DEFINITIONAL_REPRESENTATION('',(#7191),#7195);
#7191 = CIRCLE('',#7192,0.25);
#7192 = AXIS2_PLACEMENT_2D('',#7193,#7194);
#7193 = CARTESIAN_POINT('',(0.,0.));
#7194 = DIRECTION('',(1.,0.));
#7195 = ( GEOMETRIC_REPRESENTATION_CONTEXT(2) 
PARAMETRIC_REPRESENTATION_CONTEXT() REPRESENTATION_CONTEXT('2D SPACE',''
  ) );
#7196 = ORIENTED_EDGE('',*,*,#7147,.T.);
#7197 = ADVANCED_FACE('',(#7198),#7135,.T.);
#7198 = FACE_BOUND('',#7199,.T.);
#7199 = EDGE_LOOP('',(#7200));
#7200 = ORIENTED_EDGE('',*,*,#7113,.T.);
#7201 = ADVANCED_FACE('',(#7202),#7185,.F.);
#7202 = FACE_BOUND('',#7203,.T.);
#7203 = EDGE_LOOP('',(#7204));
#7204 = ORIENTED_EDGE('',*,*,#7170,.F.);
#7205 = MANIFOLD_SOLID_BREP('',#7206);
#7206 = CLOSED_SHELL('',(#7207,#7295,#7299));
#7207 = ADVANCED_FACE('',(#7208),#7221,.T.);
#7208 = FACE_BOUND('',#7209,.T.);
#7209 = EDGE_LOOP('',(#7210,#7244,#7267,#7294));
#7210 = ORIENTED_EDGE('',*,*,#7211,.F.);
#7211 = EDGE_CURVE('',#7212,#7212,#7214,.T.);
#7212 = VERTEX_POINT('',#7213);
#7213 = CARTESIAN_POINT('',(16.378284189439,-31.90518686835,50.5));
#7214 = SURFACE_CURVE('',#7215,(#7220,#7232),.PCURVE_S1.);
#7215 = CIRCLE('',#7216,0.25);
#7216 = AXIS2_PLACEMENT_3D('',#7217,#7218,#7219);
#7217 = CARTESIAN_POINT('',(16.128284189439,-31.90518686835,50.5));
#7218 = DIRECTION('',(0.,0.,1.));
#7219 = DIRECTION('',(1.,0.,0.));
#7220 = PCURVE('',#7221,#7226);
#7221 = CYLINDRICAL_SURFACE('',#7222,0.25);
#7222 = AXIS2_PLACEMENT_3D('',#7223,#7224,#7225);
#7223 = CARTESIAN_POINT('',(16.128284189439,-31.90518686835,14.5));
#7224 = DIRECTION('',(0.,0.,1.));
#7225 = DIRECTION('',(1.,0.,0.));
#7226 = DEFINITIONAL_REPRESENTATION('',(#7227),#7231);
#7227 = LINE('',#7228,#7229);
#7228 = CARTESIAN_POINT('',(0.,36.));
#7229 = VECTOR('',#7230,1.);
#7230 = DIRECTION('',(1.,0.));
#7231 = ( GEOMETRIC_REPRESENTATION_CONTEXT(2) 
PARAMETRIC_REPRESENTATION_CONTEXT() REPRESENTATION_CONTEXT('2D SPACE',''
  ) );
#7232 = PCURVE('',#7233,#7238);
#7233 = PLANE('',#7234);
#7234 = AXIS2_PLACEMENT_3D('',#7235,#7236,#7237);
#7235 = CARTESIAN_POINT('',(16.128284189439,-31.90518686835,50.5));
#7236 = DIRECTION('',(0.,0.,1.));
#7237 = DIRECTION('',(1.,0.,0.));
#7238 = DEFINITIONAL_REPRESENTATION('',(#7239),#7243);
#7239 = CIRCLE('',#7240,0.25);
#7240 = AXIS2_PLACEMENT_2D('',#7241,#7242);
#7241 = CARTESIAN_POINT('',(0.,0.));
#7242 = DIRECTION('',(1.,0.));
#7243 = ( GEOMETRIC_REPRESENTATION_CONTEXT(2) 
PARAMETRIC_REPRESENTATION_CONTEXT() REPRESENTATION_CONTEXT('2D SPACE',''
  ) );
#7244 = ORIENTED_EDGE('',*,*,#7245,.F.);
#7245 = EDGE_CURVE('',#7246,#7212,#7248,.T.);
#7246 = VERTEX_POINT('',#7247);
#7247 = CARTESIAN_POINT('',(16.378284189439,-31.90518686835,14.5));
#7248 = SEAM_CURVE('',#7249,(#7253,#7260),.PCURVE_S1.);
#7249 = LINE('',#7250,#7251);
#7250 = CARTESIAN_POINT('',(16.378284189439,-31.90518686835,14.5));
#7251 = VECTOR('',#7252,1.);
#7252 = DIRECTION('',(0.,0.,1.));
#7253 = PCURVE('',#7221,#7254);
#7254 = DEFINITIONAL_REPRESENTATION('',(#7255),#7259);
#7255 = LINE('',#7256,#7257);
#7256 = CARTESIAN_POINT('',(6.28318530718,-0.));
#7257 = VECTOR('',#7258,1.);
#7258 = DIRECTION('',(0.,1.));
#7259 = ( GEOMETRIC_REPRESENTATION_CONTEXT(2) 
PARAMETRIC_REPRESENTATION_CONTEXT() REPRESENTATION_CONTEXT('2D SPACE',''
  ) );
#7260 = PCURVE('',#7221,#7261);
#7261 = DEFINITIONAL_REPRESENTATION('',(#7262),#7266);
#7262 = LINE('',#7263,#7264);
#7263 = CARTESIAN_POINT('',(0.,-0.));
#7264 = VECTOR('',#7265,1.);
#7265 = DIRECTION('',(0.,1.));
#7266 = ( GEOMETRIC_REPRESENTATION_CONTEXT(2) 
PARAMETRIC_REPRESENTATION_CONTEXT() REPRESENTATION_CONTEXT('2D SPACE',''
  ) );
#7267 = ORIENTED_EDGE('',*,*,#7268,.T.);
#7268 = EDGE_CURVE('',#7246,#7246,#7269,.T.);
#7269 = SURFACE_CURVE('',#7270,(#7275,#7282),.PCURVE_S1.);
#7270 = CIRCLE('',#7271,0.25);
#7271 = AXIS2_PLACEMENT_3D('',#7272,#7273,#7274);
#7272 = CARTESIAN_POINT('',(16.128284189439,-31.90518686835,14.5));
#7273 = DIRECTION('',(0.,0.,1.));
#7274 = DIRECTION('',(1.,0.,0.));
#7275 = PCURVE('',#7221,#7276);
#7276 = DEFINITIONAL_REPRESENTATION('',(#7277),#7281);
#7277 = LINE('',#7278,#7279);
#7278 = CARTESIAN_POINT('',(0.,0.));
#7279 = VECTOR('',#7280,1.);
#7280 = DIRECTION('',(1.,0.));
#7281 = ( GEOMETRIC_REPRESENTATION_CONTEXT(2) 
PARAMETRIC_REPRESENTATION_CONTEXT() REPRESENTATION_CONTEXT('2D SPACE',''
  ) );
#7282 = PCURVE('',#7283,#7288);
#7283 = PLANE('',#7284);
#7284 = AXIS2_PLACEMENT_3D('',#7285,#7286,#7287);
#7285 = CARTESIAN_POINT('',(16.128284189439,-31.90518686835,14.5));
#7286 = DIRECTION('',(0.,0.,1.));
#7287 = DIRECTION('',(1.,0.,0.));
#7288 = DEFINITIONAL_REPRESENTATION('',(#7289),#7293);
#7289 = CIRCLE('',#7290,0.25);
#7290 = AXIS2_PLACEMENT_2D('',#7291,#7292);
#7291 = CARTESIAN_POINT('',(0.,0.));
#7292 = DIRECTION('',(1.,0.));
#7293 = ( GEOMETRIC_REPRESENTATION_CONTEXT(2) 
PARAMETRIC_REPRESENTATION_CONTEXT() REPRESENTATION_CONTEXT('2D SPACE',''
  ) );
#7294 = ORIENTED_EDGE('',*,*,#7245,.T.);
#7295 = ADVANCED_FACE('',(#7296),#7233,.T.);
#7296 = FACE_BOUND('',#7297,.T.);
#7297 = EDGE_LOOP('',(#7298));
#7298 = ORIENTED_EDGE('',*,*,#7211,.T.);
#7299 = ADVANCED_FACE('',(#7300),#7283,.F.);
#7300 = FACE_BOUND('',#7301,.T.);
#7301 = EDGE_LOOP('',(#7302));
#7302 = ORIENTED_EDGE('',*,*,#7268,.F.);
#7303 = MANIFOLD_SOLID_BREP('',#7304);
#7304 = CLOSED_SHELL('',(#7305,#7393,#7397));
#7305 = ADVANCED_FACE('',(#7306),#7319,.T.);
#7306 = FACE_BOUND('',#7307,.T.);
#7307 = EDGE_LOOP('',(#7308,#7342,#7365,#7392));
#7308 = ORIENTED_EDGE('',*,*,#7309,.F.);
#7309 = EDGE_CURVE('',#7310,#7310,#7312,.T.);
#7310 = VERTEX_POINT('',#7311);
#7311 = CARTESIAN_POINT('',(11.84127118038,-33.81870684137,50.5));
#7312 = SURFACE_CURVE('',#7313,(#7318,#7330),.PCURVE_S1.);
#7313 = CIRCLE('',#7314,0.25);
#7314 = AXIS2_PLACEMENT_3D('',#7315,#7316,#7317);
#7315 = CARTESIAN_POINT('',(11.59127118038,-33.81870684137,50.5));
#7316 = DIRECTION('',(0.,0.,1.));
#7317 = DIRECTION('',(1.,0.,0.));
#7318 = PCURVE('',#7319,#7324);
#7319 = CYLINDRICAL_SURFACE('',#7320,0.25);
#7320 = AXIS2_PLACEMENT_3D('',#7321,#7322,#7323);
#7321 = CARTESIAN_POINT('',(11.59127118038,-33.81870684137,14.5));
#7322 = DIRECTION('',(0.,0.,1.));
#7323 = DIRECTION('',(1.,0.,0.));
#7324 = DEFINITIONAL_REPRESENTATION('',(#7325),#7329);
#7325 = LINE('',#7326,#7327);
#7326 = CARTESIAN_POINT('',(0.,36.));
#7327 = VECTOR('',#7328,1.);
#7328 = DIRECTION('',(1.,0.));
#7329 = ( GEOMETRIC_REPRESENTATION_CONTEXT(2) 
PARAMETRIC_REPRESENTATION_CONTEXT() REPRESENTATION_CONTEXT('2D SPACE',''
  ) );
#7330 = PCURVE('',#7331,#7336);
#7331 = PLANE('',#7332);
#7332 = AXIS2_PLACEMENT_3D('',#7333,#7334,#7335);
#7333 = CARTESIAN_POINT('',(11.59127118038,-33.81870684137,50.5));
#7334 = DIRECTION('',(0.,0.,1.));
#7335 = DIRECTION('',(1.,0.,0.));
#7336 = DEFINITIONAL_REPRESENTATION('',(#7337),#7341);
#7337 = CIRCLE('',#7338,0.25);
#7338 = AXIS2_PLACEMENT_2D('',#7339,#7340);
#7339 = CARTESIAN_POINT('',(0.,0.));
#7340 = DIRECTION('',(1.,0.));
#7341 = ( GEOMETRIC_REPRESENTATION_CONTEXT(2) 
PARAMETRIC_REPRESENTATION_CONTEXT() REPRESENTATION_CONTEXT('2D SPACE',''
  ) );
#7342 = ORIENTED_EDGE('',*,*,#7343,.F.);
#7343 = EDGE_CURVE('',#7344,#7310,#7346,.T.);
#7344 = VERTEX_POINT('',#7345);
#7345 = CARTESIAN_POINT('',(11.84127118038,-33.81870684137,14.5));
#7346 = SEAM_CURVE('',#7347,(#7351,#7358),.PCURVE_S1.);
#7347 = LINE('',#7348,#7349);
#7348 = CARTESIAN_POINT('',(11.84127118038,-33.81870684137,14.5));
#7349 = VECTOR('',#7350,1.);
#7350 = DIRECTION('',(0.,0.,1.));
#7351 = PCURVE('',#7319,#7352);
#7352 = DEFINITIONAL_REPRESENTATION('',(#7353),#7357);
#7353 = LINE('',#7354,#7355);
#7354 = CARTESIAN_POINT('',(6.28318530718,-0.));
#7355 = VECTOR('',#7356,1.);
#7356 = DIRECTION('',(0.,1.));
#7357 = ( GEOMETRIC_REPRESENTATION_CONTEXT(2) 
PARAMETRIC_REPRESENTATION_CONTEXT() REPRESENTATION_CONTEXT('2D SPACE',''
  ) );
#7358 = PCURVE('',#7319,#7359);
#7359 = DEFINITIONAL_REPRESENTATION('',(#7360),#7364);
#7360 = LINE('',#7361,#7362);
#7361 = CARTESIAN_POINT('',(0.,-0.));
#7362 = VECTOR('',#7363,1.);
#7363 = DIRECTION('',(0.,1.));
#7364 = ( GEOMETRIC_REPRESENTATION_CONTEXT(2) 
PARAMETRIC_REPRESENTATION_CONTEXT() REPRESENTATION_CONTEXT('2D SPACE',''
  ) );
#7365 = ORIENTED_EDGE('',*,*,#7366,.T.);
#7366 = EDGE_CURVE('',#7344,#7344,#7367,.T.);
#7367 = SURFACE_CURVE('',#7368,(#7373,#7380),.PCURVE_S1.);
#7368 = CIRCLE('',#7369,0.25);
#7369 = AXIS2_PLACEMENT_3D('',#7370,#7371,#7372);
#7370 = CARTESIAN_POINT('',(11.59127118038,-33.81870684137,14.5));
#7371 = DIRECTION('',(0.,0.,1.));
#7372 = DIRECTION('',(1.,0.,0.));
#7373 = PCURVE('',#7319,#7374);
#7374 = DEFINITIONAL_REPRESENTATION('',(#7375),#7379);
#7375 = LINE('',#7376,#7377);
#7376 = CARTESIAN_POINT('',(0.,0.));
#7377 = VECTOR('',#7378,1.);
#7378 = DIRECTION('',(1.,0.));
#7379 = ( GEOMETRIC_REPRESENTATION_CONTEXT(2) 
PARAMETRIC_REPRESENTATION_CONTEXT() REPRESENTATION_CONTEXT('2D SPACE',''
  ) );
#7380 = PCURVE('',#7381,#7386);
#7381 = PLANE('',#7382);
#7382 = AXIS2_PLACEMENT_3D('',#7383,#7384,#7385);
#7383 = CARTESIAN_POINT('',(11.59127118038,-33.81870684137,14.5));
#7384 = DIRECTION('',(0.,0.,1.));
#7385 = DIRECTION('',(1.,0.,0.));
#7386 = DEFINITIONAL_REPRESENTATION('',(#7387),#7391);
#7387 = CIRCLE('',#7388,0.25);
#7388 = AXIS2_PLACEMENT_2D('',#7389,#7390);
#7389 = CARTESIAN_POINT('',(0.,0.));
#7390 = DIRECTION('',(1.,0.));
#7391 = ( GEOMETRIC_REPRESENTATION_CONTEXT(2) 
PARAMETRIC_REPRESENTATION_CONTEXT() REPRESENTATION_CONTEXT('2D SPACE',''
  ) );
#7392 = ORIENTED_EDGE('',*,*,#7343,.T.);
#7393 = ADVANCED_FACE('',(#7394),#7331,.T.);
#7394 = FACE_BOUND('',#7395,.T.);
#7395 = EDGE_LOOP('',(#7396));
#7396 = ORIENTED_EDGE('',*,*,#7309,.T.);
#7397 = ADVANCED_FACE('',(#7398),#7381,.F.);
#7398 = FACE_BOUND('',#7399,.T.);
#7399 = EDGE_LOOP('',(#7400));
#7400 = ORIENTED_EDGE('',*,*,#7366,.F.);
#7401 = MANIFOLD_SOLID_BREP('',#7402);
#7402 = CLOSED_SHELL('',(#7403,#7491,#7495));
#7403 = ADVANCED_FACE('',(#7404),#7417,.T.);
#7404 = FACE_BOUND('',#7405,.T.);
#7405 = EDGE_LOOP('',(#7406,#7440,#7463,#7490));
#7406 = ORIENTED_EDGE('',*,*,#7407,.F.);
#7407 = EDGE_CURVE('',#7408,#7408,#7410,.T.);
#7408 = VERTEX_POINT('',#7409);
#7409 = CARTESIAN_POINT('',(7.084360872774,-35.09065418969,50.5));
#7410 = SURFACE_CURVE('',#7411,(#7416,#7428),.PCURVE_S1.);
#7411 = CIRCLE('',#7412,0.25);
#7412 = AXIS2_PLACEMENT_3D('',#7413,#7414,#7415);
#7413 = CARTESIAN_POINT('',(6.834360872774,-35.09065418969,50.5));
#7414 = DIRECTION('',(0.,0.,1.));
#7415 = DIRECTION('',(1.,0.,0.));
#7416 = PCURVE('',#7417,#7422);
#7417 = CYLINDRICAL_SURFACE('',#7418,0.25);
#7418 = AXIS2_PLACEMENT_3D('',#7419,#7420,#7421);
#7419 = CARTESIAN_POINT('',(6.834360872774,-35.09065418969,14.5));
#7420 = DIRECTION('',(0.,0.,1.));
#7421 = DIRECTION('',(1.,0.,0.));
#7422 = DEFINITIONAL_REPRESENTATION('',(#7423),#7427);
#7423 = LINE('',#7424,#7425);
#7424 = CARTESIAN_POINT('',(0.,36.));
#7425 = VECTOR('',#7426,1.);
#7426 = DIRECTION('',(1.,0.));
#7427 = ( GEOMETRIC_REPRESENTATION_CONTEXT(2) 
PARAMETRIC_REPRESENTATION_CONTEXT() REPRESENTATION_CONTEXT('2D SPACE',''
  ) );
#7428 = PCURVE('',#7429,#7434);
#7429 = PLANE('',#7430);
#7430 = AXIS2_PLACEMENT_3D('',#7431,#7432,#7433);
#7431 = CARTESIAN_POINT('',(6.834360872774,-35.09065418969,50.5));
#7432 = DIRECTION('',(0.,0.,1.));
#7433 = DIRECTION('',(1.,0.,0.));
#7434 = DEFINITIONAL_REPRESENTATION('',(#7435),#7439);
#7435 = CIRCLE('',#7436,0.25);
#7436 = AXIS2_PLACEMENT_2D('',#7437,#7438);
#7437 = CARTESIAN_POINT('',(0.,0.));
#7438 = DIRECTION('',(1.,0.));
#7439 = ( GEOMETRIC_REPRESENTATION_CONTEXT(2) 
PARAMETRIC_REPRESENTATION_CONTEXT() REPRESENTATION_CONTEXT('2D SPACE',''
  ) );
#7440 = ORIENTED_EDGE('',*,*,#7441,.F.);
#7441 = EDGE_CURVE('',#7442,#7408,#7444,.T.);
#7442 = VERTEX_POINT('',#7443);
#7443 = CARTESIAN_POINT('',(7.084360872774,-35.09065418969,14.5));
#7444 = SEAM_CURVE('',#7445,(#7449,#7456),.PCURVE_S1.);
#7445 = LINE('',#7446,#7447);
#7446 = CARTESIAN_POINT('',(7.084360872774,-35.09065418969,14.5));
#7447 = VECTOR('',#7448,1.);
#7448 = DIRECTION('',(0.,0.,1.));
#7449 = PCURVE('',#7417,#7450);
#7450 = DEFINITIONAL_REPRESENTATION('',(#7451),#7455);
#7451 = LINE('',#7452,#7453);
#7452 = CARTESIAN_POINT('',(6.28318530718,-0.));
#7453 = VECTOR('',#7454,1.);
#7454 = DIRECTION('',(0.,1.));
#7455 = ( GEOMETRIC_REPRESENTATION_CONTEXT(2) 
PARAMETRIC_REPRESENTATION_CONTEXT() REPRESENTATION_CONTEXT('2D SPACE',''
  ) );
#7456 = PCURVE('',#7417,#7457);
#7457 = DEFINITIONAL_REPRESENTATION('',(#7458),#7462);
#7458 = LINE('',#7459,#7460);
#7459 = CARTESIAN_POINT('',(0.,-0.));
#7460 = VECTOR('',#7461,1.);
#7461 = DIRECTION('',(0.,1.));
#7462 = ( GEOMETRIC_REPRESENTATION_CONTEXT(2) 
PARAMETRIC_REPRESENTATION_CONTEXT() REPRESENTATION_CONTEXT('2D SPACE',''
  ) );
#7463 = ORIENTED_EDGE('',*,*,#7464,.T.);
#7464 = EDGE_CURVE('',#7442,#7442,#7465,.T.);
#7465 = SURFACE_CURVE('',#7466,(#7471,#7478),.PCURVE_S1.);
#7466 = CIRCLE('',#7467,0.25);
#7467 = AXIS2_PLACEMENT_3D('',#7468,#7469,#7470);
#7468 = CARTESIAN_POINT('',(6.834360872774,-35.09065418969,14.5));
#7469 = DIRECTION('',(0.,0.,1.));
#7470 = DIRECTION('',(1.,0.,0.));
#7471 = PCURVE('',#7417,#7472);
#7472 = DEFINITIONAL_REPRESENTATION('',(#7473),#7477);
#7473 = LINE('',#7474,#7475);
#7474 = CARTESIAN_POINT('',(0.,0.));
#7475 = VECTOR('',#7476,1.);
#7476 = DIRECTION('',(1.,0.));
#7477 = ( GEOMETRIC_REPRESENTATION_CONTEXT(2) 
PARAMETRIC_REPRESENTATION_CONTEXT() REPRESENTATION_CONTEXT('2D SPACE',''
  ) );
#7478 = PCURVE('',#7479,#7484);
#7479 = PLANE('',#7480);
#7480 = AXIS2_PLACEMENT_3D('',#7481,#7482,#7483);
#7481 = CARTESIAN_POINT('',(6.834360872774,-35.09065418969,14.5));
#7482 = DIRECTION('',(0.,0.,1.));
#7483 = DIRECTION('',(1.,0.,0.));
#7484 = DEFINITIONAL_REPRESENTATION('',(#7485),#7489);
#7485 = CIRCLE('',#7486,0.25);
#7486 = AXIS2_PLACEMENT_2D('',#7487,#7488);
#7487 = CARTESIAN_POINT('',(0.,0.));
#7488 = DIRECTION('',(1.,0.));
#7489 = ( GEOMETRIC_REPRESENTATION_CONTEXT(2) 
PARAMETRIC_REPRESENTATION_CONTEXT() REPRESENTATION_CONTEXT('2D SPACE',''
  ) );
#7490 = ORIENTED_EDGE('',*,*,#7441,.T.);
#7491 = ADVANCED_FACE('',(#7492),#7429,.T.);
#7492 = FACE_BOUND('',#7493,.T.);
#7493 = EDGE_LOOP('',(#7494));
#7494 = ORIENTED_EDGE('',*,*,#7407,.T.);
#7495 = ADVANCED_FACE('',(#7496),#7479,.F.);
#7496 = FACE_BOUND('',#7497,.T.);
#7497 = EDGE_LOOP('',(#7498));
#7498 = ORIENTED_EDGE('',*,*,#7464,.F.);
#7499 = MANIFOLD_SOLID_BREP('',#7500);
#7500 = CLOSED_SHELL('',(#7501,#7589,#7593));
#7501 = ADVANCED_FACE('',(#7502),#7515,.T.);
#7502 = FACE_BOUND('',#7503,.T.);
#7503 = EDGE_LOOP('',(#7504,#7538,#7561,#7588));
#7504 = ORIENTED_EDGE('',*,*,#7505,.F.);
#7505 = EDGE_CURVE('',#7506,#7506,#7508,.T.);
#7506 = VERTEX_POINT('',#7507);
#7507 = CARTESIAN_POINT('',(2.197796321914,-35.69689887775,50.5));
#7508 = SURFACE_CURVE('',#7509,(#7514,#7526),.PCURVE_S1.);
#7509 = CIRCLE('',#7510,0.25);
#7510 = AXIS2_PLACEMENT_3D('',#7511,#7512,#7513);
#7511 = CARTESIAN_POINT('',(1.947796321914,-35.69689887775,50.5));
#7512 = DIRECTION('',(0.,0.,1.));
#7513 = DIRECTION('',(1.,0.,0.));
#7514 = PCURVE('',#7515,#7520);
#7515 = CYLINDRICAL_SURFACE('',#7516,0.25);
#7516 = AXIS2_PLACEMENT_3D('',#7517,#7518,#7519);
#7517 = CARTESIAN_POINT('',(1.947796321914,-35.69689887775,14.5));
#7518 = DIRECTION('',(0.,0.,1.));
#7519 = DIRECTION('',(1.,0.,0.));
#7520 = DEFINITIONAL_REPRESENTATION('',(#7521),#7525);
#7521 = LINE('',#7522,#7523);
#7522 = CARTESIAN_POINT('',(0.,36.));
#7523 = VECTOR('',#7524,1.);
#7524 = DIRECTION('',(1.,0.));
#7525 = ( GEOMETRIC_REPRESENTATION_CONTEXT(2) 
PARAMETRIC_REPRESENTATION_CONTEXT() REPRESENTATION_CONTEXT('2D SPACE',''
  ) );
#7526 = PCURVE('',#7527,#7532);
#7527 = PLANE('',#7528);
#7528 = AXIS2_PLACEMENT_3D('',#7529,#7530,#7531);
#7529 = CARTESIAN_POINT('',(1.947796321914,-35.69689887775,50.5));
#7530 = DIRECTION('',(0.,0.,1.));
#7531 = DIRECTION('',(1.,0.,0.));
#7532 = DEFINITIONAL_REPRESENTATION('',(#7533),#7537);
#7533 = CIRCLE('',#7534,0.25);
#7534 = AXIS2_PLACEMENT_2D('',#7535,#7536);
#7535 = CARTESIAN_POINT('',(0.,0.));
#7536 = DIRECTION('',(1.,0.));
#7537 = ( GEOMETRIC_REPRESENTATION_CONTEXT(2) 
PARAMETRIC_REPRESENTATION_CONTEXT() REPRESENTATION_CONTEXT('2D SPACE',''
  ) );
#7538 = ORIENTED_EDGE('',*,*,#7539,.F.);
#7539 = EDGE_CURVE('',#7540,#7506,#7542,.T.);
#7540 = VERTEX_POINT('',#7541);
#7541 = CARTESIAN_POINT('',(2.197796321914,-35.69689887775,14.5));
#7542 = SEAM_CURVE('',#7543,(#7547,#7554),.PCURVE_S1.);
#7543 = LINE('',#7544,#7545);
#7544 = CARTESIAN_POINT('',(2.197796321914,-35.69689887775,14.5));
#7545 = VECTOR('',#7546,1.);
#7546 = DIRECTION('',(0.,0.,1.));
#7547 = PCURVE('',#7515,#7548);
#7548 = DEFINITIONAL_REPRESENTATION('',(#7549),#7553);
#7549 = LINE('',#7550,#7551);
#7550 = CARTESIAN_POINT('',(6.28318530718,-0.));
#7551 = VECTOR('',#7552,1.);
#7552 = DIRECTION('',(0.,1.));
#7553 = ( GEOMETRIC_REPRESENTATION_CONTEXT(2) 
PARAMETRIC_REPRESENTATION_CONTEXT() REPRESENTATION_CONTEXT('2D SPACE',''
  ) );
#7554 = PCURVE('',#7515,#7555);
#7555 = DEFINITIONAL_REPRESENTATION('',(#7556),#7560);
#7556 = LINE('',#7557,#7558);
#7557 = CARTESIAN_POINT('',(0.,-0.));
#7558 = VECTOR('',#7559,1.);
#7559 = DIRECTION('',(0.,1.));
#7560 = ( GEOMETRIC_REPRESENTATION_CONTEXT(2) 
PARAMETRIC_REPRESENTATION_CONTEXT() REPRESENTATION_CONTEXT('2D SPACE',''
  ) );
#7561 = ORIENTED_EDGE('',*,*,#7562,.T.);
#7562 = EDGE_CURVE('',#7540,#7540,#7563,.T.);
#7563 = SURFACE_CURVE('',#7564,(#7569,#7576),.PCURVE_S1.);
#7564 = CIRCLE('',#7565,0.25);
#7565 = AXIS2_PLACEMENT_3D('',#7566,#7567,#7568);
#7566 = CARTESIAN_POINT('',(1.947796321914,-35.69689887775,14.5));
#7567 = DIRECTION('',(0.,0.,1.));
#7568 = DIRECTION('',(1.,0.,0.));
#7569 = PCURVE('',#7515,#7570);
#7570 = DEFINITIONAL_REPRESENTATION('',(#7571),#7575);
#7571 = LINE('',#7572,#7573);
#7572 = CARTESIAN_POINT('',(0.,0.));
#7573 = VECTOR('',#7574,1.);
#7574 = DIRECTION('',(1.,0.));
#7575 = ( GEOMETRIC_REPRESENTATION_CONTEXT(2) 
PARAMETRIC_REPRESENTATION_CONTEXT() REPRESENTATION_CONTEXT('2D SPACE',''
  ) );
#7576 = PCURVE('',#7577,#7582);
#7577 = PLANE('',#7578);
#7578 = AXIS2_PLACEMENT_3D('',#7579,#7580,#7581);
#7579 = CARTESIAN_POINT('',(1.947796321914,-35.69689887775,14.5));
#7580 = DIRECTION('',(0.,0.,1.));
#7581 = DIRECTION('',(1.,0.,0.));
#7582 = DEFINITIONAL_REPRESENTATION('',(#7583),#7587);
#7583 = CIRCLE('',#7584,0.25);
#7584 = AXIS2_PLACEMENT_2D('',#7585,#7586);
#7585 = CARTESIAN_POINT('',(0.,0.));
#7586 = DIRECTION('',(1.,0.));
#7587 = ( GEOMETRIC_REPRESENTATION_CONTEXT(2) 
PARAMETRIC_REPRESENTATION_CONTEXT() REPRESENTATION_CONTEXT('2D SPACE',''
  ) );
#7588 = ORIENTED_EDGE('',*,*,#7539,.T.);
#7589 = ADVANCED_FACE('',(#7590),#7527,.T.);
#7590 = FACE_BOUND('',#7591,.T.);
#7591 = EDGE_LOOP('',(#7592));
#7592 = ORIENTED_EDGE('',*,*,#7505,.T.);
#7593 = ADVANCED_FACE('',(#7594),#7577,.F.);
#7594 = FACE_BOUND('',#7595,.T.);
#7595 = EDGE_LOOP('',(#7596));
#7596 = ORIENTED_EDGE('',*,*,#7562,.F.);
#7597 = MANIFOLD_SOLID_BREP('',#7598);
#7598 = CLOSED_SHELL('',(#7599,#7687,#7691));
#7599 = ADVANCED_FACE('',(#7600),#7613,.T.);
#7600 = FACE_BOUND('',#7601,.T.);
#7601 = EDGE_LOOP('',(#7602,#7636,#7659,#7686));
#7602 = ORIENTED_EDGE('',*,*,#7603,.F.);
#7603 = EDGE_CURVE('',#7604,#7604,#7606,.T.);
#7604 = VERTEX_POINT('',#7605);
#7605 = CARTESIAN_POINT('',(-2.725719754161,-35.62593987454,57.75));
#7606 = SURFACE_CURVE('',#7607,(#7612,#7624),.PCURVE_S1.);
#7607 = CIRCLE('',#7608,0.25);
#7608 = AXIS2_PLACEMENT_3D('',#7609,#7610,#7611);
#7609 = CARTESIAN_POINT('',(-2.975719754161,-35.62593987454,57.75));
#7610 = DIRECTION('',(0.,0.,1.));
#7611 = DIRECTION('',(1.,0.,0.));
#7612 = PCURVE('',#7613,#7618);
#7613 = CYLINDRICAL_SURFACE('',#7614,0.25);
#7614 = AXIS2_PLACEMENT_3D('',#7615,#7616,#7617);
#7615 = CARTESIAN_POINT('',(-2.975719754161,-35.62593987454,21.75));
#7616 = DIRECTION('',(0.,0.,1.));
#7617 = DIRECTION('',(1.,0.,0.));
#7618 = DEFINITIONAL_REPRESENTATION('',(#7619),#7623);
#7619 = LINE('',#7620,#7621);
#7620 = CARTESIAN_POINT('',(0.,36.));
#7621 = VECTOR('',#7622,1.);
#7622 = DIRECTION('',(1.,0.));
#7623 = ( GEOMETRIC_REPRESENTATION_CONTEXT(2) 
PARAMETRIC_REPRESENTATION_CONTEXT() REPRESENTATION_CONTEXT('2D SPACE',''
  ) );
#7624 = PCURVE('',#7625,#7630);
#7625 = PLANE('',#7626);
#7626 = AXIS2_PLACEMENT_3D('',#7627,#7628,#7629);
#7627 = CARTESIAN_POINT('',(-2.975719754161,-35.62593987454,57.75));
#7628 = DIRECTION('',(0.,0.,1.));
#7629 = DIRECTION('',(1.,0.,0.));
#7630 = DEFINITIONAL_REPRESENTATION('',(#7631),#7635);
#7631 = CIRCLE('',#7632,0.25);
#7632 = AXIS2_PLACEMENT_2D('',#7633,#7634);
#7633 = CARTESIAN_POINT('',(0.,0.));
#7634 = DIRECTION('',(1.,0.));
#7635 = ( GEOMETRIC_REPRESENTATION_CONTEXT(2) 
PARAMETRIC_REPRESENTATION_CONTEXT() REPRESENTATION_CONTEXT('2D SPACE',''
  ) );
#7636 = ORIENTED_EDGE('',*,*,#7637,.F.);
#7637 = EDGE_CURVE('',#7638,#7604,#7640,.T.);
#7638 = VERTEX_POINT('',#7639);
#7639 = CARTESIAN_POINT('',(-2.725719754161,-35.62593987454,21.75));
#7640 = SEAM_CURVE('',#7641,(#7645,#7652),.PCURVE_S1.);
#7641 = LINE('',#7642,#7643);
#7642 = CARTESIAN_POINT('',(-2.725719754161,-35.62593987454,21.75));
#7643 = VECTOR('',#7644,1.);
#7644 = DIRECTION('',(0.,0.,1.));
#7645 = PCURVE('',#7613,#7646);
#7646 = DEFINITIONAL_REPRESENTATION('',(#7647),#7651);
#7647 = LINE('',#7648,#7649);
#7648 = CARTESIAN_POINT('',(6.28318530718,-0.));
#7649 = VECTOR('',#7650,1.);
#7650 = DIRECTION('',(0.,1.));
#7651 = ( GEOMETRIC_REPRESENTATION_CONTEXT(2) 
PARAMETRIC_REPRESENTATION_CONTEXT() REPRESENTATION_CONTEXT('2D SPACE',''
  ) );
#7652 = PCURVE('',#7613,#7653);
#7653 = DEFINITIONAL_REPRESENTATION('',(#7654),#7658);
#7654 = LINE('',#7655,#7656);
#7655 = CARTESIAN_POINT('',(0.,-0.));
#7656 = VECTOR('',#7657,1.);
#7657 = DIRECTION('',(0.,1.));
#7658 = ( GEOMETRIC_REPRESENTATION_CONTEXT(2) 
PARAMETRIC_REPRESENTATION_CONTEXT() REPRESENTATION_CONTEXT('2D SPACE',''
  ) );
#7659 = ORIENTED_EDGE('',*,*,#7660,.T.);
#7660 = EDGE_CURVE('',#7638,#7638,#7661,.T.);
#7661 = SURFACE_CURVE('',#7662,(#7667,#7674),.PCURVE_S1.);
#7662 = CIRCLE('',#7663,0.25);
#7663 = AXIS2_PLACEMENT_3D('',#7664,#7665,#7666);
#7664 = CARTESIAN_POINT('',(-2.975719754161,-35.62593987454,21.75));
#7665 = DIRECTION('',(0.,0.,1.));
#7666 = DIRECTION('',(1.,0.,0.));
#7667 = PCURVE('',#7613,#7668);
#7668 = DEFINITIONAL_REPRESENTATION('',(#7669),#7673);
#7669 = LINE('',#7670,#7671);
#7670 = CARTESIAN_POINT('',(0.,0.));
#7671 = VECTOR('',#7672,1.);
#7672 = DIRECTION('',(1.,0.));
#7673 = ( GEOMETRIC_REPRESENTATION_CONTEXT(2) 
PARAMETRIC_REPRESENTATION_CONTEXT() REPRESENTATION_CONTEXT('2D SPACE',''
  ) );
#7674 = PCURVE('',#7675,#7680);
#7675 = PLANE('',#7676);
#7676 = AXIS2_PLACEMENT_3D('',#7677,#7678,#7679);
#7677 = CARTESIAN_POINT('',(-2.975719754161,-35.62593987454,21.75));
#7678 = DIRECTION('',(0.,0.,1.));
#7679 = DIRECTION('',(1.,0.,0.));
#7680 = DEFINITIONAL_REPRESENTATION('',(#7681),#7685);
#7681 = CIRCLE('',#7682,0.25);
#7682 = AXIS2_PLACEMENT_2D('',#7683,#7684);
#7683 = CARTESIAN_POINT('',(0.,0.));
#7684 = DIRECTION('',(1.,0.));
#7685 = ( GEOMETRIC_REPRESENTATION_CONTEXT(2) 
PARAMETRIC_REPRESENTATION_CONTEXT() REPRESENTATION_CONTEXT('2D SPACE',''
  ) );
#7686 = ORIENTED_EDGE('',*,*,#7637,.T.);
#7687 = ADVANCED_FACE('',(#7688),#7625,.T.);
#7688 = FACE_BOUND('',#7689,.T.);
#7689 = EDGE_LOOP('',(#7690));
#7690 = ORIENTED_EDGE('',*,*,#7603,.T.);
#7691 = ADVANCED_FACE('',(#7692),#7675,.F.);
#7692 = FACE_BOUND('',#7693,.T.);
#7693 = EDGE_LOOP('',(#7694));
#7694 = ORIENTED_EDGE('',*,*,#7660,.F.);
#7695 = MANIFOLD_SOLID_BREP('',#7696);
#7696 = CLOSED_SHELL('',(#7697,#7785,#7789));
#7697 = ADVANCED_FACE('',(#7698),#7711,.T.);
#7698 = FACE_BOUND('',#7699,.T.);
#7699 = EDGE_LOOP('',(#7700,#7734,#7757,#7784));
#7700 = ORIENTED_EDGE('',*,*,#7701,.F.);
#7701 = EDGE_CURVE('',#7702,#7702,#7704,.T.);
#7702 = VERTEX_POINT('',#7703);
#7703 = CARTESIAN_POINT('',(-7.592783632286,-34.879123339,57.75));
#7704 = SURFACE_CURVE('',#7705,(#7710,#7722),.PCURVE_S1.);
#7705 = CIRCLE('',#7706,0.25);
#7706 = AXIS2_PLACEMENT_3D('',#7707,#7708,#7709);
#7707 = CARTESIAN_POINT('',(-7.842783632286,-34.879123339,57.75));
#7708 = DIRECTION('',(0.,0.,1.));
#7709 = DIRECTION('',(1.,0.,0.));
#7710 = PCURVE('',#7711,#7716);
#7711 = CYLINDRICAL_SURFACE('',#7712,0.25);
#7712 = AXIS2_PLACEMENT_3D('',#7713,#7714,#7715);
#7713 = CARTESIAN_POINT('',(-7.842783632286,-34.879123339,21.75));
#7714 = DIRECTION('',(0.,0.,1.));
#7715 = DIRECTION('',(1.,0.,0.));
#7716 = DEFINITIONAL_REPRESENTATION('',(#7717),#7721);
#7717 = LINE('',#7718,#7719);
#7718 = CARTESIAN_POINT('',(0.,36.));
#7719 = VECTOR('',#7720,1.);
#7720 = DIRECTION('',(1.,0.));
#7721 = ( GEOMETRIC_REPRESENTATION_CONTEXT(2) 
PARAMETRIC_REPRESENTATION_CONTEXT() REPRESENTATION_CONTEXT('2D SPACE',''
  ) );
#7722 = PCURVE('',#7723,#7728);
#7723 = PLANE('',#7724);
#7724 = AXIS2_PLACEMENT_3D('',#7725,#7726,#7727);
#7725 = CARTESIAN_POINT('',(-7.842783632286,-34.879123339,57.75));
#7726 = DIRECTION('',(0.,0.,1.));
#7727 = DIRECTION('',(1.,0.,0.));
#7728 = DEFINITIONAL_REPRESENTATION('',(#7729),#7733);
#7729 = CIRCLE('',#7730,0.25);
#7730 = AXIS2_PLACEMENT_2D('',#7731,#7732);
#7731 = CARTESIAN_POINT('',(0.,0.));
#7732 = DIRECTION('',(1.,0.));
#7733 = ( GEOMETRIC_REPRESENTATION_CONTEXT(2) 
PARAMETRIC_REPRESENTATION_CONTEXT() REPRESENTATION_CONTEXT('2D SPACE',''
  ) );
#7734 = ORIENTED_EDGE('',*,*,#7735,.F.);
#7735 = EDGE_CURVE('',#7736,#7702,#7738,.T.);
#7736 = VERTEX_POINT('',#7737);
#7737 = CARTESIAN_POINT('',(-7.592783632286,-34.879123339,21.75));
#7738 = SEAM_CURVE('',#7739,(#7743,#7750),.PCURVE_S1.);
#7739 = LINE('',#7740,#7741);
#7740 = CARTESIAN_POINT('',(-7.592783632286,-34.879123339,21.75));
#7741 = VECTOR('',#7742,1.);
#7742 = DIRECTION('',(0.,0.,1.));
#7743 = PCURVE('',#7711,#7744);
#7744 = DEFINITIONAL_REPRESENTATION('',(#7745),#7749);
#7745 = LINE('',#7746,#7747);
#7746 = CARTESIAN_POINT('',(6.28318530718,-0.));
#7747 = VECTOR('',#7748,1.);
#7748 = DIRECTION('',(0.,1.));
#7749 = ( GEOMETRIC_REPRESENTATION_CONTEXT(2) 
PARAMETRIC_REPRESENTATION_CONTEXT() REPRESENTATION_CONTEXT('2D SPACE',''
  ) );
#7750 = PCURVE('',#7711,#7751);
#7751 = DEFINITIONAL_REPRESENTATION('',(#7752),#7756);
#7752 = LINE('',#7753,#7754);
#7753 = CARTESIAN_POINT('',(0.,-0.));
#7754 = VECTOR('',#7755,1.);
#7755 = DIRECTION('',(0.,1.));
#7756 = ( GEOMETRIC_REPRESENTATION_CONTEXT(2) 
PARAMETRIC_REPRESENTATION_CONTEXT() REPRESENTATION_CONTEXT('2D SPACE',''
  ) );
#7757 = ORIENTED_EDGE('',*,*,#7758,.T.);
#7758 = EDGE_CURVE('',#7736,#7736,#7759,.T.);
#7759 = SURFACE_CURVE('',#7760,(#7765,#7772),.PCURVE_S1.);
#7760 = CIRCLE('',#7761,0.25);
#7761 = AXIS2_PLACEMENT_3D('',#7762,#7763,#7764);
#7762 = CARTESIAN_POINT('',(-7.842783632286,-34.879123339,21.75));
#7763 = DIRECTION('',(0.,0.,1.));
#7764 = DIRECTION('',(1.,0.,0.));
#7765 = PCURVE('',#7711,#7766);
#7766 = DEFINITIONAL_REPRESENTATION('',(#7767),#7771);
#7767 = LINE('',#7768,#7769);
#7768 = CARTESIAN_POINT('',(0.,0.));
#7769 = VECTOR('',#7770,1.);
#7770 = DIRECTION('',(1.,0.));
#7771 = ( GEOMETRIC_REPRESENTATION_CONTEXT(2) 
PARAMETRIC_REPRESENTATION_CONTEXT() REPRESENTATION_CONTEXT('2D SPACE',''
  ) );
#7772 = PCURVE('',#7773,#7778);
#7773 = PLANE('',#7774);
#7774 = AXIS2_PLACEMENT_3D('',#7775,#7776,#7777);
#7775 = CARTESIAN_POINT('',(-7.842783632286,-34.879123339,21.75));
#7776 = DIRECTION('',(0.,0.,1.));
#7777 = DIRECTION('',(1.,0.,0.));
#7778 = DEFINITIONAL_REPRESENTATION('',(#7779),#7783);
#7779 = CIRCLE('',#7780,0.25);
#7780 = AXIS2_PLACEMENT_2D('',#7781,#7782);
#7781 = CARTESIAN_POINT('',(0.,0.));
#7782 = DIRECTION('',(1.,0.));
#7783 = ( GEOMETRIC_REPRESENTATION_CONTEXT(2) 
PARAMETRIC_REPRESENTATION_CONTEXT() REPRESENTATION_CONTEXT('2D SPACE',''
  ) );
#7784 = ORIENTED_EDGE('',*,*,#7735,.T.);
#7785 = ADVANCED_FACE('',(#7786),#7723,.T.);
#7786 = FACE_BOUND('',#7787,.T.);
#7787 = EDGE_LOOP('',(#7788));
#7788 = ORIENTED_EDGE('',*,*,#7701,.T.);
#7789 = ADVANCED_FACE('',(#7790),#7773,.F.);
#7790 = FACE_BOUND('',#7791,.T.);
#7791 = EDGE_LOOP('',(#7792));
#7792 = ORIENTED_EDGE('',*,*,#7758,.F.);
#7793 = MANIFOLD_SOLID_BREP('',#7794);
#7794 = CLOSED_SHELL('',(#7795,#7883,#7887));
#7795 = ADVANCED_FACE('',(#7796),#7809,.T.);
#7796 = FACE_BOUND('',#7797,.T.);
#7797 = EDGE_LOOP('',(#7798,#7832,#7855,#7882));
#7798 = ORIENTED_EDGE('',*,*,#7799,.F.);
#7799 = EDGE_CURVE('',#7800,#7800,#7802,.T.);
#7800 = VERTEX_POINT('',#7801);
#7801 = CARTESIAN_POINT('',(-12.31106254049,-33.47061708205,57.75));
#7802 = SURFACE_CURVE('',#7803,(#7808,#7820),.PCURVE_S1.);
#7803 = CIRCLE('',#7804,0.25);
#7804 = AXIS2_PLACEMENT_3D('',#7805,#7806,#7807);
#7805 = CARTESIAN_POINT('',(-12.56106254049,-33.47061708205,57.75));
#7806 = DIRECTION('',(0.,0.,1.));
#7807 = DIRECTION('',(1.,0.,0.));
#7808 = PCURVE('',#7809,#7814);
#7809 = CYLINDRICAL_SURFACE('',#7810,0.25);
#7810 = AXIS2_PLACEMENT_3D('',#7811,#7812,#7813);
#7811 = CARTESIAN_POINT('',(-12.56106254049,-33.47061708205,21.75));
#7812 = DIRECTION('',(0.,0.,1.));
#7813 = DIRECTION('',(1.,0.,0.));
#7814 = DEFINITIONAL_REPRESENTATION('',(#7815),#7819);
#7815 = LINE('',#7816,#7817);
#7816 = CARTESIAN_POINT('',(0.,36.));
#7817 = VECTOR('',#7818,1.);
#7818 = DIRECTION('',(1.,0.));
#7819 = ( GEOMETRIC_REPRESENTATION_CONTEXT(2) 
PARAMETRIC_REPRESENTATION_CONTEXT() REPRESENTATION_CONTEXT('2D SPACE',''
  ) );
#7820 = PCURVE('',#7821,#7826);
#7821 = PLANE('',#7822);
#7822 = AXIS2_PLACEMENT_3D('',#7823,#7824,#7825);
#7823 = CARTESIAN_POINT('',(-12.56106254049,-33.47061708205,57.75));
#7824 = DIRECTION('',(0.,0.,1.));
#7825 = DIRECTION('',(1.,0.,0.));
#7826 = DEFINITIONAL_REPRESENTATION('',(#7827),#7831);
#7827 = CIRCLE('',#7828,0.25);
#7828 = AXIS2_PLACEMENT_2D('',#7829,#7830);
#7829 = CARTESIAN_POINT('',(0.,0.));
#7830 = DIRECTION('',(1.,0.));
#7831 = ( GEOMETRIC_REPRESENTATION_CONTEXT(2) 
PARAMETRIC_REPRESENTATION_CONTEXT() REPRESENTATION_CONTEXT('2D SPACE',''
  ) );
#7832 = ORIENTED_EDGE('',*,*,#7833,.F.);
#7833 = EDGE_CURVE('',#7834,#7800,#7836,.T.);
#7834 = VERTEX_POINT('',#7835);
#7835 = CARTESIAN_POINT('',(-12.31106254049,-33.47061708205,21.75));
#7836 = SEAM_CURVE('',#7837,(#7841,#7848),.PCURVE_S1.);
#7837 = LINE('',#7838,#7839);
#7838 = CARTESIAN_POINT('',(-12.31106254049,-33.47061708205,21.75));
#7839 = VECTOR('',#7840,1.);
#7840 = DIRECTION('',(0.,0.,1.));
#7841 = PCURVE('',#7809,#7842);
#7842 = DEFINITIONAL_REPRESENTATION('',(#7843),#7847);
#7843 = LINE('',#7844,#7845);
#7844 = CARTESIAN_POINT('',(6.28318530718,-0.));
#7845 = VECTOR('',#7846,1.);
#7846 = DIRECTION('',(0.,1.));
#7847 = ( GEOMETRIC_REPRESENTATION_CONTEXT(2) 
PARAMETRIC_REPRESENTATION_CONTEXT() REPRESENTATION_CONTEXT('2D SPACE',''
  ) );
#7848 = PCURVE('',#7809,#7849);
#7849 = DEFINITIONAL_REPRESENTATION('',(#7850),#7854);
#7850 = LINE('',#7851,#7852);
#7851 = CARTESIAN_POINT('',(0.,-0.));
#7852 = VECTOR('',#7853,1.);
#7853 = DIRECTION('',(0.,1.));
#7854 = ( GEOMETRIC_REPRESENTATION_CONTEXT(2) 
PARAMETRIC_REPRESENTATION_CONTEXT() REPRESENTATION_CONTEXT('2D SPACE',''
  ) );
#7855 = ORIENTED_EDGE('',*,*,#7856,.T.);
#7856 = EDGE_CURVE('',#7834,#7834,#7857,.T.);
#7857 = SURFACE_CURVE('',#7858,(#7863,#7870),.PCURVE_S1.);
#7858 = CIRCLE('',#7859,0.25);
#7859 = AXIS2_PLACEMENT_3D('',#7860,#7861,#7862);
#7860 = CARTESIAN_POINT('',(-12.56106254049,-33.47061708205,21.75));
#7861 = DIRECTION('',(0.,0.,1.));
#7862 = DIRECTION('',(1.,0.,0.));
#7863 = PCURVE('',#7809,#7864);
#7864 = DEFINITIONAL_REPRESENTATION('',(#7865),#7869);
#7865 = LINE('',#7866,#7867);
#7866 = CARTESIAN_POINT('',(0.,0.));
#7867 = VECTOR('',#7868,1.);
#7868 = DIRECTION('',(1.,0.));
#7869 = ( GEOMETRIC_REPRESENTATION_CONTEXT(2) 
PARAMETRIC_REPRESENTATION_CONTEXT() REPRESENTATION_CONTEXT('2D SPACE',''
  ) );
#7870 = PCURVE('',#7871,#7876);
#7871 = PLANE('',#7872);
#7872 = AXIS2_PLACEMENT_3D('',#7873,#7874,#7875);
#7873 = CARTESIAN_POINT('',(-12.56106254049,-33.47061708205,21.75));
#7874 = DIRECTION('',(0.,0.,1.));
#7875 = DIRECTION('',(1.,0.,0.));
#7876 = DEFINITIONAL_REPRESENTATION('',(#7877),#7881);
#7877 = CIRCLE('',#7878,0.25);
#7878 = AXIS2_PLACEMENT_2D('',#7879,#7880);
#7879 = CARTESIAN_POINT('',(0.,0.));
#7880 = DIRECTION('',(1.,0.));
#7881 = ( GEOMETRIC_REPRESENTATION_CONTEXT(2) 
PARAMETRIC_REPRESENTATION_CONTEXT() REPRESENTATION_CONTEXT('2D SPACE',''
  ) );
#7882 = ORIENTED_EDGE('',*,*,#7833,.T.);
#7883 = ADVANCED_FACE('',(#7884),#7821,.T.);
#7884 = FACE_BOUND('',#7885,.T.);
#7885 = EDGE_LOOP('',(#7886));
#7886 = ORIENTED_EDGE('',*,*,#7799,.T.);
#7887 = ADVANCED_FACE('',(#7888),#7871,.F.);
#7888 = FACE_BOUND('',#7889,.T.);
#7889 = EDGE_LOOP('',(#7890));
#7890 = ORIENTED_EDGE('',*,*,#7856,.F.);
#7891 = MANIFOLD_SOLID_BREP('',#7892);
#7892 = CLOSED_SHELL('',(#7893,#7981,#7985));
#7893 = ADVANCED_FACE('',(#7894),#7907,.T.);
#7894 = FACE_BOUND('',#7895,.T.);
#7895 = EDGE_LOOP('',(#7896,#7930,#7953,#7980));
#7896 = ORIENTED_EDGE('',*,*,#7897,.F.);
#7897 = EDGE_CURVE('',#7898,#7898,#7900,.T.);
#7898 = VERTEX_POINT('',#7899);
#7899 = CARTESIAN_POINT('',(-16.79104629741,-31.42714179,57.75));
#7900 = SURFACE_CURVE('',#7901,(#7906,#7918),.PCURVE_S1.);
#7901 = CIRCLE('',#7902,0.25);
#7902 = AXIS2_PLACEMENT_3D('',#7903,#7904,#7905);
#7903 = CARTESIAN_POINT('',(-17.04104629741,-31.42714179,57.75));
#7904 = DIRECTION('',(0.,0.,1.));
#7905 = DIRECTION('',(1.,0.,0.));
#7906 = PCURVE('',#7907,#7912);
#7907 = CYLINDRICAL_SURFACE('',#7908,0.25);
#7908 = AXIS2_PLACEMENT_3D('',#7909,#7910,#7911);
#7909 = CARTESIAN_POINT('',(-17.04104629741,-31.42714179,21.75));
#7910 = DIRECTION('',(0.,0.,1.));
#7911 = DIRECTION('',(1.,0.,0.));
#7912 = DEFINITIONAL_REPRESENTATION('',(#7913),#7917);
#7913 = LINE('',#7914,#7915);
#7914 = CARTESIAN_POINT('',(0.,36.));
#7915 = VECTOR('',#7916,1.);
#7916 = DIRECTION('',(1.,0.));
#7917 = ( GEOMETRIC_REPRESENTATION_CONTEXT(2) 
PARAMETRIC_REPRESENTATION_CONTEXT() REPRESENTATION_CONTEXT('2D SPACE',''
  ) );
#7918 = PCURVE('',#7919,#7924);
#7919 = PLANE('',#7920);
#7920 = AXIS2_PLACEMENT_3D('',#7921,#7922,#7923);
#7921 = CARTESIAN_POINT('',(-17.04104629741,-31.42714179,57.75));
#7922 = DIRECTION('',(0.,0.,1.));
#7923 = DIRECTION('',(1.,0.,0.));
#7924 = DEFINITIONAL_REPRESENTATION('',(#7925),#7929);
#7925 = CIRCLE('',#7926,0.25);
#7926 = AXIS2_PLACEMENT_2D('',#7927,#7928);
#7927 = CARTESIAN_POINT('',(0.,0.));
#7928 = DIRECTION('',(1.,0.));
#7929 = ( GEOMETRIC_REPRESENTATION_CONTEXT(2) 
PARAMETRIC_REPRESENTATION_CONTEXT() REPRESENTATION_CONTEXT('2D SPACE',''
  ) );
#7930 = ORIENTED_EDGE('',*,*,#7931,.F.);
#7931 = EDGE_CURVE('',#7932,#7898,#7934,.T.);
#7932 = VERTEX_POINT('',#7933);
#7933 = CARTESIAN_POINT('',(-16.79104629741,-31.42714179,21.75));
#7934 = SEAM_CURVE('',#7935,(#7939,#7946),.PCURVE_S1.);
#7935 = LINE('',#7936,#7937);
#7936 = CARTESIAN_POINT('',(-16.79104629741,-31.42714179,21.75));
#7937 = VECTOR('',#7938,1.);
#7938 = DIRECTION('',(0.,0.,1.));
#7939 = PCURVE('',#7907,#7940);
#7940 = DEFINITIONAL_REPRESENTATION('',(#7941),#7945);
#7941 = LINE('',#7942,#7943);
#7942 = CARTESIAN_POINT('',(6.28318530718,-0.));
#7943 = VECTOR('',#7944,1.);
#7944 = DIRECTION('',(0.,1.));
#7945 = ( GEOMETRIC_REPRESENTATION_CONTEXT(2) 
PARAMETRIC_REPRESENTATION_CONTEXT() REPRESENTATION_CONTEXT('2D SPACE',''
  ) );
#7946 = PCURVE('',#7907,#7947);
#7947 = DEFINITIONAL_REPRESENTATION('',(#7948),#7952);
#7948 = LINE('',#7949,#7950);
#7949 = CARTESIAN_POINT('',(0.,-0.));
#7950 = VECTOR('',#7951,1.);
#7951 = DIRECTION('',(0.,1.));
#7952 = ( GEOMETRIC_REPRESENTATION_CONTEXT(2) 
PARAMETRIC_REPRESENTATION_CONTEXT() REPRESENTATION_CONTEXT('2D SPACE',''
  ) );
#7953 = ORIENTED_EDGE('',*,*,#7954,.T.);
#7954 = EDGE_CURVE('',#7932,#7932,#7955,.T.);
#7955 = SURFACE_CURVE('',#7956,(#7961,#7968),.PCURVE_S1.);
#7956 = CIRCLE('',#7957,0.25);
#7957 = AXIS2_PLACEMENT_3D('',#7958,#7959,#7960);
#7958 = CARTESIAN_POINT('',(-17.04104629741,-31.42714179,21.75));
#7959 = DIRECTION('',(0.,0.,1.));
#7960 = DIRECTION('',(1.,0.,0.));
#7961 = PCURVE('',#7907,#7962);
#7962 = DEFINITIONAL_REPRESENTATION('',(#7963),#7967);
#7963 = LINE('',#7964,#7965);
#7964 = CARTESIAN_POINT('',(0.,0.));
#7965 = VECTOR('',#7966,1.);
#7966 = DIRECTION('',(1.,0.));
#7967 = ( GEOMETRIC_REPRESENTATION_CONTEXT(2) 
PARAMETRIC_REPRESENTATION_CONTEXT() REPRESENTATION_CONTEXT('2D SPACE',''
  ) );
#7968 = PCURVE('',#7969,#7974);
#7969 = PLANE('',#7970);
#7970 = AXIS2_PLACEMENT_3D('',#7971,#7972,#7973);
#7971 = CARTESIAN_POINT('',(-17.04104629741,-31.42714179,21.75));
#7972 = DIRECTION('',(0.,0.,1.));
#7973 = DIRECTION('',(1.,0.,0.));
#7974 = DEFINITIONAL_REPRESENTATION('',(#7975),#7979);
#7975 = CIRCLE('',#7976,0.25);
#7976 = AXIS2_PLACEMENT_2D('',#7977,#7978);
#7977 = CARTESIAN_POINT('',(0.,0.));
#7978 = DIRECTION('',(1.,0.));
#7979 = ( GEOMETRIC_REPRESENTATION_CONTEXT(2) 
PARAMETRIC_REPRESENTATION_CONTEXT() REPRESENTATION_CONTEXT('2D SPACE',''
  ) );
#7980 = ORIENTED_EDGE('',*,*,#7931,.T.);
#7981 = ADVANCED_FACE('',(#7982),#7919,.T.);
#7982 = FACE_BOUND('',#7983,.T.);
#7983 = EDGE_LOOP('',(#7984));
#7984 = ORIENTED_EDGE('',*,*,#7897,.T.);
#7985 = ADVANCED_FACE('',(#7986),#7969,.F.);
#7986 = FACE_BOUND('',#7987,.T.);
#7987 = EDGE_LOOP('',(#7988));
#7988 = ORIENTED_EDGE('',*,*,#7954,.F.);
#7989 = MANIFOLD_SOLID_BREP('',#7990);
#7990 = CLOSED_SHELL('',(#7991,#8079,#8083));
#7991 = ADVANCED_FACE('',(#7992),#8005,.T.);
#7992 = FACE_BOUND('',#7993,.T.);
#7993 = EDGE_LOOP('',(#7994,#8028,#8051,#8078));
#7994 = ORIENTED_EDGE('',*,*,#7995,.F.);
#7995 = EDGE_CURVE('',#7996,#7996,#7998,.T.);
#7996 = VERTEX_POINT('',#7997);
#7997 = CARTESIAN_POINT('',(-20.94774540445,-28.78746410797,65.));
#7998 = SURFACE_CURVE('',#7999,(#8004,#8016),.PCURVE_S1.);
#7999 = CIRCLE('',#8000,0.25);
#8000 = AXIS2_PLACEMENT_3D('',#8001,#8002,#8003);
#8001 = CARTESIAN_POINT('',(-21.19774540445,-28.78746410797,65.));
#8002 = DIRECTION('',(0.,0.,1.));
#8003 = DIRECTION('',(1.,0.,0.));
#8004 = PCURVE('',#8005,#8010);
#8005 = CYLINDRICAL_SURFACE('',#8006,0.25);
#8006 = AXIS2_PLACEMENT_3D('',#8007,#8008,#8009);
#8007 = CARTESIAN_POINT('',(-21.19774540445,-28.78746410797,29.));
#8008 = DIRECTION('',(0.,0.,1.));
#8009 = DIRECTION('',(1.,0.,0.));
#8010 = DEFINITIONAL_REPRESENTATION('',(#8011),#8015);
#8011 = LINE('',#8012,#8013);
#8012 = CARTESIAN_POINT('',(0.,36.));
#8013 = VECTOR('',#8014,1.);
#8014 = DIRECTION('',(1.,0.));
#8015 = ( GEOMETRIC_REPRESENTATION_CONTEXT(2) 
PARAMETRIC_REPRESENTATION_CONTEXT() REPRESENTATION_CONTEXT('2D SPACE',''
  ) );
#8016 = PCURVE('',#8017,#8022);
#8017 = PLANE('',#8018);
#8018 = AXIS2_PLACEMENT_3D('',#8019,#8020,#8021);
#8019 = CARTESIAN_POINT('',(-21.19774540445,-28.78746410797,65.));
#8020 = DIRECTION('',(0.,0.,1.));
#8021 = DIRECTION('',(1.,0.,0.));
#8022 = DEFINITIONAL_REPRESENTATION('',(#8023),#8027);
#8023 = CIRCLE('',#8024,0.25);
#8024 = AXIS2_PLACEMENT_2D('',#8025,#8026);
#8025 = CARTESIAN_POINT('',(0.,0.));
#8026 = DIRECTION('',(1.,0.));
#8027 = ( GEOMETRIC_REPRESENTATION_CONTEXT(2) 
PARAMETRIC_REPRESENTATION_CONTEXT() REPRESENTATION_CONTEXT('2D SPACE',''
  ) );
#8028 = ORIENTED_EDGE('',*,*,#8029,.F.);
#8029 = EDGE_CURVE('',#8030,#7996,#8032,.T.);
#8030 = VERTEX_POINT('',#8031);
#8031 = CARTESIAN_POINT('',(-20.94774540445,-28.78746410797,29.));
#8032 = SEAM_CURVE('',#8033,(#8037,#8044),.PCURVE_S1.);
#8033 = LINE('',#8034,#8035);
#8034 = CARTESIAN_POINT('',(-20.94774540445,-28.78746410797,29.));
#8035 = VECTOR('',#8036,1.);
#8036 = DIRECTION('',(0.,0.,1.));
#8037 = PCURVE('',#8005,#8038);
#8038 = DEFINITIONAL_REPRESENTATION('',(#8039),#8043);
#8039 = LINE('',#8040,#8041);
#8040 = CARTESIAN_POINT('',(6.28318530718,-0.));
#8041 = VECTOR('',#8042,1.);
#8042 = DIRECTION('',(0.,1.));
#8043 = ( GEOMETRIC_REPRESENTATION_CONTEXT(2) 
PARAMETRIC_REPRESENTATION_CONTEXT() REPRESENTATION_CONTEXT('2D SPACE',''
  ) );
#8044 = PCURVE('',#8005,#8045);
#8045 = DEFINITIONAL_REPRESENTATION('',(#8046),#8050);
#8046 = LINE('',#8047,#8048);
#8047 = CARTESIAN_POINT('',(0.,-0.));
#8048 = VECTOR('',#8049,1.);
#8049 = DIRECTION('',(0.,1.));
#8050 = ( GEOMETRIC_REPRESENTATION_CONTEXT(2) 
PARAMETRIC_REPRESENTATION_CONTEXT() REPRESENTATION_CONTEXT('2D SPACE',''
  ) );
#8051 = ORIENTED_EDGE('',*,*,#8052,.T.);
#8052 = EDGE_CURVE('',#8030,#8030,#8053,.T.);
#8053 = SURFACE_CURVE('',#8054,(#8059,#8066),.PCURVE_S1.);
#8054 = CIRCLE('',#8055,0.25);
#8055 = AXIS2_PLACEMENT_3D('',#8056,#8057,#8058);
#8056 = CARTESIAN_POINT('',(-21.19774540445,-28.78746410797,29.));
#8057 = DIRECTION('',(0.,0.,1.));
#8058 = DIRECTION('',(1.,0.,0.));
#8059 = PCURVE('',#8005,#8060);
#8060 = DEFINITIONAL_REPRESENTATION('',(#8061),#8065);
#8061 = LINE('',#8062,#8063);
#8062 = CARTESIAN_POINT('',(0.,0.));
#8063 = VECTOR('',#8064,1.);
#8064 = DIRECTION('',(1.,0.));
#8065 = ( GEOMETRIC_REPRESENTATION_CONTEXT(2) 
PARAMETRIC_REPRESENTATION_CONTEXT() REPRESENTATION_CONTEXT('2D SPACE',''
  ) );
#8066 = PCURVE('',#8067,#8072);
#8067 = PLANE('',#8068);
#8068 = AXIS2_PLACEMENT_3D('',#8069,#8070,#8071);
#8069 = CARTESIAN_POINT('',(-21.19774540445,-28.78746410797,29.));
#8070 = DIRECTION('',(0.,0.,1.));
#8071 = DIRECTION('',(1.,0.,0.));
#8072 = DEFINITIONAL_REPRESENTATION('',(#8073),#8077);
#8073 = CIRCLE('',#8074,0.25);
#8074 = AXIS2_PLACEMENT_2D('',#8075,#8076);
#8075 = CARTESIAN_POINT('',(0.,0.));
#8076 = DIRECTION('',(1.,0.));
#8077 = ( GEOMETRIC_REPRESENTATION_CONTEXT(2) 
PARAMETRIC_REPRESENTATION_CONTEXT() REPRESENTATION_CONTEXT('2D SPACE',''
  ) );
#8078 = ORIENTED_EDGE('',*,*,#8029,.T.);
#8079 = ADVANCED_FACE('',(#8080),#8017,.T.);
#8080 = FACE_BOUND('',#8081,.T.);
#8081 = EDGE_LOOP('',(#8082));
#8082 = ORIENTED_EDGE('',*,*,#7995,.T.);
#8083 = ADVANCED_FACE('',(#8084),#8067,.F.);
#8084 = FACE_BOUND('',#8085,.T.);
#8085 = EDGE_LOOP('',(#8086));
#8086 = ORIENTED_EDGE('',*,*,#8052,.F.);
#8087 = MANIFOLD_SOLID_BREP('',#8088);
#8088 = CLOSED_SHELL('',(#8089,#8177,#8181));
#8089 = ADVANCED_FACE('',(#8090),#8103,.T.);
#8090 = FACE_BOUND('',#8091,.T.);
#8091 = EDGE_LOOP('',(#8092,#8126,#8149,#8176));
#8092 = ORIENTED_EDGE('',*,*,#8093,.F.);
#8093 = EDGE_CURVE('',#8094,#8094,#8096,.T.);
#8094 = VERTEX_POINT('',#8095);
#8095 = CARTESIAN_POINT('',(-24.70230337639,-25.60166120024,65.));
#8096 = SURFACE_CURVE('',#8097,(#8102,#8114),.PCURVE_S1.);
#8097 = CIRCLE('',#8098,0.25);
#8098 = AXIS2_PLACEMENT_3D('',#8099,#8100,#8101);
#8099 = CARTESIAN_POINT('',(-24.95230337639,-25.60166120024,65.));
#8100 = DIRECTION('',(0.,0.,1.));
#8101 = DIRECTION('',(1.,0.,0.));
#8102 = PCURVE('',#8103,#8108);
#8103 = CYLINDRICAL_SURFACE('',#8104,0.25);
#8104 = AXIS2_PLACEMENT_3D('',#8105,#8106,#8107);
#8105 = CARTESIAN_POINT('',(-24.95230337639,-25.60166120024,29.));
#8106 = DIRECTION('',(0.,0.,1.));
#8107 = DIRECTION('',(1.,0.,0.));
#8108 = DEFINITIONAL_REPRESENTATION('',(#8109),#8113);
#8109 = LINE('',#8110,#8111);
#8110 = CARTESIAN_POINT('',(0.,36.));
#8111 = VECTOR('',#8112,1.);
#8112 = DIRECTION('',(1.,0.));
#8113 = ( GEOMETRIC_REPRESENTATION_CONTEXT(2) 
PARAMETRIC_REPRESENTATION_CONTEXT() REPRESENTATION_CONTEXT('2D SPACE',''
  ) );
#8114 = PCURVE('',#8115,#8120);
#8115 = PLANE('',#8116);
#8116 = AXIS2_PLACEMENT_3D('',#8117,#8118,#8119);
#8117 = CARTESIAN_POINT('',(-24.95230337639,-25.60166120024,65.));
#8118 = DIRECTION('',(0.,0.,1.));
#8119 = DIRECTION('',(1.,0.,0.));
#8120 = DEFINITIONAL_REPRESENTATION('',(#8121),#8125);
#8121 = CIRCLE('',#8122,0.25);
#8122 = AXIS2_PLACEMENT_2D('',#8123,#8124);
#8123 = CARTESIAN_POINT('',(0.,0.));
#8124 = DIRECTION('',(1.,0.));
#8125 = ( GEOMETRIC_REPRESENTATION_CONTEXT(2) 
PARAMETRIC_REPRESENTATION_CONTEXT() REPRESENTATION_CONTEXT('2D SPACE',''
  ) );
#8126 = ORIENTED_EDGE('',*,*,#8127,.F.);
#8127 = EDGE_CURVE('',#8128,#8094,#8130,.T.);
#8128 = VERTEX_POINT('',#8129);
#8129 = CARTESIAN_POINT('',(-24.70230337639,-25.60166120024,29.));
#8130 = SEAM_CURVE('',#8131,(#8135,#8142),.PCURVE_S1.);
#8131 = LINE('',#8132,#8133);
#8132 = CARTESIAN_POINT('',(-24.70230337639,-25.60166120024,29.));
#8133 = VECTOR('',#8134,1.);
#8134 = DIRECTION('',(0.,0.,1.));
#8135 = PCURVE('',#8103,#8136);
#8136 = DEFINITIONAL_REPRESENTATION('',(#8137),#8141);
#8137 = LINE('',#8138,#8139);
#8138 = CARTESIAN_POINT('',(6.28318530718,-0.));
#8139 = VECTOR('',#8140,1.);
#8140 = DIRECTION('',(0.,1.));
#8141 = ( GEOMETRIC_REPRESENTATION_CONTEXT(2) 
PARAMETRIC_REPRESENTATION_CONTEXT() REPRESENTATION_CONTEXT('2D SPACE',''
  ) );
#8142 = PCURVE('',#8103,#8143);
#8143 = DEFINITIONAL_REPRESENTATION('',(#8144),#8148);
#8144 = LINE('',#8145,#8146);
#8145 = CARTESIAN_POINT('',(0.,-0.));
#8146 = VECTOR('',#8147,1.);
#8147 = DIRECTION('',(0.,1.));
#8148 = ( GEOMETRIC_REPRESENTATION_CONTEXT(2) 
PARAMETRIC_REPRESENTATION_CONTEXT() REPRESENTATION_CONTEXT('2D SPACE',''
  ) );
#8149 = ORIENTED_EDGE('',*,*,#8150,.T.);
#8150 = EDGE_CURVE('',#8128,#8128,#8151,.T.);
#8151 = SURFACE_CURVE('',#8152,(#8157,#8164),.PCURVE_S1.);
#8152 = CIRCLE('',#8153,0.25);
#8153 = AXIS2_PLACEMENT_3D('',#8154,#8155,#8156);
#8154 = CARTESIAN_POINT('',(-24.95230337639,-25.60166120024,29.));
#8155 = DIRECTION('',(0.,0.,1.));
#8156 = DIRECTION('',(1.,0.,0.));
#8157 = PCURVE('',#8103,#8158);
#8158 = DEFINITIONAL_REPRESENTATION('',(#8159),#8163);
#8159 = LINE('',#8160,#8161);
#8160 = CARTESIAN_POINT('',(0.,0.));
#8161 = VECTOR('',#8162,1.);
#8162 = DIRECTION('',(1.,0.));
#8163 = ( GEOMETRIC_REPRESENTATION_CONTEXT(2) 
PARAMETRIC_REPRESENTATION_CONTEXT() REPRESENTATION_CONTEXT('2D SPACE',''
  ) );
#8164 = PCURVE('',#8165,#8170);
#8165 = PLANE('',#8166);
#8166 = AXIS2_PLACEMENT_3D('',#8167,#8168,#8169);
#8167 = CARTESIAN_POINT('',(-24.95230337639,-25.60166120024,29.));
#8168 = DIRECTION('',(0.,0.,1.));
#8169 = DIRECTION('',(1.,0.,0.));
#8170 = DEFINITIONAL_REPRESENTATION('',(#8171),#8175);
#8171 = CIRCLE('',#8172,0.25);
#8172 = AXIS2_PLACEMENT_2D('',#8173,#8174);
#8173 = CARTESIAN_POINT('',(0.,0.));
#8174 = DIRECTION('',(1.,0.));
#8175 = ( GEOMETRIC_REPRESENTATION_CONTEXT(2) 
PARAMETRIC_REPRESENTATION_CONTEXT() REPRESENTATION_CONTEXT('2D SPACE',''
  ) );
#8176 = ORIENTED_EDGE('',*,*,#8127,.T.);
#8177 = ADVANCED_FACE('',(#8178),#8115,.T.);
#8178 = FACE_BOUND('',#8179,.T.);
#8179 = EDGE_LOOP('',(#8180));
#8180 = ORIENTED_EDGE('',*,*,#8093,.T.);
#8181 = ADVANCED_FACE('',(#8182),#8165,.F.);
#8182 = FACE_BOUND('',#8183,.T.);
#8183 = EDGE_LOOP('',(#8184));
#8184 = ORIENTED_EDGE('',*,*,#8150,.F.);
#8185 = MANIFOLD_SOLID_BREP('',#8186);
#8186 = CLOSED_SHELL('',(#8187,#8275,#8279));
#8187 = ADVANCED_FACE('',(#8188),#8201,.T.);
#8188 = FACE_BOUND('',#8189,.T.);
#8189 = EDGE_LOOP('',(#8190,#8224,#8247,#8274));
#8190 = ORIENTED_EDGE('',*,*,#8191,.F.);
#8191 = EDGE_CURVE('',#8192,#8192,#8194,.T.);
#8192 = VERTEX_POINT('',#8193);
#8193 = CARTESIAN_POINT('',(-27.98349272295,-21.93017073947,65.));
#8194 = SURFACE_CURVE('',#8195,(#8200,#8212),.PCURVE_S1.);
#8195 = CIRCLE('',#8196,0.25);
#8196 = AXIS2_PLACEMENT_3D('',#8197,#8198,#8199);
#8197 = CARTESIAN_POINT('',(-28.23349272295,-21.93017073947,65.));
#8198 = DIRECTION('',(0.,0.,1.));
#8199 = DIRECTION('',(1.,0.,0.));
#8200 = PCURVE('',#8201,#8206);
#8201 = CYLINDRICAL_SURFACE('',#8202,0.25);
#8202 = AXIS2_PLACEMENT_3D('',#8203,#8204,#8205);
#8203 = CARTESIAN_POINT('',(-28.23349272295,-21.93017073947,29.));
#8204 = DIRECTION('',(0.,0.,1.));
#8205 = DIRECTION('',(1.,0.,0.));
#8206 = DEFINITIONAL_REPRESENTATION('',(#8207),#8211);
#8207 = LINE('',#8208,#8209);
#8208 = CARTESIAN_POINT('',(0.,36.));
#8209 = VECTOR('',#8210,1.);
#8210 = DIRECTION('',(1.,0.));
#8211 = ( GEOMETRIC_REPRESENTATION_CONTEXT(2) 
PARAMETRIC_REPRESENTATION_CONTEXT() REPRESENTATION_CONTEXT('2D SPACE',''
  ) );
#8212 = PCURVE('',#8213,#8218);
#8213 = PLANE('',#8214);
#8214 = AXIS2_PLACEMENT_3D('',#8215,#8216,#8217);
#8215 = CARTESIAN_POINT('',(-28.23349272295,-21.93017073947,65.));
#8216 = DIRECTION('',(0.,0.,1.));
#8217 = DIRECTION('',(1.,0.,0.));
#8218 = DEFINITIONAL_REPRESENTATION('',(#8219),#8223);
#8219 = CIRCLE('',#8220,0.25);
#8220 = AXIS2_PLACEMENT_2D('',#8221,#8222);
#8221 = CARTESIAN_POINT('',(0.,0.));
#8222 = DIRECTION('',(1.,0.));
#8223 = ( GEOMETRIC_REPRESENTATION_CONTEXT(2) 
PARAMETRIC_REPRESENTATION_CONTEXT() REPRESENTATION_CONTEXT('2D SPACE',''
  ) );
#8224 = ORIENTED_EDGE('',*,*,#8225,.F.);
#8225 = EDGE_CURVE('',#8226,#8192,#8228,.T.);
#8226 = VERTEX_POINT('',#8227);
#8227 = CARTESIAN_POINT('',(-27.98349272295,-21.93017073947,29.));
#8228 = SEAM_CURVE('',#8229,(#8233,#8240),.PCURVE_S1.);
#8229 = LINE('',#8230,#8231);
#8230 = CARTESIAN_POINT('',(-27.98349272295,-21.93017073947,29.));
#8231 = VECTOR('',#8232,1.);
#8232 = DIRECTION('',(0.,0.,1.));
#8233 = PCURVE('',#8201,#8234);
#8234 = DEFINITIONAL_REPRESENTATION('',(#8235),#8239);
#8235 = LINE('',#8236,#8237);
#8236 = CARTESIAN_POINT('',(6.28318530718,-0.));
#8237 = VECTOR('',#8238,1.);
#8238 = DIRECTION('',(0.,1.));
#8239 = ( GEOMETRIC_REPRESENTATION_CONTEXT(2) 
PARAMETRIC_REPRESENTATION_CONTEXT() REPRESENTATION_CONTEXT('2D SPACE',''
  ) );
#8240 = PCURVE('',#8201,#8241);
#8241 = DEFINITIONAL_REPRESENTATION('',(#8242),#8246);
#8242 = LINE('',#8243,#8244);
#8243 = CARTESIAN_POINT('',(0.,-0.));
#8244 = VECTOR('',#8245,1.);
#8245 = DIRECTION('',(0.,1.));
#8246 = ( GEOMETRIC_REPRESENTATION_CONTEXT(2) 
PARAMETRIC_REPRESENTATION_CONTEXT() REPRESENTATION_CONTEXT('2D SPACE',''
  ) );
#8247 = ORIENTED_EDGE('',*,*,#8248,.T.);
#8248 = EDGE_CURVE('',#8226,#8226,#8249,.T.);
#8249 = SURFACE_CURVE('',#8250,(#8255,#8262),.PCURVE_S1.);
#8250 = CIRCLE('',#8251,0.25);
#8251 = AXIS2_PLACEMENT_3D('',#8252,#8253,#8254);
#8252 = CARTESIAN_POINT('',(-28.23349272295,-21.93017073947,29.));
#8253 = DIRECTION('',(0.,0.,1.));
#8254 = DIRECTION('',(1.,0.,0.));
#8255 = PCURVE('',#8201,#8256);
#8256 = DEFINITIONAL_REPRESENTATION('',(#8257),#8261);
#8257 = LINE('',#8258,#8259);
#8258 = CARTESIAN_POINT('',(0.,0.));
#8259 = VECTOR('',#8260,1.);
#8260 = DIRECTION('',(1.,0.));
#8261 = ( GEOMETRIC_REPRESENTATION_CONTEXT(2) 
PARAMETRIC_REPRESENTATION_CONTEXT() REPRESENTATION_CONTEXT('2D SPACE',''
  ) );
#8262 = PCURVE('',#8263,#8268);
#8263 = PLANE('',#8264);
#8264 = AXIS2_PLACEMENT_3D('',#8265,#8266,#8267);
#8265 = CARTESIAN_POINT('',(-28.23349272295,-21.93017073947,29.));
#8266 = DIRECTION('',(0.,0.,1.));
#8267 = DIRECTION('',(1.,0.,0.));
#8268 = DEFINITIONAL_REPRESENTATION('',(#8269),#8273);
#8269 = CIRCLE('',#8270,0.25);
#8270 = AXIS2_PLACEMENT_2D('',#8271,#8272);
#8271 = CARTESIAN_POINT('',(0.,0.));
#8272 = DIRECTION('',(1.,0.));
#8273 = ( GEOMETRIC_REPRESENTATION_CONTEXT(2) 
PARAMETRIC_REPRESENTATION_CONTEXT() REPRESENTATION_CONTEXT('2D SPACE',''
  ) );
#8274 = ORIENTED_EDGE('',*,*,#8225,.T.);
#8275 = ADVANCED_FACE('',(#8276),#8213,.T.);
#8276 = FACE_BOUND('',#8277,.T.);
#8277 = EDGE_LOOP('',(#8278));
#8278 = ORIENTED_EDGE('',*,*,#8191,.T.);
#8279 = ADVANCED_FACE('',(#8280),#8263,.F.);
#8280 = FACE_BOUND('',#8281,.T.);
#8281 = EDGE_LOOP('',(#8282));
#8282 = ORIENTED_EDGE('',*,*,#8248,.F.);
#8283 = MANIFOLD_SOLID_BREP('',#8284);
#8284 = CLOSED_SHELL('',(#8285,#8373,#8377));
#8285 = ADVANCED_FACE('',(#8286),#8299,.T.);
#8286 = FACE_BOUND('',#8287,.T.);
#8287 = EDGE_LOOP('',(#8288,#8322,#8345,#8372));
#8288 = ORIENTED_EDGE('',*,*,#8289,.F.);
#8289 = EDGE_CURVE('',#8290,#8290,#8292,.T.);
#8290 = VERTEX_POINT('',#8291);
#8291 = CARTESIAN_POINT('',(-30.72906620118,-17.84264434725,65.));
#8292 = SURFACE_CURVE('',#8293,(#8298,#8310),.PCURVE_S1.);
#8293 = CIRCLE('',#8294,0.25);
#8294 = AXIS2_PLACEMENT_3D('',#8295,#8296,#8297);
#8295 = CARTESIAN_POINT('',(-30.97906620118,-17.84264434725,65.));
#8296 = DIRECTION('',(0.,0.,1.));
#8297 = DIRECTION('',(1.,0.,0.));
#8298 = PCURVE('',#8299,#8304);
#8299 = CYLINDRICAL_SURFACE('',#8300,0.25);
#8300 = AXIS2_PLACEMENT_3D('',#8301,#8302,#8303);
#8301 = CARTESIAN_POINT('',(-30.97906620118,-17.84264434725,29.));
#8302 = DIRECTION('',(0.,0.,1.));
#8303 = DIRECTION('',(1.,0.,0.));
#8304 = DEFINITIONAL_REPRESENTATION('',(#8305),#8309);
#8305 = LINE('',#8306,#8307);
#8306 = CARTESIAN_POINT('',(0.,36.));
#8307 = VECTOR('',#8308,1.);
#8308 = DIRECTION('',(1.,0.));
#8309 = ( GEOMETRIC_REPRESENTATION_CONTEXT(2) 
PARAMETRIC_REPRESENTATION_CONTEXT() REPRESENTATION_CONTEXT('2D SPACE',''
  ) );
#8310 = PCURVE('',#8311,#8316);
#8311 = PLANE('',#8312);
#8312 = AXIS2_PLACEMENT_3D('',#8313,#8314,#8315);
#8313 = CARTESIAN_POINT('',(-30.97906620118,-17.84264434725,65.));
#8314 = DIRECTION('',(0.,0.,1.));
#8315 = DIRECTION('',(1.,0.,0.));
#8316 = DEFINITIONAL_REPRESENTATION('',(#8317),#8321);
#8317 = CIRCLE('',#8318,0.25);
#8318 = AXIS2_PLACEMENT_2D('',#8319,#8320);
#8319 = CARTESIAN_POINT('',(0.,0.));
#8320 = DIRECTION('',(1.,0.));
#8321 = ( GEOMETRIC_REPRESENTATION_CONTEXT(2) 
PARAMETRIC_REPRESENTATION_CONTEXT() REPRESENTATION_CONTEXT('2D SPACE',''
  ) );
#8322 = ORIENTED_EDGE('',*,*,#8323,.F.);
#8323 = EDGE_CURVE('',#8324,#8290,#8326,.T.);
#8324 = VERTEX_POINT('',#8325);
#8325 = CARTESIAN_POINT('',(-30.72906620118,-17.84264434725,29.));
#8326 = SEAM_CURVE('',#8327,(#8331,#8338),.PCURVE_S1.);
#8327 = LINE('',#8328,#8329);
#8328 = CARTESIAN_POINT('',(-30.72906620118,-17.84264434725,29.));
#8329 = VECTOR('',#8330,1.);
#8330 = DIRECTION('',(0.,0.,1.));
#8331 = PCURVE('',#8299,#8332);
#8332 = DEFINITIONAL_REPRESENTATION('',(#8333),#8337);
#8333 = LINE('',#8334,#8335);
#8334 = CARTESIAN_POINT('',(6.28318530718,-0.));
#8335 = VECTOR('',#8336,1.);
#8336 = DIRECTION('',(0.,1.));
#8337 = ( GEOMETRIC_REPRESENTATION_CONTEXT(2) 
PARAMETRIC_REPRESENTATION_CONTEXT() REPRESENTATION_CONTEXT('2D SPACE',''
  ) );
#8338 = PCURVE('',#8299,#8339);
#8339 = DEFINITIONAL_REPRESENTATION('',(#8340),#8344);
#8340 = LINE('',#8341,#8342);
#8341 = CARTESIAN_POINT('',(0.,-0.));
#8342 = VECTOR('',#8343,1.);
#8343 = DIRECTION('',(0.,1.));
#8344 = ( GEOMETRIC_REPRESENTATION_CONTEXT(2) 
PARAMETRIC_REPRESENTATION_CONTEXT() REPRESENTATION_CONTEXT('2D SPACE',''
  ) );
#8345 = ORIENTED_EDGE('',*,*,#8346,.T.);
#8346 = EDGE_CURVE('',#8324,#8324,#8347,.T.);
#8347 = SURFACE_CURVE('',#8348,(#8353,#8360),.PCURVE_S1.);
#8348 = CIRCLE('',#8349,0.25);
#8349 = AXIS2_PLACEMENT_3D('',#8350,#8351,#8352);
#8350 = CARTESIAN_POINT('',(-30.97906620118,-17.84264434725,29.));
#8351 = DIRECTION('',(0.,0.,1.));
#8352 = DIRECTION('',(1.,0.,0.));
#8353 = PCURVE('',#8299,#8354);
#8354 = DEFINITIONAL_REPRESENTATION('',(#8355),#8359);
#8355 = LINE('',#8356,#8357);
#8356 = CARTESIAN_POINT('',(0.,0.));
#8357 = VECTOR('',#8358,1.);
#8358 = DIRECTION('',(1.,0.));
#8359 = ( GEOMETRIC_REPRESENTATION_CONTEXT(2) 
PARAMETRIC_REPRESENTATION_CONTEXT() REPRESENTATION_CONTEXT('2D SPACE',''
  ) );
#8360 = PCURVE('',#8361,#8366);
#8361 = PLANE('',#8362);
#8362 = AXIS2_PLACEMENT_3D('',#8363,#8364,#8365);
#8363 = CARTESIAN_POINT('',(-30.97906620118,-17.84264434725,29.));
#8364 = DIRECTION('',(0.,0.,1.));
#8365 = DIRECTION('',(1.,0.,0.));
#8366 = DEFINITIONAL_REPRESENTATION('',(#8367),#8371);
#8367 = CIRCLE('',#8368,0.25);
#8368 = AXIS2_PLACEMENT_2D('',#8369,#8370);
#8369 = CARTESIAN_POINT('',(0.,0.));
#8370 = DIRECTION('',(1.,0.));
#8371 = ( GEOMETRIC_REPRESENTATION_CONTEXT(2) 
PARAMETRIC_REPRESENTATION_CONTEXT() REPRESENTATION_CONTEXT('2D SPACE',''
  ) );
#8372 = ORIENTED_EDGE('',*,*,#8323,.T.);
#8373 = ADVANCED_FACE('',(#8374),#8311,.T.);
#8374 = FACE_BOUND('',#8375,.T.);
#8375 = EDGE_LOOP('',(#8376));
#8376 = ORIENTED_EDGE('',*,*,#8289,.T.);
#8377 = ADVANCED_FACE('',(#8378),#8361,.F.);
#8378 = FACE_BOUND('',#8379,.T.);
#8379 = EDGE_LOOP('',(#8380));
#8380 = ORIENTED_EDGE('',*,*,#8346,.F.);
#8381 = MANIFOLD_SOLID_BREP('',#8382);
#8382 = CLOSED_SHELL('',(#8383,#8471,#8475));
#8383 = ADVANCED_FACE('',(#8384),#8397,.T.);
#8384 = FACE_BOUND('',#8385,.T.);
#8385 = EDGE_LOOP('',(#8386,#8420,#8443,#8470));
#8386 = ORIENTED_EDGE('',*,*,#8387,.F.);
#8387 = EDGE_CURVE('',#8388,#8388,#8390,.T.);
#8388 = VERTEX_POINT('',#8389);
#8389 = CARTESIAN_POINT('',(-32.88693770409,-13.41662623743,72.25));
#8390 = SURFACE_CURVE('',#8391,(#8396,#8408),.PCURVE_S1.);
#8391 = CIRCLE('',#8392,0.25);
#8392 = AXIS2_PLACEMENT_3D('',#8393,#8394,#8395);
#8393 = CARTESIAN_POINT('',(-33.13693770409,-13.41662623743,72.25));
#8394 = DIRECTION('',(0.,0.,1.));
#8395 = DIRECTION('',(1.,0.,0.));
#8396 = PCURVE('',#8397,#8402);
#8397 = CYLINDRICAL_SURFACE('',#8398,0.25);
#8398 = AXIS2_PLACEMENT_3D('',#8399,#8400,#8401);
#8399 = CARTESIAN_POINT('',(-33.13693770409,-13.41662623743,36.25));
#8400 = DIRECTION('',(0.,0.,1.));
#8401 = DIRECTION('',(1.,0.,0.));
#8402 = DEFINITIONAL_REPRESENTATION('',(#8403),#8407);
#8403 = LINE('',#8404,#8405);
#8404 = CARTESIAN_POINT('',(0.,36.));
#8405 = VECTOR('',#8406,1.);
#8406 = DIRECTION('',(1.,0.));
#8407 = ( GEOMETRIC_REPRESENTATION_CONTEXT(2) 
PARAMETRIC_REPRESENTATION_CONTEXT() REPRESENTATION_CONTEXT('2D SPACE',''
  ) );
#8408 = PCURVE('',#8409,#8414);
#8409 = PLANE('',#8410);
#8410 = AXIS2_PLACEMENT_3D('',#8411,#8412,#8413);
#8411 = CARTESIAN_POINT('',(-33.13693770409,-13.41662623743,72.25));
#8412 = DIRECTION('',(0.,0.,1.));
#8413 = DIRECTION('',(1.,0.,0.));
#8414 = DEFINITIONAL_REPRESENTATION('',(#8415),#8419);
#8415 = CIRCLE('',#8416,0.25);
#8416 = AXIS2_PLACEMENT_2D('',#8417,#8418);
#8417 = CARTESIAN_POINT('',(0.,0.));
#8418 = DIRECTION('',(1.,0.));
#8419 = ( GEOMETRIC_REPRESENTATION_CONTEXT(2) 
PARAMETRIC_REPRESENTATION_CONTEXT() REPRESENTATION_CONTEXT('2D SPACE',''
  ) );
#8420 = ORIENTED_EDGE('',*,*,#8421,.F.);
#8421 = EDGE_CURVE('',#8422,#8388,#8424,.T.);
#8422 = VERTEX_POINT('',#8423);
#8423 = CARTESIAN_POINT('',(-32.88693770409,-13.41662623743,36.25));
#8424 = SEAM_CURVE('',#8425,(#8429,#8436),.PCURVE_S1.);
#8425 = LINE('',#8426,#8427);
#8426 = CARTESIAN_POINT('',(-32.88693770409,-13.41662623743,36.25));
#8427 = VECTOR('',#8428,1.);
#8428 = DIRECTION('',(0.,0.,1.));
#8429 = PCURVE('',#8397,#8430);
#8430 = DEFINITIONAL_REPRESENTATION('',(#8431),#8435);
#8431 = LINE('',#8432,#8433);
#8432 = CARTESIAN_POINT('',(6.28318530718,-0.));
#8433 = VECTOR('',#8434,1.);
#8434 = DIRECTION('',(0.,1.));
#8435 = ( GEOMETRIC_REPRESENTATION_CONTEXT(2) 
PARAMETRIC_REPRESENTATION_CONTEXT() REPRESENTATION_CONTEXT('2D SPACE',''
  ) );
#8436 = PCURVE('',#8397,#8437);
#8437 = DEFINITIONAL_REPRESENTATION('',(#8438),#8442);
#8438 = LINE('',#8439,#8440);
#8439 = CARTESIAN_POINT('',(0.,-0.));
#8440 = VECTOR('',#8441,1.);
#8441 = DIRECTION('',(0.,1.));
#8442 = ( GEOMETRIC_REPRESENTATION_CONTEXT(2) 
PARAMETRIC_REPRESENTATION_CONTEXT() REPRESENTATION_CONTEXT('2D SPACE',''
  ) );
#8443 = ORIENTED_EDGE('',*,*,#8444,.T.);
#8444 = EDGE_CURVE('',#8422,#8422,#8445,.T.);
#8445 = SURFACE_CURVE('',#8446,(#8451,#8458),.PCURVE_S1.);
#8446 = CIRCLE('',#8447,0.25);
#8447 = AXIS2_PLACEMENT_3D('',#8448,#8449,#8450);
#8448 = CARTESIAN_POINT('',(-33.13693770409,-13.41662623743,36.25));
#8449 = DIRECTION('',(0.,0.,1.));
#8450 = DIRECTION('',(1.,0.,0.));
#8451 = PCURVE('',#8397,#8452);
#8452 = DEFINITIONAL_REPRESENTATION('',(#8453),#8457);
#8453 = LINE('',#8454,#8455);
#8454 = CARTESIAN_POINT('',(0.,0.));
#8455 = VECTOR('',#8456,1.);
#8456 = DIRECTION('',(1.,0.));
#8457 = ( GEOMETRIC_REPRESENTATION_CONTEXT(2) 
PARAMETRIC_REPRESENTATION_CONTEXT() REPRESENTATION_CONTEXT('2D SPACE',''
  ) );
#8458 = PCURVE('',#8459,#8464);
#8459 = PLANE('',#8460);
#8460 = AXIS2_PLACEMENT_3D('',#8461,#8462,#8463);
#8461 = CARTESIAN_POINT('',(-33.13693770409,-13.41662623743,36.25));
#8462 = DIRECTION('',(0.,0.,1.));
#8463 = DIRECTION('',(1.,0.,0.));
#8464 = DEFINITIONAL_REPRESENTATION('',(#8465),#8469);
#8465 = CIRCLE('',#8466,0.25);
#8466 = AXIS2_PLACEMENT_2D('',#8467,#8468);
#8467 = CARTESIAN_POINT('',(0.,0.));
#8468 = DIRECTION('',(1.,0.));
#8469 = ( GEOMETRIC_REPRESENTATION_CONTEXT(2) 
PARAMETRIC_REPRESENTATION_CONTEXT() REPRESENTATION_CONTEXT('2D SPACE',''
  ) );
#8470 = ORIENTED_EDGE('',*,*,#8421,.T.);
#8471 = ADVANCED_FACE('',(#8472),#8409,.T.);
#8472 = FACE_BOUND('',#8473,.T.);
#8473 = EDGE_LOOP('',(#8474));
#8474 = ORIENTED_EDGE('',*,*,#8387,.T.);
#8475 = ADVANCED_FACE('',(#8476),#8459,.F.);
#8476 = FACE_BOUND('',#8477,.T.);
#8477 = EDGE_LOOP('',(#8478));
#8478 = ORIENTED_EDGE('',*,*,#8444,.F.);
#8479 = MANIFOLD_SOLID_BREP('',#8480);
#8480 = CLOSED_SHELL('',(#8481,#8569,#8573));
#8481 = ADVANCED_FACE('',(#8482),#8495,.T.);
#8482 = FACE_BOUND('',#8483,.T.);
#8483 = EDGE_LOOP('',(#8484,#8518,#8541,#8568));
#8484 = ORIENTED_EDGE('',*,*,#8485,.F.);
#8485 = EDGE_CURVE('',#8486,#8486,#8488,.T.);
#8486 = VERTEX_POINT('',#8487);
#8487 = CARTESIAN_POINT('',(-34.41617038302,-8.736082129614,72.25));
#8488 = SURFACE_CURVE('',#8489,(#8494,#8506),.PCURVE_S1.);
#8489 = CIRCLE('',#8490,0.25);
#8490 = AXIS2_PLACEMENT_3D('',#8491,#8492,#8493);
#8491 = CARTESIAN_POINT('',(-34.66617038302,-8.736082129614,72.25));
#8492 = DIRECTION('',(0.,0.,1.));
#8493 = DIRECTION('',(1.,0.,0.));
#8494 = PCURVE('',#8495,#8500);
#8495 = CYLINDRICAL_SURFACE('',#8496,0.25);
#8496 = AXIS2_PLACEMENT_3D('',#8497,#8498,#8499);
#8497 = CARTESIAN_POINT('',(-34.66617038302,-8.736082129614,36.25));
#8498 = DIRECTION('',(0.,0.,1.));
#8499 = DIRECTION('',(1.,0.,0.));
#8500 = DEFINITIONAL_REPRESENTATION('',(#8501),#8505);
#8501 = LINE('',#8502,#8503);
#8502 = CARTESIAN_POINT('',(0.,36.));
#8503 = VECTOR('',#8504,1.);
#8504 = DIRECTION('',(1.,0.));
#8505 = ( GEOMETRIC_REPRESENTATION_CONTEXT(2) 
PARAMETRIC_REPRESENTATION_CONTEXT() REPRESENTATION_CONTEXT('2D SPACE',''
  ) );
#8506 = PCURVE('',#8507,#8512);
#8507 = PLANE('',#8508);
#8508 = AXIS2_PLACEMENT_3D('',#8509,#8510,#8511);
#8509 = CARTESIAN_POINT('',(-34.66617038302,-8.736082129614,72.25));
#8510 = DIRECTION('',(0.,0.,1.));
#8511 = DIRECTION('',(1.,0.,0.));
#8512 = DEFINITIONAL_REPRESENTATION('',(#8513),#8517);
#8513 = CIRCLE('',#8514,0.25);
#8514 = AXIS2_PLACEMENT_2D('',#8515,#8516);
#8515 = CARTESIAN_POINT('',(0.,0.));
#8516 = DIRECTION('',(1.,0.));
#8517 = ( GEOMETRIC_REPRESENTATION_CONTEXT(2) 
PARAMETRIC_REPRESENTATION_CONTEXT() REPRESENTATION_CONTEXT('2D SPACE',''
  ) );
#8518 = ORIENTED_EDGE('',*,*,#8519,.F.);
#8519 = EDGE_CURVE('',#8520,#8486,#8522,.T.);
#8520 = VERTEX_POINT('',#8521);
#8521 = CARTESIAN_POINT('',(-34.41617038302,-8.736082129614,36.25));
#8522 = SEAM_CURVE('',#8523,(#8527,#8534),.PCURVE_S1.);
#8523 = LINE('',#8524,#8525);
#8524 = CARTESIAN_POINT('',(-34.41617038302,-8.736082129614,36.25));
#8525 = VECTOR('',#8526,1.);
#8526 = DIRECTION('',(0.,0.,1.));
#8527 = PCURVE('',#8495,#8528);
#8528 = DEFINITIONAL_REPRESENTATION('',(#8529),#8533);
#8529 = LINE('',#8530,#8531);
#8530 = CARTESIAN_POINT('',(6.28318530718,-0.));
#8531 = VECTOR('',#8532,1.);
#8532 = DIRECTION('',(0.,1.));
#8533 = ( GEOMETRIC_REPRESENTATION_CONTEXT(2) 
PARAMETRIC_REPRESENTATION_CONTEXT() REPRESENTATION_CONTEXT('2D SPACE',''
  ) );
#8534 = PCURVE('',#8495,#8535);
#8535 = DEFINITIONAL_REPRESENTATION('',(#8536),#8540);
#8536 = LINE('',#8537,#8538);
#8537 = CARTESIAN_POINT('',(0.,-0.));
#8538 = VECTOR('',#8539,1.);
#8539 = DIRECTION('',(0.,1.));
#8540 = ( GEOMETRIC_REPRESENTATION_CONTEXT(2) 
PARAMETRIC_REPRESENTATION_CONTEXT() REPRESENTATION_CONTEXT('2D SPACE',''
  ) );
#8541 = ORIENTED_EDGE('',*,*,#8542,.T.);
#8542 = EDGE_CURVE('',#8520,#8520,#8543,.T.);
#8543 = SURFACE_CURVE('',#8544,(#8549,#8556),.PCURVE_S1.);
#8544 = CIRCLE('',#8545,0.25);
#8545 = AXIS2_PLACEMENT_3D('',#8546,#8547,#8548);
#8546 = CARTESIAN_POINT('',(-34.66617038302,-8.736082129614,36.25));
#8547 = DIRECTION('',(0.,0.,1.));
#8548 = DIRECTION('',(1.,0.,0.));
#8549 = PCURVE('',#8495,#8550);
#8550 = DEFINITIONAL_REPRESENTATION('',(#8551),#8555);
#8551 = LINE('',#8552,#8553);
#8552 = CARTESIAN_POINT('',(0.,0.));
#8553 = VECTOR('',#8554,1.);
#8554 = DIRECTION('',(1.,0.));
#8555 = ( GEOMETRIC_REPRESENTATION_CONTEXT(2) 
PARAMETRIC_REPRESENTATION_CONTEXT() REPRESENTATION_CONTEXT('2D SPACE',''
  ) );
#8556 = PCURVE('',#8557,#8562);
#8557 = PLANE('',#8558);
#8558 = AXIS2_PLACEMENT_3D('',#8559,#8560,#8561);
#8559 = CARTESIAN_POINT('',(-34.66617038302,-8.736082129614,36.25));
#8560 = DIRECTION('',(0.,0.,1.));
#8561 = DIRECTION('',(1.,0.,0.));
#8562 = DEFINITIONAL_REPRESENTATION('',(#8563),#8567);
#8563 = CIRCLE('',#8564,0.25);
#8564 = AXIS2_PLACEMENT_2D('',#8565,#8566);
#8565 = CARTESIAN_POINT('',(0.,0.));
#8566 = DIRECTION('',(1.,0.));
#8567 = ( GEOMETRIC_REPRESENTATION_CONTEXT(2) 
PARAMETRIC_REPRESENTATION_CONTEXT() REPRESENTATION_CONTEXT('2D SPACE',''
  ) );
#8568 = ORIENTED_EDGE('',*,*,#8519,.T.);
#8569 = ADVANCED_FACE('',(#8570),#8507,.T.);
#8570 = FACE_BOUND('',#8571,.T.);
#8571 = EDGE_LOOP('',(#8572));
#8572 = ORIENTED_EDGE('',*,*,#8485,.T.);
#8573 = ADVANCED_FACE('',(#8574),#8557,.F.);
#8574 = FACE_BOUND('',#8575,.T.);
#8575 = EDGE_LOOP('',(#8576));
#8576 = ORIENTED_EDGE('',*,*,#8542,.F.);
#8577 = MANIFOLD_SOLID_BREP('',#8578);
#8578 = CLOSED_SHELL('',(#8579,#8667,#8671));
#8579 = ADVANCED_FACE('',(#8580),#8593,.T.);
#8580 = FACE_BOUND('',#8581,.T.);
#8581 = EDGE_LOOP('',(#8582,#8616,#8639,#8666));
#8582 = ORIENTED_EDGE('',*,*,#8583,.F.);
#8583 = EDGE_CURVE('',#8584,#8584,#8586,.T.);
#8584 = VERTEX_POINT('',#8585);
#8585 = CARTESIAN_POINT('',(-35.28775325808,-3.889806340578,72.25));
#8586 = SURFACE_CURVE('',#8587,(#8592,#8604),.PCURVE_S1.);
#8587 = CIRCLE('',#8588,0.25);
#8588 = AXIS2_PLACEMENT_3D('',#8589,#8590,#8591);
#8589 = CARTESIAN_POINT('',(-35.53775325808,-3.889806340578,72.25));
#8590 = DIRECTION('',(0.,0.,1.));
#8591 = DIRECTION('',(1.,0.,0.));
#8592 = PCURVE('',#8593,#8598);
#8593 = CYLINDRICAL_SURFACE('',#8594,0.25);
#8594 = AXIS2_PLACEMENT_3D('',#8595,#8596,#8597);
#8595 = CARTESIAN_POINT('',(-35.53775325808,-3.889806340578,36.25));
#8596 = DIRECTION('',(0.,0.,1.));
#8597 = DIRECTION('',(1.,0.,0.));
#8598 = DEFINITIONAL_REPRESENTATION('',(#8599),#8603);
#8599 = LINE('',#8600,#8601);
#8600 = CARTESIAN_POINT('',(0.,36.));
#8601 = VECTOR('',#8602,1.);
#8602 = DIRECTION('',(1.,0.));
#8603 = ( GEOMETRIC_REPRESENTATION_CONTEXT(2) 
PARAMETRIC_REPRESENTATION_CONTEXT() REPRESENTATION_CONTEXT('2D SPACE',''
  ) );
#8604 = PCURVE('',#8605,#8610);
#8605 = PLANE('',#8606);
#8606 = AXIS2_PLACEMENT_3D('',#8607,#8608,#8609);
#8607 = CARTESIAN_POINT('',(-35.53775325808,-3.889806340578,72.25));
#8608 = DIRECTION('',(0.,0.,1.));
#8609 = DIRECTION('',(1.,0.,0.));
#8610 = DEFINITIONAL_REPRESENTATION('',(#8611),#8615);
#8611 = CIRCLE('',#8612,0.25);
#8612 = AXIS2_PLACEMENT_2D('',#8613,#8614);
#8613 = CARTESIAN_POINT('',(0.,0.));
#8614 = DIRECTION('',(1.,0.));
#8615 = ( GEOMETRIC_REPRESENTATION_CONTEXT(2) 
PARAMETRIC_REPRESENTATION_CONTEXT() REPRESENTATION_CONTEXT('2D SPACE',''
  ) );
#8616 = ORIENTED_EDGE('',*,*,#8617,.F.);
#8617 = EDGE_CURVE('',#8618,#8584,#8620,.T.);
#8618 = VERTEX_POINT('',#8619);
#8619 = CARTESIAN_POINT('',(-35.28775325808,-3.889806340578,36.25));
#8620 = SEAM_CURVE('',#8621,(#8625,#8632),.PCURVE_S1.);
#8621 = LINE('',#8622,#8623);
#8622 = CARTESIAN_POINT('',(-35.28775325808,-3.889806340578,36.25));
#8623 = VECTOR('',#8624,1.);
#8624 = DIRECTION('',(0.,0.,1.));
#8625 = PCURVE('',#8593,#8626);
#8626 = DEFINITIONAL_REPRESENTATION('',(#8627),#8631);
#8627 = LINE('',#8628,#8629);
#8628 = CARTESIAN_POINT('',(6.28318530718,-0.));
#8629 = VECTOR('',#8630,1.);
#8630 = DIRECTION('',(0.,1.));
#8631 = ( GEOMETRIC_REPRESENTATION_CONTEXT(2) 
PARAMETRIC_REPRESENTATION_CONTEXT() REPRESENTATION_CONTEXT('2D SPACE',''
  ) );
#8632 = PCURVE('',#8593,#8633);
#8633 = DEFINITIONAL_REPRESENTATION('',(#8634),#8638);
#8634 = LINE('',#8635,#8636);
#8635 = CARTESIAN_POINT('',(0.,-0.));
#8636 = VECTOR('',#8637,1.);
#8637 = DIRECTION('',(0.,1.));
#8638 = ( GEOMETRIC_REPRESENTATION_CONTEXT(2) 
PARAMETRIC_REPRESENTATION_CONTEXT() REPRESENTATION_CONTEXT('2D SPACE',''
  ) );
#8639 = ORIENTED_EDGE('',*,*,#8640,.T.);
#8640 = EDGE_CURVE('',#8618,#8618,#8641,.T.);
#8641 = SURFACE_CURVE('',#8642,(#8647,#8654),.PCURVE_S1.);
#8642 = CIRCLE('',#8643,0.25);
#8643 = AXIS2_PLACEMENT_3D('',#8644,#8645,#8646);
#8644 = CARTESIAN_POINT('',(-35.53775325808,-3.889806340578,36.25));
#8645 = DIRECTION('',(0.,0.,1.));
#8646 = DIRECTION('',(1.,0.,0.));
#8647 = PCURVE('',#8593,#8648);
#8648 = DEFINITIONAL_REPRESENTATION('',(#8649),#8653);
#8649 = LINE('',#8650,#8651);
#8650 = CARTESIAN_POINT('',(0.,0.));
#8651 = VECTOR('',#8652,1.);
#8652 = DIRECTION('',(1.,0.));
#8653 = ( GEOMETRIC_REPRESENTATION_CONTEXT(2) 
PARAMETRIC_REPRESENTATION_CONTEXT() REPRESENTATION_CONTEXT('2D SPACE',''
  ) );
#8654 = PCURVE('',#8655,#8660);
#8655 = PLANE('',#8656);
#8656 = AXIS2_PLACEMENT_3D('',#8657,#8658,#8659);
#8657 = CARTESIAN_POINT('',(-35.53775325808,-3.889806340578,36.25));
#8658 = DIRECTION('',(0.,0.,1.));
#8659 = DIRECTION('',(1.,0.,0.));
#8660 = DEFINITIONAL_REPRESENTATION('',(#8661),#8665);
#8661 = CIRCLE('',#8662,0.25);
#8662 = AXIS2_PLACEMENT_2D('',#8663,#8664);
#8663 = CARTESIAN_POINT('',(0.,0.));
#8664 = DIRECTION('',(1.,0.));
#8665 = ( GEOMETRIC_REPRESENTATION_CONTEXT(2) 
PARAMETRIC_REPRESENTATION_CONTEXT() REPRESENTATION_CONTEXT('2D SPACE',''
  ) );
#8666 = ORIENTED_EDGE('',*,*,#8617,.T.);
#8667 = ADVANCED_FACE('',(#8668),#8605,.T.);
#8668 = FACE_BOUND('',#8669,.T.);
#8669 = EDGE_LOOP('',(#8670));
#8670 = ORIENTED_EDGE('',*,*,#8583,.T.);
#8671 = ADVANCED_FACE('',(#8672),#8655,.F.);
#8672 = FACE_BOUND('',#8673,.T.);
#8673 = EDGE_LOOP('',(#8674));
#8674 = ORIENTED_EDGE('',*,*,#8640,.F.);
#8675 = MANIFOLD_SOLID_BREP('',#8676);
#8676 = CLOSED_SHELL('',(#8677,#8765,#8769));
#8677 = ADVANCED_FACE('',(#8678),#8691,.T.);
#8678 = FACE_BOUND('',#8679,.T.);
#8679 = EDGE_LOOP('',(#8680,#8714,#8737,#8764));
#8680 = ORIENTED_EDGE('',*,*,#8681,.F.);
#8681 = EDGE_CURVE('',#8682,#8682,#8684,.T.);
#8682 = VERTEX_POINT('',#8683);
#8683 = CARTESIAN_POINT('',(-35.48515158373,1.030262727285,72.25));
#8684 = SURFACE_CURVE('',#8685,(#8690,#8702),.PCURVE_S1.);
#8685 = CIRCLE('',#8686,0.25);
#8686 = AXIS2_PLACEMENT_3D('',#8687,#8688,#8689);
#8687 = CARTESIAN_POINT('',(-35.73515158373,1.030262727285,72.25));
#8688 = DIRECTION('',(0.,0.,1.));
#8689 = DIRECTION('',(1.,0.,0.));
#8690 = PCURVE('',#8691,#8696);
#8691 = CYLINDRICAL_SURFACE('',#8692,0.25);
#8692 = AXIS2_PLACEMENT_3D('',#8693,#8694,#8695);
#8693 = CARTESIAN_POINT('',(-35.73515158373,1.030262727285,36.25));
#8694 = DIRECTION('',(0.,0.,1.));
#8695 = DIRECTION('',(1.,0.,0.));
#8696 = DEFINITIONAL_REPRESENTATION('',(#8697),#8701);
#8697 = LINE('',#8698,#8699);
#8698 = CARTESIAN_POINT('',(0.,36.));
#8699 = VECTOR('',#8700,1.);
#8700 = DIRECTION('',(1.,0.));
#8701 = ( GEOMETRIC_REPRESENTATION_CONTEXT(2) 
PARAMETRIC_REPRESENTATION_CONTEXT() REPRESENTATION_CONTEXT('2D SPACE',''
  ) );
#8702 = PCURVE('',#8703,#8708);
#8703 = PLANE('',#8704);
#8704 = AXIS2_PLACEMENT_3D('',#8705,#8706,#8707);
#8705 = CARTESIAN_POINT('',(-35.73515158373,1.030262727285,72.25));
#8706 = DIRECTION('',(0.,0.,1.));
#8707 = DIRECTION('',(1.,0.,0.));
#8708 = DEFINITIONAL_REPRESENTATION('',(#8709),#8713);
#8709 = CIRCLE('',#8710,0.25);
#8710 = AXIS2_PLACEMENT_2D('',#8711,#8712);
#8711 = CARTESIAN_POINT('',(0.,0.));
#8712 = DIRECTION('',(1.,0.));
#8713 = ( GEOMETRIC_REPRESENTATION_CONTEXT(2) 
PARAMETRIC_REPRESENTATION_CONTEXT() REPRESENTATION_CONTEXT('2D SPACE',''
  ) );
#8714 = ORIENTED_EDGE('',*,*,#8715,.F.);
#8715 = EDGE_CURVE('',#8716,#8682,#8718,.T.);
#8716 = VERTEX_POINT('',#8717);
#8717 = CARTESIAN_POINT('',(-35.48515158373,1.030262727285,36.25));
#8718 = SEAM_CURVE('',#8719,(#8723,#8730),.PCURVE_S1.);
#8719 = LINE('',#8720,#8721);
#8720 = CARTESIAN_POINT('',(-35.48515158373,1.030262727285,36.25));
#8721 = VECTOR('',#8722,1.);
#8722 = DIRECTION('',(0.,0.,1.));
#8723 = PCURVE('',#8691,#8724);
#8724 = DEFINITIONAL_REPRESENTATION('',(#8725),#8729);
#8725 = LINE('',#8726,#8727);
#8726 = CARTESIAN_POINT('',(6.28318530718,-0.));
#8727 = VECTOR('',#8728,1.);
#8728 = DIRECTION('',(0.,1.));
#8729 = ( GEOMETRIC_REPRESENTATION_CONTEXT(2) 
PARAMETRIC_REPRESENTATION_CONTEXT() REPRESENTATION_CONTEXT('2D SPACE',''
  ) );
#8730 = PCURVE('',#8691,#8731);
#8731 = DEFINITIONAL_REPRESENTATION('',(#8732),#8736);
#8732 = LINE('',#8733,#8734);
#8733 = CARTESIAN_POINT('',(0.,-0.));
#8734 = VECTOR('',#8735,1.);
#8735 = DIRECTION('',(0.,1.));
#8736 = ( GEOMETRIC_REPRESENTATION_CONTEXT(2) 
PARAMETRIC_REPRESENTATION_CONTEXT() REPRESENTATION_CONTEXT('2D SPACE',''
  ) );
#8737 = ORIENTED_EDGE('',*,*,#8738,.T.);
#8738 = EDGE_CURVE('',#8716,#8716,#8739,.T.);
#8739 = SURFACE_CURVE('',#8740,(#8745,#8752),.PCURVE_S1.);
#8740 = CIRCLE('',#8741,0.25);
#8741 = AXIS2_PLACEMENT_3D('',#8742,#8743,#8744);
#8742 = CARTESIAN_POINT('',(-35.73515158373,1.030262727285,36.25));
#8743 = DIRECTION('',(0.,0.,1.));
#8744 = DIRECTION('',(1.,0.,0.));
#8745 = PCURVE('',#8691,#8746);
#8746 = DEFINITIONAL_REPRESENTATION('',(#8747),#8751);
#8747 = LINE('',#8748,#8749);
#8748 = CARTESIAN_POINT('',(0.,0.));
#8749 = VECTOR('',#8750,1.);
#8750 = DIRECTION('',(1.,0.));
#8751 = ( GEOMETRIC_REPRESENTATION_CONTEXT(2) 
PARAMETRIC_REPRESENTATION_CONTEXT() REPRESENTATION_CONTEXT('2D SPACE',''
  ) );
#8752 = PCURVE('',#8753,#8758);
#8753 = PLANE('',#8754);
#8754 = AXIS2_PLACEMENT_3D('',#8755,#8756,#8757);
#8755 = CARTESIAN_POINT('',(-35.73515158373,1.030262727285,36.25));
#8756 = DIRECTION('',(0.,0.,1.));
#8757 = DIRECTION('',(1.,0.,0.));
#8758 = DEFINITIONAL_REPRESENTATION('',(#8759),#8763);
#8759 = CIRCLE('',#8760,0.25);
#8760 = AXIS2_PLACEMENT_2D('',#8761,#8762);
#8761 = CARTESIAN_POINT('',(0.,0.));
#8762 = DIRECTION('',(1.,0.));
#8763 = ( GEOMETRIC_REPRESENTATION_CONTEXT(2) 
PARAMETRIC_REPRESENTATION_CONTEXT() REPRESENTATION_CONTEXT('2D SPACE',''
  ) );
#8764 = ORIENTED_EDGE('',*,*,#8715,.T.);
#8765 = ADVANCED_FACE('',(#8766),#8703,.T.);
#8766 = FACE_BOUND('',#8767,.T.);
#8767 = EDGE_LOOP('',(#8768));
#8768 = ORIENTED_EDGE('',*,*,#8681,.T.);
#8769 = ADVANCED_FACE('',(#8770),#8753,.F.);
#8770 = FACE_BOUND('',#8771,.T.);
#8771 = EDGE_LOOP('',(#8772));
#8772 = ORIENTED_EDGE('',*,*,#8738,.F.);
#8773 = MANIFOLD_SOLID_BREP('',#8774);
#8774 = CLOSED_SHELL('',(#8775,#8863,#8867));
#8775 = ADVANCED_FACE('',(#8776),#8789,.T.);
#8776 = FACE_BOUND('',#8777,.T.);
#8777 = EDGE_LOOP('',(#8778,#8812,#8835,#8862));
#8778 = ORIENTED_EDGE('',*,*,#8779,.F.);
#8779 = EDGE_CURVE('',#8780,#8780,#8782,.T.);
#8780 = VERTEX_POINT('',#8781);
#8781 = CARTESIAN_POINT('',(-35.00462052837,5.93078674379,79.5));
#8782 = SURFACE_CURVE('',#8783,(#8788,#8800),.PCURVE_S1.);
#8783 = CIRCLE('',#8784,0.25);
#8784 = AXIS2_PLACEMENT_3D('',#8785,#8786,#8787);
#8785 = CARTESIAN_POINT('',(-35.25462052837,5.93078674379,79.5));
#8786 = DIRECTION('',(0.,0.,1.));
#8787 = DIRECTION('',(1.,0.,0.));
#8788 = PCURVE('',#8789,#8794);
#8789 = CYLINDRICAL_SURFACE('',#8790,0.25);
#8790 = AXIS2_PLACEMENT_3D('',#8791,#8792,#8793);
#8791 = CARTESIAN_POINT('',(-35.25462052837,5.93078674379,43.5));
#8792 = DIRECTION('',(0.,0.,1.));
#8793 = DIRECTION('',(1.,0.,0.));
#8794 = DEFINITIONAL_REPRESENTATION('',(#8795),#8799);
#8795 = LINE('',#8796,#8797);
#8796 = CARTESIAN_POINT('',(0.,36.));
#8797 = VECTOR('',#8798,1.);
#8798 = DIRECTION('',(1.,0.));
#8799 = ( GEOMETRIC_REPRESENTATION_CONTEXT(2) 
PARAMETRIC_REPRESENTATION_CONTEXT() REPRESENTATION_CONTEXT('2D SPACE',''
  ) );
#8800 = PCURVE('',#8801,#8806);
#8801 = PLANE('',#8802);
#8802 = AXIS2_PLACEMENT_3D('',#8803,#8804,#8805);
#8803 = CARTESIAN_POINT('',(-35.25462052837,5.93078674379,79.5));
#8804 = DIRECTION('',(0.,0.,1.));
#8805 = DIRECTION('',(1.,0.,0.));
#8806 = DEFINITIONAL_REPRESENTATION('',(#8807),#8811);
#8807 = CIRCLE('',#8808,0.25);
#8808 = AXIS2_PLACEMENT_2D('',#8809,#8810);
#8809 = CARTESIAN_POINT('',(0.,0.));
#8810 = DIRECTION('',(1.,0.));
#8811 = ( GEOMETRIC_REPRESENTATION_CONTEXT(2) 
PARAMETRIC_REPRESENTATION_CONTEXT() REPRESENTATION_CONTEXT('2D SPACE',''
  ) );
#8812 = ORIENTED_EDGE('',*,*,#8813,.F.);
#8813 = EDGE_CURVE('',#8814,#8780,#8816,.T.);
#8814 = VERTEX_POINT('',#8815);
#8815 = CARTESIAN_POINT('',(-35.00462052837,5.93078674379,43.5));
#8816 = SEAM_CURVE('',#8817,(#8821,#8828),.PCURVE_S1.);
#8817 = LINE('',#8818,#8819);
#8818 = CARTESIAN_POINT('',(-35.00462052837,5.93078674379,43.5));
#8819 = VECTOR('',#8820,1.);
#8820 = DIRECTION('',(0.,0.,1.));
#8821 = PCURVE('',#8789,#8822);
#8822 = DEFINITIONAL_REPRESENTATION('',(#8823),#8827);
#8823 = LINE('',#8824,#8825);
#8824 = CARTESIAN_POINT('',(6.28318530718,-0.));
#8825 = VECTOR('',#8826,1.);
#8826 = DIRECTION('',(0.,1.));
#8827 = ( GEOMETRIC_REPRESENTATION_CONTEXT(2) 
PARAMETRIC_REPRESENTATION_CONTEXT() REPRESENTATION_CONTEXT('2D SPACE',''
  ) );
#8828 = PCURVE('',#8789,#8829);
#8829 = DEFINITIONAL_REPRESENTATION('',(#8830),#8834);
#8830 = LINE('',#8831,#8832);
#8831 = CARTESIAN_POINT('',(0.,-0.));
#8832 = VECTOR('',#8833,1.);
#8833 = DIRECTION('',(0.,1.));
#8834 = ( GEOMETRIC_REPRESENTATION_CONTEXT(2) 
PARAMETRIC_REPRESENTATION_CONTEXT() REPRESENTATION_CONTEXT('2D SPACE',''
  ) );
#8835 = ORIENTED_EDGE('',*,*,#8836,.T.);
#8836 = EDGE_CURVE('',#8814,#8814,#8837,.T.);
#8837 = SURFACE_CURVE('',#8838,(#8843,#8850),.PCURVE_S1.);
#8838 = CIRCLE('',#8839,0.25);
#8839 = AXIS2_PLACEMENT_3D('',#8840,#8841,#8842);
#8840 = CARTESIAN_POINT('',(-35.25462052837,5.93078674379,43.5));
#8841 = DIRECTION('',(0.,0.,1.));
#8842 = DIRECTION('',(1.,0.,0.));
#8843 = PCURVE('',#8789,#8844);
#8844 = DEFINITIONAL_REPRESENTATION('',(#8845),#8849);
#8845 = LINE('',#8846,#8847);
#8846 = CARTESIAN_POINT('',(0.,0.));
#8847 = VECTOR('',#8848,1.);
#8848 = DIRECTION('',(1.,0.));
#8849 = ( GEOMETRIC_REPRESENTATION_CONTEXT(2) 
PARAMETRIC_REPRESENTATION_CONTEXT() REPRESENTATION_CONTEXT('2D SPACE',''
  ) );
#8850 = PCURVE('',#8851,#8856);
#8851 = PLANE('',#8852);
#8852 = AXIS2_PLACEMENT_3D('',#8853,#8854,#8855);
#8853 = CARTESIAN_POINT('',(-35.25462052837,5.93078674379,43.5));
#8854 = DIRECTION('',(0.,0.,1.));
#8855 = DIRECTION('',(1.,0.,0.));
#8856 = DEFINITIONAL_REPRESENTATION('',(#8857),#8861);
#8857 = CIRCLE('',#8858,0.25);
#8858 = AXIS2_PLACEMENT_2D('',#8859,#8860);
#8859 = CARTESIAN_POINT('',(0.,0.));
#8860 = DIRECTION('',(1.,0.));
#8861 = ( GEOMETRIC_REPRESENTATION_CONTEXT(2) 
PARAMETRIC_REPRESENTATION_CONTEXT() REPRESENTATION_CONTEXT('2D SPACE',''
  ) );
#8862 = ORIENTED_EDGE('',*,*,#8813,.T.);
#8863 = ADVANCED_FACE('',(#8864),#8801,.T.);
#8864 = FACE_BOUND('',#8865,.T.);
#8865 = EDGE_LOOP('',(#8866));
#8866 = ORIENTED_EDGE('',*,*,#8779,.T.);
#8867 = ADVANCED_FACE('',(#8868),#8851,.F.);
#8868 = FACE_BOUND('',#8869,.T.);
#8869 = EDGE_LOOP('',(#8870));
#8870 = ORIENTED_EDGE('',*,*,#8836,.F.);
#8871 = MANIFOLD_SOLID_BREP('',#8872);
#8872 = CLOSED_SHELL('',(#8873,#8961,#8965));
#8873 = ADVANCED_FACE('',(#8874),#8887,.T.);
#8874 = FACE_BOUND('',#8875,.T.);
#8875 = EDGE_LOOP('',(#8876,#8910,#8933,#8960));
#8876 = ORIENTED_EDGE('',*,*,#8877,.F.);
#8877 = EDGE_CURVE('',#8878,#8878,#8880,.T.);
#8878 = VERTEX_POINT('',#8879);
#8879 = CARTESIAN_POINT('',(-33.85527621733,10.718798166729,79.5));
#8880 = SURFACE_CURVE('',#8881,(#8886,#8898),.PCURVE_S1.);
#8881 = CIRCLE('',#8882,0.25);
#8882 = AXIS2_PLACEMENT_3D('',#8883,#8884,#8885);
#8883 = CARTESIAN_POINT('',(-34.10527621733,10.718798166729,79.5));
#8884 = DIRECTION('',(0.,0.,1.));
#8885 = DIRECTION('',(1.,0.,0.));
#8886 = PCURVE('',#8887,#8892);
#8887 = CYLINDRICAL_SURFACE('',#8888,0.25);
#8888 = AXIS2_PLACEMENT_3D('',#8889,#8890,#8891);
#8889 = CARTESIAN_POINT('',(-34.10527621733,10.718798166729,43.5));
#8890 = DIRECTION('',(0.,0.,1.));
#8891 = DIRECTION('',(1.,0.,0.));
#8892 = DEFINITIONAL_REPRESENTATION('',(#8893),#8897);
#8893 = LINE('',#8894,#8895);
#8894 = CARTESIAN_POINT('',(0.,36.));
#8895 = VECTOR('',#8896,1.);
#8896 = DIRECTION('',(1.,0.));
#8897 = ( GEOMETRIC_REPRESENTATION_CONTEXT(2) 
PARAMETRIC_REPRESENTATION_CONTEXT() REPRESENTATION_CONTEXT('2D SPACE',''
  ) );
#8898 = PCURVE('',#8899,#8904);
#8899 = PLANE('',#8900);
#8900 = AXIS2_PLACEMENT_3D('',#8901,#8902,#8903);
#8901 = CARTESIAN_POINT('',(-34.10527621733,10.718798166729,79.5));
#8902 = DIRECTION('',(0.,0.,1.));
#8903 = DIRECTION('',(1.,0.,0.));
#8904 = DEFINITIONAL_REPRESENTATION('',(#8905),#8909);
#8905 = CIRCLE('',#8906,0.25);
#8906 = AXIS2_PLACEMENT_2D('',#8907,#8908);
#8907 = CARTESIAN_POINT('',(0.,0.));
#8908 = DIRECTION('',(1.,0.));
#8909 = ( GEOMETRIC_REPRESENTATION_CONTEXT(2) 
PARAMETRIC_REPRESENTATION_CONTEXT() REPRESENTATION_CONTEXT('2D SPACE',''
  ) );
#8910 = ORIENTED_EDGE('',*,*,#8911,.F.);
#8911 = EDGE_CURVE('',#8912,#8878,#8914,.T.);
#8912 = VERTEX_POINT('',#8913);
#8913 = CARTESIAN_POINT('',(-33.85527621733,10.718798166729,43.5));
#8914 = SEAM_CURVE('',#8915,(#8919,#8926),.PCURVE_S1.);
#8915 = LINE('',#8916,#8917);
#8916 = CARTESIAN_POINT('',(-33.85527621733,10.718798166729,43.5));
#8917 = VECTOR('',#8918,1.);
#8918 = DIRECTION('',(0.,0.,1.));
#8919 = PCURVE('',#8887,#8920);
#8920 = DEFINITIONAL_REPRESENTATION('',(#8921),#8925);
#8921 = LINE('',#8922,#8923);
#8922 = CARTESIAN_POINT('',(6.28318530718,-0.));
#8923 = VECTOR('',#8924,1.);
#8924 = DIRECTION('',(0.,1.));
#8925 = ( GEOMETRIC_REPRESENTATION_CONTEXT(2) 
PARAMETRIC_REPRESENTATION_CONTEXT() REPRESENTATION_CONTEXT('2D SPACE',''
  ) );
#8926 = PCURVE('',#8887,#8927);
#8927 = DEFINITIONAL_REPRESENTATION('',(#8928),#8932);
#8928 = LINE('',#8929,#8930);
#8929 = CARTESIAN_POINT('',(0.,-0.));
#8930 = VECTOR('',#8931,1.);
#8931 = DIRECTION('',(0.,1.));
#8932 = ( GEOMETRIC_REPRESENTATION_CONTEXT(2) 
PARAMETRIC_REPRESENTATION_CONTEXT() REPRESENTATION_CONTEXT('2D SPACE',''
  ) );
#8933 = ORIENTED_EDGE('',*,*,#8934,.T.);
#8934 = EDGE_CURVE('',#8912,#8912,#8935,.T.);
#8935 = SURFACE_CURVE('',#8936,(#8941,#8948),.PCURVE_S1.);
#8936 = CIRCLE('',#8937,0.25);
#8937 = AXIS2_PLACEMENT_3D('',#8938,#8939,#8940);
#8938 = CARTESIAN_POINT('',(-34.10527621733,10.718798166729,43.5));
#8939 = DIRECTION('',(0.,0.,1.));
#8940 = DIRECTION('',(1.,0.,0.));
#8941 = PCURVE('',#8887,#8942);
#8942 = DEFINITIONAL_REPRESENTATION('',(#8943),#8947);
#8943 = LINE('',#8944,#8945);
#8944 = CARTESIAN_POINT('',(0.,0.));
#8945 = VECTOR('',#8946,1.);
#8946 = DIRECTION('',(1.,0.));
#8947 = ( GEOMETRIC_REPRESENTATION_CONTEXT(2) 
PARAMETRIC_REPRESENTATION_CONTEXT() REPRESENTATION_CONTEXT('2D SPACE',''
  ) );
#8948 = PCURVE('',#8949,#8954);
#8949 = PLANE('',#8950);
#8950 = AXIS2_PLACEMENT_3D('',#8951,#8952,#8953);
#8951 = CARTESIAN_POINT('',(-34.10527621733,10.718798166729,43.5));
#8952 = DIRECTION('',(0.,0.,1.));
#8953 = DIRECTION('',(1.,0.,0.));
#8954 = DEFINITIONAL_REPRESENTATION('',(#8955),#8959);
#8955 = CIRCLE('',#8956,0.25);
#8956 = AXIS2_PLACEMENT_2D('',#8957,#8958);
#8957 = CARTESIAN_POINT('',(0.,0.));
#8958 = DIRECTION('',(1.,0.));
#8959 = ( GEOMETRIC_REPRESENTATION_CONTEXT(2) 
PARAMETRIC_REPRESENTATION_CONTEXT() REPRESENTATION_CONTEXT('2D SPACE',''
  ) );
#8960 = ORIENTED_EDGE('',*,*,#8911,.T.);
#8961 = ADVANCED_FACE('',(#8962),#8899,.T.);
#8962 = FACE_BOUND('',#8963,.T.);
#8963 = EDGE_LOOP('',(#8964));
#8964 = ORIENTED_EDGE('',*,*,#8877,.T.);
#8965 = ADVANCED_FACE('',(#8966),#8949,.F.);
#8966 = FACE_BOUND('',#8967,.T.);
#8967 = EDGE_LOOP('',(#8968));
#8968 = ORIENTED_EDGE('',*,*,#8934,.F.);
#8969 = MANIFOLD_SOLID_BREP('',#8970);
#8970 = CLOSED_SHELL('',(#8971,#9059,#9063));
#8971 = ADVANCED_FACE('',(#8972),#8985,.T.);
#8972 = FACE_BOUND('',#8973,.T.);
#8973 = EDGE_LOOP('',(#8974,#9008,#9031,#9058));
#8974 = ORIENTED_EDGE('',*,*,#8975,.F.);
#8975 = EDGE_CURVE('',#8976,#8976,#8978,.T.);
#8976 = VERTEX_POINT('',#8977);
#8977 = CARTESIAN_POINT('',(-32.05892279144,15.303463923445,79.5));
#8978 = SURFACE_CURVE('',#8979,(#8984,#8996),.PCURVE_S1.);
#8979 = CIRCLE('',#8980,0.25);
#8980 = AXIS2_PLACEMENT_3D('',#8981,#8982,#8983);
#8981 = CARTESIAN_POINT('',(-32.30892279144,15.303463923445,79.5));
#8982 = DIRECTION('',(0.,0.,1.));
#8983 = DIRECTION('',(1.,0.,0.));
#8984 = PCURVE('',#8985,#8990);
#8985 = CYLINDRICAL_SURFACE('',#8986,0.25);
#8986 = AXIS2_PLACEMENT_3D('',#8987,#8988,#8989);
#8987 = CARTESIAN_POINT('',(-32.30892279144,15.303463923445,43.5));
#8988 = DIRECTION('',(0.,0.,1.));
#8989 = DIRECTION('',(1.,0.,0.));
#8990 = DEFINITIONAL_REPRESENTATION('',(#8991),#8995);
#8991 = LINE('',#8992,#8993);
#8992 = CARTESIAN_POINT('',(0.,36.));
#8993 = VECTOR('',#8994,1.);
#8994 = DIRECTION('',(1.,0.));
#8995 = ( GEOMETRIC_REPRESENTATION_CONTEXT(2) 
PARAMETRIC_REPRESENTATION_CONTEXT() REPRESENTATION_CONTEXT('2D SPACE',''
  ) );
#8996 = PCURVE('',#8997,#9002);
#8997 = PLANE('',#8998);
#8998 = AXIS2_PLACEMENT_3D('',#8999,#9000,#9001);
#8999 = CARTESIAN_POINT('',(-32.30892279144,15.303463923445,79.5));
#9000 = DIRECTION('',(0.,0.,1.));
#9001 = DIRECTION('',(1.,0.,0.));
#9002 = DEFINITIONAL_REPRESENTATION('',(#9003),#9007);
#9003 = CIRCLE('',#9004,0.25);
#9004 = AXIS2_PLACEMENT_2D('',#9005,#9006);
#9005 = CARTESIAN_POINT('',(0.,0.));
#9006 = DIRECTION('',(1.,0.));
#9007 = ( GEOMETRIC_REPRESENTATION_CONTEXT(2) 
PARAMETRIC_REPRESENTATION_CONTEXT() REPRESENTATION_CONTEXT('2D SPACE',''
  ) );
#9008 = ORIENTED_EDGE('',*,*,#9009,.F.);
#9009 = EDGE_CURVE('',#9010,#8976,#9012,.T.);
#9010 = VERTEX_POINT('',#9011);
#9011 = CARTESIAN_POINT('',(-32.05892279144,15.303463923445,43.5));
#9012 = SEAM_CURVE('',#9013,(#9017,#9024),.PCURVE_S1.);
#9013 = LINE('',#9014,#9015);
#9014 = CARTESIAN_POINT('',(-32.05892279144,15.303463923445,43.5));
#9015 = VECTOR('',#9016,1.);
#9016 = DIRECTION('',(0.,0.,1.));
#9017 = PCURVE('',#8985,#9018);
#9018 = DEFINITIONAL_REPRESENTATION('',(#9019),#9023);
#9019 = LINE('',#9020,#9021);
#9020 = CARTESIAN_POINT('',(6.28318530718,-0.));
#9021 = VECTOR('',#9022,1.);
#9022 = DIRECTION('',(0.,1.));
#9023 = ( GEOMETRIC_REPRESENTATION_CONTEXT(2) 
PARAMETRIC_REPRESENTATION_CONTEXT() REPRESENTATION_CONTEXT('2D SPACE',''
  ) );
#9024 = PCURVE('',#8985,#9025);
#9025 = DEFINITIONAL_REPRESENTATION('',(#9026),#9030);
#9026 = LINE('',#9027,#9028);
#9027 = CARTESIAN_POINT('',(0.,-0.));
#9028 = VECTOR('',#9029,1.);
#9029 = DIRECTION('',(0.,1.));
#9030 = ( GEOMETRIC_REPRESENTATION_CONTEXT(2) 
PARAMETRIC_REPRESENTATION_CONTEXT() REPRESENTATION_CONTEXT('2D SPACE',''
  ) );
#9031 = ORIENTED_EDGE('',*,*,#9032,.T.);
#9032 = EDGE_CURVE('',#9010,#9010,#9033,.T.);
#9033 = SURFACE_CURVE('',#9034,(#9039,#9046),.PCURVE_S1.);
#9034 = CIRCLE('',#9035,0.25);
#9035 = AXIS2_PLACEMENT_3D('',#9036,#9037,#9038);
#9036 = CARTESIAN_POINT('',(-32.30892279144,15.303463923445,43.5));
#9037 = DIRECTION('',(0.,0.,1.));
#9038 = DIRECTION('',(1.,0.,0.));
#9039 = PCURVE('',#8985,#9040);
#9040 = DEFINITIONAL_REPRESENTATION('',(#9041),#9045);
#9041 = LINE('',#9042,#9043);
#9042 = CARTESIAN_POINT('',(0.,0.));
#9043 = VECTOR('',#9044,1.);
#9044 = DIRECTION('',(1.,0.));
#9045 = ( GEOMETRIC_REPRESENTATION_CONTEXT(2) 
PARAMETRIC_REPRESENTATION_CONTEXT() REPRESENTATION_CONTEXT('2D SPACE',''
  ) );
#9046 = PCURVE('',#9047,#9052);
#9047 = PLANE('',#9048);
#9048 = AXIS2_PLACEMENT_3D('',#9049,#9050,#9051);
#9049 = CARTESIAN_POINT('',(-32.30892279144,15.303463923445,43.5));
#9050 = DIRECTION('',(0.,0.,1.));
#9051 = DIRECTION('',(1.,0.,0.));
#9052 = DEFINITIONAL_REPRESENTATION('',(#9053),#9057);
#9053 = CIRCLE('',#9054,0.25);
#9054 = AXIS2_PLACEMENT_2D('',#9055,#9056);
#9055 = CARTESIAN_POINT('',(0.,0.));
#9056 = DIRECTION('',(1.,0.));
#9057 = ( GEOMETRIC_REPRESENTATION_CONTEXT(2) 
PARAMETRIC_REPRESENTATION_CONTEXT() REPRESENTATION_CONTEXT('2D SPACE',''
  ) );
#9058 = ORIENTED_EDGE('',*,*,#9009,.T.);
#9059 = ADVANCED_FACE('',(#9060),#8997,.T.);
#9060 = FACE_BOUND('',#9061,.T.);
#9061 = EDGE_LOOP('',(#9062));
#9062 = ORIENTED_EDGE('',*,*,#8975,.T.);
#9063 = ADVANCED_FACE('',(#9064),#9047,.F.);
#9064 = FACE_BOUND('',#9065,.T.);
#9065 = EDGE_LOOP('',(#9066));
#9066 = ORIENTED_EDGE('',*,*,#9032,.F.);
#9067 = MANIFOLD_SOLID_BREP('',#9068);
#9068 = CLOSED_SHELL('',(#9069,#9157,#9161));
#9069 = ADVANCED_FACE('',(#9070),#9083,.T.);
#9070 = FACE_BOUND('',#9071,.T.);
#9071 = EDGE_LOOP('',(#9072,#9106,#9129,#9156));
#9072 = ORIENTED_EDGE('',*,*,#9073,.F.);
#9073 = EDGE_CURVE('',#9074,#9074,#9076,.T.);
#9074 = VERTEX_POINT('',#9075);
#9075 = CARTESIAN_POINT('',(-29.64963876198,19.597808599511,79.5));
#9076 = SURFACE_CURVE('',#9077,(#9082,#9094),.PCURVE_S1.);
#9077 = CIRCLE('',#9078,0.25);
#9078 = AXIS2_PLACEMENT_3D('',#9079,#9080,#9081);
#9079 = CARTESIAN_POINT('',(-29.89963876198,19.597808599511,79.5));
#9080 = DIRECTION('',(0.,0.,1.));
#9081 = DIRECTION('',(1.,0.,0.));
#9082 = PCURVE('',#9083,#9088);
#9083 = CYLINDRICAL_SURFACE('',#9084,0.25);
#9084 = AXIS2_PLACEMENT_3D('',#9085,#9086,#9087);
#9085 = CARTESIAN_POINT('',(-29.89963876198,19.597808599511,43.5));
#9086 = DIRECTION('',(0.,0.,1.));
#9087 = DIRECTION('',(1.,0.,0.));
#9088 = DEFINITIONAL_REPRESENTATION('',(#9089),#9093);
#9089 = LINE('',#9090,#9091);
#9090 = CARTESIAN_POINT('',(0.,36.));
#9091 = VECTOR('',#9092,1.);
#9092 = DIRECTION('',(1.,0.));
#9093 = ( GEOMETRIC_REPRESENTATION_CONTEXT(2) 
PARAMETRIC_REPRESENTATION_CONTEXT() REPRESENTATION_CONTEXT('2D SPACE',''
  ) );
#9094 = PCURVE('',#9095,#9100);
#9095 = PLANE('',#9096);
#9096 = AXIS2_PLACEMENT_3D('',#9097,#9098,#9099);
#9097 = CARTESIAN_POINT('',(-29.89963876198,19.597808599511,79.5));
#9098 = DIRECTION('',(0.,0.,1.));
#9099 = DIRECTION('',(1.,0.,0.));
#9100 = DEFINITIONAL_REPRESENTATION('',(#9101),#9105);
#9101 = CIRCLE('',#9102,0.25);
#9102 = AXIS2_PLACEMENT_2D('',#9103,#9104);
#9103 = CARTESIAN_POINT('',(0.,0.));
#9104 = DIRECTION('',(1.,0.));
#9105 = ( GEOMETRIC_REPRESENTATION_CONTEXT(2) 
PARAMETRIC_REPRESENTATION_CONTEXT() REPRESENTATION_CONTEXT('2D SPACE',''
  ) );
#9106 = ORIENTED_EDGE('',*,*,#9107,.F.);
#9107 = EDGE_CURVE('',#9108,#9074,#9110,.T.);
#9108 = VERTEX_POINT('',#9109);
#9109 = CARTESIAN_POINT('',(-29.64963876198,19.597808599511,43.5));
#9110 = SEAM_CURVE('',#9111,(#9115,#9122),.PCURVE_S1.);
#9111 = LINE('',#9112,#9113);
#9112 = CARTESIAN_POINT('',(-29.64963876198,19.597808599511,43.5));
#9113 = VECTOR('',#9114,1.);
#9114 = DIRECTION('',(0.,0.,1.));
#9115 = PCURVE('',#9083,#9116);
#9116 = DEFINITIONAL_REPRESENTATION('',(#9117),#9121);
#9117 = LINE('',#9118,#9119);
#9118 = CARTESIAN_POINT('',(6.28318530718,-0.));
#9119 = VECTOR('',#9120,1.);
#9120 = DIRECTION('',(0.,1.));
#9121 = ( GEOMETRIC_REPRESENTATION_CONTEXT(2) 
PARAMETRIC_REPRESENTATION_CONTEXT() REPRESENTATION_CONTEXT('2D SPACE',''
  ) );
#9122 = PCURVE('',#9083,#9123);
#9123 = DEFINITIONAL_REPRESENTATION('',(#9124),#9128);
#9124 = LINE('',#9125,#9126);
#9125 = CARTESIAN_POINT('',(0.,-0.));
#9126 = VECTOR('',#9127,1.);
#9127 = DIRECTION('',(0.,1.));
#9128 = ( GEOMETRIC_REPRESENTATION_CONTEXT(2) 
PARAMETRIC_REPRESENTATION_CONTEXT() REPRESENTATION_CONTEXT('2D SPACE',''
  ) );
#9129 = ORIENTED_EDGE('',*,*,#9130,.T.);
#9130 = EDGE_CURVE('',#9108,#9108,#9131,.T.);
#9131 = SURFACE_CURVE('',#9132,(#9137,#9144),.PCURVE_S1.);
#9132 = CIRCLE('',#9133,0.25);
#9133 = AXIS2_PLACEMENT_3D('',#9134,#9135,#9136);
#9134 = CARTESIAN_POINT('',(-29.89963876198,19.597808599511,43.5));
#9135 = DIRECTION('',(0.,0.,1.));
#9136 = DIRECTION('',(1.,0.,0.));
#9137 = PCURVE('',#9083,#9138);
#9138 = DEFINITIONAL_REPRESENTATION('',(#9139),#9143);
#9139 = LINE('',#9140,#9141);
#9140 = CARTESIAN_POINT('',(0.,0.));
#9141 = VECTOR('',#9142,1.);
#9142 = DIRECTION('',(1.,0.));
#9143 = ( GEOMETRIC_REPRESENTATION_CONTEXT(2) 
PARAMETRIC_REPRESENTATION_CONTEXT() REPRESENTATION_CONTEXT('2D SPACE',''
  ) );
#9144 = PCURVE('',#9145,#9150);
#9145 = PLANE('',#9146);
#9146 = AXIS2_PLACEMENT_3D('',#9147,#9148,#9149);
#9147 = CARTESIAN_POINT('',(-29.89963876198,19.597808599511,43.5));
#9148 = DIRECTION('',(0.,0.,1.));
#9149 = DIRECTION('',(1.,0.,0.));
#9150 = DEFINITIONAL_REPRESENTATION('',(#9151),#9155);
#9151 = CIRCLE('',#9152,0.25);
#9152 = AXIS2_PLACEMENT_2D('',#9153,#9154);
#9153 = CARTESIAN_POINT('',(0.,0.));
#9154 = DIRECTION('',(1.,0.));
#9155 = ( GEOMETRIC_REPRESENTATION_CONTEXT(2) 
PARAMETRIC_REPRESENTATION_CONTEXT() REPRESENTATION_CONTEXT('2D SPACE',''
  ) );
#9156 = ORIENTED_EDGE('',*,*,#9107,.T.);
#9157 = ADVANCED_FACE('',(#9158),#9095,.T.);
#9158 = FACE_BOUND('',#9159,.T.);
#9159 = EDGE_LOOP('',(#9160));
#9160 = ORIENTED_EDGE('',*,*,#9073,.T.);
#9161 = ADVANCED_FACE('',(#9162),#9145,.F.);
#9162 = FACE_BOUND('',#9163,.T.);
#9163 = EDGE_LOOP('',(#9164));
#9164 = ORIENTED_EDGE('',*,*,#9130,.F.);
#9165 = MANIFOLD_SOLID_BREP('',#9166);
#9166 = CLOSED_SHELL('',(#9167,#9255,#9259));
#9167 = ADVANCED_FACE('',(#9168),#9181,.T.);
#9168 = FACE_BOUND('',#9169,.T.);
#9169 = EDGE_LOOP('',(#9170,#9204,#9227,#9254));
#9170 = ORIENTED_EDGE('',*,*,#9171,.F.);
#9171 = EDGE_CURVE('',#9172,#9172,#9174,.T.);
#9172 = VERTEX_POINT('',#9173);
#9173 = CARTESIAN_POINT('',(-26.6731305093,23.520364444013,86.75));
#9174 = SURFACE_CURVE('',#9175,(#9180,#9192),.PCURVE_S1.);
#9175 = CIRCLE('',#9176,0.25);
#9176 = AXIS2_PLACEMENT_3D('',#9177,#9178,#9179);
#9177 = CARTESIAN_POINT('',(-26.9231305093,23.520364444013,86.75));
#9178 = DIRECTION('',(0.,0.,1.));
#9179 = DIRECTION('',(1.,0.,0.));
#9180 = PCURVE('',#9181,#9186);
#9181 = CYLINDRICAL_SURFACE('',#9182,0.25);
#9182 = AXIS2_PLACEMENT_3D('',#9183,#9184,#9185);
#9183 = CARTESIAN_POINT('',(-26.9231305093,23.520364444013,50.75));
#9184 = DIRECTION('',(0.,0.,1.));
#9185 = DIRECTION('',(1.,0.,0.));
#9186 = DEFINITIONAL_REPRESENTATION('',(#9187),#9191);
#9187 = LINE('',#9188,#9189);
#9188 = CARTESIAN_POINT('',(0.,36.));
#9189 = VECTOR('',#9190,1.);
#9190 = DIRECTION('',(1.,0.));
#9191 = ( GEOMETRIC_REPRESENTATION_CONTEXT(2) 
PARAMETRIC_REPRESENTATION_CONTEXT() REPRESENTATION_CONTEXT('2D SPACE',''
  ) );
#9192 = PCURVE('',#9193,#9198);
#9193 = PLANE('',#9194);
#9194 = AXIS2_PLACEMENT_3D('',#9195,#9196,#9197);
#9195 = CARTESIAN_POINT('',(-26.9231305093,23.520364444013,86.75));
#9196 = DIRECTION('',(0.,0.,1.));
#9197 = DIRECTION('',(1.,0.,0.));
#9198 = DEFINITIONAL_REPRESENTATION('',(#9199),#9203);
#9199 = CIRCLE('',#9200,0.25);
#9200 = AXIS2_PLACEMENT_2D('',#9201,#9202);
#9201 = CARTESIAN_POINT('',(0.,0.));
#9202 = DIRECTION('',(1.,0.));
#9203 = ( GEOMETRIC_REPRESENTATION_CONTEXT(2) 
PARAMETRIC_REPRESENTATION_CONTEXT() REPRESENTATION_CONTEXT('2D SPACE',''
  ) );
#9204 = ORIENTED_EDGE('',*,*,#9205,.F.);
#9205 = EDGE_CURVE('',#9206,#9172,#9208,.T.);
#9206 = VERTEX_POINT('',#9207);
#9207 = CARTESIAN_POINT('',(-26.6731305093,23.520364444013,50.75));
#9208 = SEAM_CURVE('',#9209,(#9213,#9220),.PCURVE_S1.);
#9209 = LINE('',#9210,#9211);
#9210 = CARTESIAN_POINT('',(-26.6731305093,23.520364444013,50.75));
#9211 = VECTOR('',#9212,1.);
#9212 = DIRECTION('',(0.,0.,1.));
#9213 = PCURVE('',#9181,#9214);
#9214 = DEFINITIONAL_REPRESENTATION('',(#9215),#9219);
#9215 = LINE('',#9216,#9217);
#9216 = CARTESIAN_POINT('',(6.28318530718,-0.));
#9217 = VECTOR('',#9218,1.);
#9218 = DIRECTION('',(0.,1.));
#9219 = ( GEOMETRIC_REPRESENTATION_CONTEXT(2) 
PARAMETRIC_REPRESENTATION_CONTEXT() REPRESENTATION_CONTEXT('2D SPACE',''
  ) );
#9220 = PCURVE('',#9181,#9221);
#9221 = DEFINITIONAL_REPRESENTATION('',(#9222),#9226);
#9222 = LINE('',#9223,#9224);
#9223 = CARTESIAN_POINT('',(0.,-0.));
#9224 = VECTOR('',#9225,1.);
#9225 = DIRECTION('',(0.,1.));
#9226 = ( GEOMETRIC_REPRESENTATION_CONTEXT(2) 
PARAMETRIC_REPRESENTATION_CONTEXT() REPRESENTATION_CONTEXT('2D SPACE',''
  ) );
#9227 = ORIENTED_EDGE('',*,*,#9228,.T.);
#9228 = EDGE_CURVE('',#9206,#9206,#9229,.T.);
#9229 = SURFACE_CURVE('',#9230,(#9235,#9242),.PCURVE_S1.);
#9230 = CIRCLE('',#9231,0.25);
#9231 = AXIS2_PLACEMENT_3D('',#9232,#9233,#9234);
#9232 = CARTESIAN_POINT('',(-26.9231305093,23.520364444013,50.75));
#9233 = DIRECTION('',(0.,0.,1.));
#9234 = DIRECTION('',(1.,0.,0.));
#9235 = PCURVE('',#9181,#9236);
#9236 = DEFINITIONAL_REPRESENTATION('',(#9237),#9241);
#9237 = LINE('',#9238,#9239);
#9238 = CARTESIAN_POINT('',(0.,0.));
#9239 = VECTOR('',#9240,1.);
#9240 = DIRECTION('',(1.,0.));
#9241 = ( GEOMETRIC_REPRESENTATION_CONTEXT(2) 
PARAMETRIC_REPRESENTATION_CONTEXT() REPRESENTATION_CONTEXT('2D SPACE',''
  ) );
#9242 = PCURVE('',#9243,#9248);
#9243 = PLANE('',#9244);
#9244 = AXIS2_PLACEMENT_3D('',#9245,#9246,#9247);
#9245 = CARTESIAN_POINT('',(-26.9231305093,23.520364444013,50.75));
#9246 = DIRECTION('',(0.,0.,1.));
#9247 = DIRECTION('',(1.,0.,0.));
#9248 = DEFINITIONAL_REPRESENTATION('',(#9249),#9253);
#9249 = CIRCLE('',#9250,0.25);
#9250 = AXIS2_PLACEMENT_2D('',#9251,#9252);
#9251 = CARTESIAN_POINT('',(0.,0.));
#9252 = DIRECTION('',(1.,0.));
#9253 = ( GEOMETRIC_REPRESENTATION_CONTEXT(2) 
PARAMETRIC_REPRESENTATION_CONTEXT() REPRESENTATION_CONTEXT('2D SPACE',''
  ) );
#9254 = ORIENTED_EDGE('',*,*,#9205,.T.);
#9255 = ADVANCED_FACE('',(#9256),#9193,.T.);
#9256 = FACE_BOUND('',#9257,.T.);
#9257 = EDGE_LOOP('',(#9258));
#9258 = ORIENTED_EDGE('',*,*,#9171,.T.);
#9259 = ADVANCED_FACE('',(#9260),#9243,.F.);
#9260 = FACE_BOUND('',#9261,.T.);
#9261 = EDGE_LOOP('',(#9262));
#9262 = ORIENTED_EDGE('',*,*,#9228,.F.);
#9263 = MANIFOLD_SOLID_BREP('',#9264);
#9264 = CLOSED_SHELL('',(#9265,#9353,#9357));
#9265 = ADVANCED_FACE('',(#9266),#9279,.T.);
#9266 = FACE_BOUND('',#9267,.T.);
#9267 = EDGE_LOOP('',(#9268,#9302,#9325,#9352));
#9268 = ORIENTED_EDGE('',*,*,#9269,.F.);
#9269 = EDGE_CURVE('',#9270,#9270,#9272,.T.);
#9270 = VERTEX_POINT('',#9271);
#9271 = CARTESIAN_POINT('',(-23.18586518991,26.996716889283,86.75));
#9272 = SURFACE_CURVE('',#9273,(#9278,#9290),.PCURVE_S1.);
#9273 = CIRCLE('',#9274,0.25);
#9274 = AXIS2_PLACEMENT_3D('',#9275,#9276,#9277);
#9275 = CARTESIAN_POINT('',(-23.43586518991,26.996716889283,86.75));
#9276 = DIRECTION('',(0.,0.,1.));
#9277 = DIRECTION('',(1.,0.,0.));
#9278 = PCURVE('',#9279,#9284);
#9279 = CYLINDRICAL_SURFACE('',#9280,0.25);
#9280 = AXIS2_PLACEMENT_3D('',#9281,#9282,#9283);
#9281 = CARTESIAN_POINT('',(-23.43586518991,26.996716889283,50.75));
#9282 = DIRECTION('',(0.,0.,1.));
#9283 = DIRECTION('',(1.,0.,0.));
#9284 = DEFINITIONAL_REPRESENTATION('',(#9285),#9289);
#9285 = LINE('',#9286,#9287);
#9286 = CARTESIAN_POINT('',(0.,36.));
#9287 = VECTOR('',#9288,1.);
#9288 = DIRECTION('',(1.,0.));
#9289 = ( GEOMETRIC_REPRESENTATION_CONTEXT(2) 
PARAMETRIC_REPRESENTATION_CONTEXT() REPRESENTATION_CONTEXT('2D SPACE',''
  ) );
#9290 = PCURVE('',#9291,#9296);
#9291 = PLANE('',#9292);
#9292 = AXIS2_PLACEMENT_3D('',#9293,#9294,#9295);
#9293 = CARTESIAN_POINT('',(-23.43586518991,26.996716889283,86.75));
#9294 = DIRECTION('',(0.,0.,1.));
#9295 = DIRECTION('',(1.,0.,0.));
#9296 = DEFINITIONAL_REPRESENTATION('',(#9297),#9301);
#9297 = CIRCLE('',#9298,0.25);
#9298 = AXIS2_PLACEMENT_2D('',#9299,#9300);
#9299 = CARTESIAN_POINT('',(0.,0.));
#9300 = DIRECTION('',(1.,0.));
#9301 = ( GEOMETRIC_REPRESENTATION_CONTEXT(2) 
PARAMETRIC_REPRESENTATION_CONTEXT() REPRESENTATION_CONTEXT('2D SPACE',''
  ) );
#9302 = ORIENTED_EDGE('',*,*,#9303,.F.);
#9303 = EDGE_CURVE('',#9304,#9270,#9306,.T.);
#9304 = VERTEX_POINT('',#9305);
#9305 = CARTESIAN_POINT('',(-23.18586518991,26.996716889283,50.75));
#9306 = SEAM_CURVE('',#9307,(#9311,#9318),.PCURVE_S1.);
#9307 = LINE('',#9308,#9309);
#9308 = CARTESIAN_POINT('',(-23.18586518991,26.996716889283,50.75));
#9309 = VECTOR('',#9310,1.);
#9310 = DIRECTION('',(0.,0.,1.));
#9311 = PCURVE('',#9279,#9312);
#9312 = DEFINITIONAL_REPRESENTATION('',(#9313),#9317);
#9313 = LINE('',#9314,#9315);
#9314 = CARTESIAN_POINT('',(6.28318530718,-0.));
#9315 = VECTOR('',#9316,1.);
#9316 = DIRECTION('',(0.,1.));
#9317 = ( GEOMETRIC_REPRESENTATION_CONTEXT(2) 
PARAMETRIC_REPRESENTATION_CONTEXT() REPRESENTATION_CONTEXT('2D SPACE',''
  ) );
#9318 = PCURVE('',#9279,#9319);
#9319 = DEFINITIONAL_REPRESENTATION('',(#9320),#9324);
#9320 = LINE('',#9321,#9322);
#9321 = CARTESIAN_POINT('',(0.,-0.));
#9322 = VECTOR('',#9323,1.);
#9323 = DIRECTION('',(0.,1.));
#9324 = ( GEOMETRIC_REPRESENTATION_CONTEXT(2) 
PARAMETRIC_REPRESENTATION_CONTEXT() REPRESENTATION_CONTEXT('2D SPACE',''
  ) );
#9325 = ORIENTED_EDGE('',*,*,#9326,.T.);
#9326 = EDGE_CURVE('',#9304,#9304,#9327,.T.);
#9327 = SURFACE_CURVE('',#9328,(#9333,#9340),.PCURVE_S1.);
#9328 = CIRCLE('',#9329,0.25);
#9329 = AXIS2_PLACEMENT_3D('',#9330,#9331,#9332);
#9330 = CARTESIAN_POINT('',(-23.43586518991,26.996716889283,50.75));
#9331 = DIRECTION('',(0.,0.,1.));
#9332 = DIRECTION('',(1.,0.,0.));
#9333 = PCURVE('',#9279,#9334);
#9334 = DEFINITIONAL_REPRESENTATION('',(#9335),#9339);
#9335 = LINE('',#9336,#9337);
#9336 = CARTESIAN_POINT('',(0.,0.));
#9337 = VECTOR('',#9338,1.);
#9338 = DIRECTION('',(1.,0.));
#9339 = ( GEOMETRIC_REPRESENTATION_CONTEXT(2) 
PARAMETRIC_REPRESENTATION_CONTEXT() REPRESENTATION_CONTEXT('2D SPACE',''
  ) );
#9340 = PCURVE('',#9341,#9346);
#9341 = PLANE('',#9342);
#9342 = AXIS2_PLACEMENT_3D('',#9343,#9344,#9345);
#9343 = CARTESIAN_POINT('',(-23.43586518991,26.996716889283,50.75));
#9344 = DIRECTION('',(0.,0.,1.));
#9345 = DIRECTION('',(1.,0.,0.));
#9346 = DEFINITIONAL_REPRESENTATION('',(#9347),#9351);
#9347 = CIRCLE('',#9348,0.25);
#9348 = AXIS2_PLACEMENT_2D('',#9349,#9350);
#9349 = CARTESIAN_POINT('',(0.,0.));
#9350 = DIRECTION('',(1.,0.));
#9351 = ( GEOMETRIC_REPRESENTATION_CONTEXT(2) 
PARAMETRIC_REPRESENTATION_CONTEXT() REPRESENTATION_CONTEXT('2D SPACE',''
  ) );
#9352 = ORIENTED_EDGE('',*,*,#9303,.T.);
#9353 = ADVANCED_FACE('',(#9354),#9291,.T.);
#9354 = FACE_BOUND('',#9355,.T.);
#9355 = EDGE_LOOP('',(#9356));
#9356 = ORIENTED_EDGE('',*,*,#9269,.T.);
#9357 = ADVANCED_FACE('',(#9358),#9341,.F.);
#9358 = FACE_BOUND('',#9359,.T.);
#9359 = EDGE_LOOP('',(#9360));
#9360 = ORIENTED_EDGE('',*,*,#9326,.F.);
#9361 = MANIFOLD_SOLID_BREP('',#9362);
#9362 = CLOSED_SHELL('',(#9363,#9451,#9455));
#9363 = ADVANCED_FACE('',(#9364),#9377,.T.);
#9364 = FACE_BOUND('',#9365,.T.);
#9365 = EDGE_LOOP('',(#9366,#9400,#9423,#9450));
#9366 = ORIENTED_EDGE('',*,*,#9367,.F.);
#9367 = EDGE_CURVE('',#9368,#9368,#9370,.T.);
#9368 = VERTEX_POINT('',#9369);
#9369 = CARTESIAN_POINT('',(-19.25399950149,29.960916265122,86.75));
#9370 = SURFACE_CURVE('',#9371,(#9376,#9388),.PCURVE_S1.);
#9371 = CIRCLE('',#9372,0.25);
#9372 = AXIS2_PLACEMENT_3D('',#9373,#9374,#9375);
#9373 = CARTESIAN_POINT('',(-19.50399950149,29.960916265122,86.75));
#9374 = DIRECTION('',(0.,0.,1.));
#9375 = DIRECTION('',(1.,0.,0.));
#9376 = PCURVE('',#9377,#9382);
#9377 = CYLINDRICAL_SURFACE('',#9378,0.25);
#9378 = AXIS2_PLACEMENT_3D('',#9379,#9380,#9381);
#9379 = CARTESIAN_POINT('',(-19.50399950149,29.960916265122,50.75));
#9380 = DIRECTION('',(0.,0.,1.));
#9381 = DIRECTION('',(1.,0.,0.));
#9382 = DEFINITIONAL_REPRESENTATION('',(#9383),#9387);
#9383 = LINE('',#9384,#9385);
#9384 = CARTESIAN_POINT('',(0.,36.));
#9385 = VECTOR('',#9386,1.);
#9386 = DIRECTION('',(1.,0.));
#9387 = ( GEOMETRIC_REPRESENTATION_CONTEXT(2) 
PARAMETRIC_REPRESENTATION_CONTEXT() REPRESENTATION_CONTEXT('2D SPACE',''
  ) );
#9388 = PCURVE('',#9389,#9394);
#9389 = PLANE('',#9390);
#9390 = AXIS2_PLACEMENT_3D('',#9391,#9392,#9393);
#9391 = CARTESIAN_POINT('',(-19.50399950149,29.960916265122,86.75));
#9392 = DIRECTION('',(0.,0.,1.));
#9393 = DIRECTION('',(1.,0.,0.));
#9394 = DEFINITIONAL_REPRESENTATION('',(#9395),#9399);
#9395 = CIRCLE('',#9396,0.25);
#9396 = AXIS2_PLACEMENT_2D('',#9397,#9398);
#9397 = CARTESIAN_POINT('',(0.,0.));
#9398 = DIRECTION('',(1.,0.));
#9399 = ( GEOMETRIC_REPRESENTATION_CONTEXT(2) 
PARAMETRIC_REPRESENTATION_CONTEXT() REPRESENTATION_CONTEXT('2D SPACE',''
  ) );
#9400 = ORIENTED_EDGE('',*,*,#9401,.F.);
#9401 = EDGE_CURVE('',#9402,#9368,#9404,.T.);
#9402 = VERTEX_POINT('',#9403);
#9403 = CARTESIAN_POINT('',(-19.25399950149,29.960916265122,50.75));
#9404 = SEAM_CURVE('',#9405,(#9409,#9416),.PCURVE_S1.);
#9405 = LINE('',#9406,#9407);
#9406 = CARTESIAN_POINT('',(-19.25399950149,29.960916265122,50.75));
#9407 = VECTOR('',#9408,1.);
#9408 = DIRECTION('',(0.,0.,1.));
#9409 = PCURVE('',#9377,#9410);
#9410 = DEFINITIONAL_REPRESENTATION('',(#9411),#9415);
#9411 = LINE('',#9412,#9413);
#9412 = CARTESIAN_POINT('',(6.28318530718,-0.));
#9413 = VECTOR('',#9414,1.);
#9414 = DIRECTION('',(0.,1.));
#9415 = ( GEOMETRIC_REPRESENTATION_CONTEXT(2) 
PARAMETRIC_REPRESENTATION_CONTEXT() REPRESENTATION_CONTEXT('2D SPACE',''
  ) );
#9416 = PCURVE('',#9377,#9417);
#9417 = DEFINITIONAL_REPRESENTATION('',(#9418),#9422);
#9418 = LINE('',#9419,#9420);
#9419 = CARTESIAN_POINT('',(0.,-0.));
#9420 = VECTOR('',#9421,1.);
#9421 = DIRECTION('',(0.,1.));
#9422 = ( GEOMETRIC_REPRESENTATION_CONTEXT(2) 
PARAMETRIC_REPRESENTATION_CONTEXT() REPRESENTATION_CONTEXT('2D SPACE',''
  ) );
#9423 = ORIENTED_EDGE('',*,*,#9424,.T.);
#9424 = EDGE_CURVE('',#9402,#9402,#9425,.T.);
#9425 = SURFACE_CURVE('',#9426,(#9431,#9438),.PCURVE_S1.);
#9426 = CIRCLE('',#9427,0.25);
#9427 = AXIS2_PLACEMENT_3D('',#9428,#9429,#9430);
#9428 = CARTESIAN_POINT('',(-19.50399950149,29.960916265122,50.75));
#9429 = DIRECTION('',(0.,0.,1.));
#9430 = DIRECTION('',(1.,0.,0.));
#9431 = PCURVE('',#9377,#9432);
#9432 = DEFINITIONAL_REPRESENTATION('',(#9433),#9437);
#9433 = LINE('',#9434,#9435);
#9434 = CARTESIAN_POINT('',(0.,0.));
#9435 = VECTOR('',#9436,1.);
#9436 = DIRECTION('',(1.,0.));
#9437 = ( GEOMETRIC_REPRESENTATION_CONTEXT(2) 
PARAMETRIC_REPRESENTATION_CONTEXT() REPRESENTATION_CONTEXT('2D SPACE',''
  ) );
#9438 = PCURVE('',#9439,#9444);
#9439 = PLANE('',#9440);
#9440 = AXIS2_PLACEMENT_3D('',#9441,#9442,#9443);
#9441 = CARTESIAN_POINT('',(-19.50399950149,29.960916265122,50.75));
#9442 = DIRECTION('',(0.,0.,1.));
#9443 = DIRECTION('',(1.,0.,0.));
#9444 = DEFINITIONAL_REPRESENTATION('',(#9445),#9449);
#9445 = CIRCLE('',#9446,0.25);
#9446 = AXIS2_PLACEMENT_2D('',#9447,#9448);
#9447 = CARTESIAN_POINT('',(0.,0.));
#9448 = DIRECTION('',(1.,0.));
#9449 = ( GEOMETRIC_REPRESENTATION_CONTEXT(2) 
PARAMETRIC_REPRESENTATION_CONTEXT() REPRESENTATION_CONTEXT('2D SPACE',''
  ) );
#9450 = ORIENTED_EDGE('',*,*,#9401,.T.);
#9451 = ADVANCED_FACE('',(#9452),#9389,.T.);
#9452 = FACE_BOUND('',#9453,.T.);
#9453 = EDGE_LOOP('',(#9454));
#9454 = ORIENTED_EDGE('',*,*,#9367,.T.);
#9455 = ADVANCED_FACE('',(#9456),#9439,.F.);
#9456 = FACE_BOUND('',#9457,.T.);
#9457 = EDGE_LOOP('',(#9458));
#9458 = ORIENTED_EDGE('',*,*,#9424,.F.);
#9459 = MANIFOLD_SOLID_BREP('',#9460);
#9460 = CLOSED_SHELL('',(#9461,#9549,#9553));
#9461 = ADVANCED_FACE('',(#9462),#9475,.T.);
#9462 = FACE_BOUND('',#9463,.T.);
#9463 = EDGE_LOOP('',(#9464,#9498,#9521,#9548));
#9464 = ORIENTED_EDGE('',*,*,#9465,.F.);
#9465 = EDGE_CURVE('',#9466,#9466,#9468,.T.);
#9466 = VERTEX_POINT('',#9467);
#9467 = CARTESIAN_POINT('',(-14.95212462818,32.356728925976,86.75));
#9468 = SURFACE_CURVE('',#9469,(#9474,#9486),.PCURVE_S1.);
#9469 = CIRCLE('',#9470,0.25);
#9470 = AXIS2_PLACEMENT_3D('',#9471,#9472,#9473);
#9471 = CARTESIAN_POINT('',(-15.20212462818,32.356728925976,86.75));
#9472 = DIRECTION('',(0.,0.,1.));
#9473 = DIRECTION('',(1.,0.,0.));
#9474 = PCURVE('',#9475,#9480);
#9475 = CYLINDRICAL_SURFACE('',#9476,0.25);
#9476 = AXIS2_PLACEMENT_3D('',#9477,#9478,#9479);
#9477 = CARTESIAN_POINT('',(-15.20212462818,32.356728925976,50.75));
#9478 = DIRECTION('',(0.,0.,1.));
#9479 = DIRECTION('',(1.,0.,0.));
#9480 = DEFINITIONAL_REPRESENTATION('',(#9481),#9485);
#9481 = LINE('',#9482,#9483);
#9482 = CARTESIAN_POINT('',(0.,36.));
#9483 = VECTOR('',#9484,1.);
#9484 = DIRECTION('',(1.,0.));
#9485 = ( GEOMETRIC_REPRESENTATION_CONTEXT(2) 
PARAMETRIC_REPRESENTATION_CONTEXT() REPRESENTATION_CONTEXT('2D SPACE',''
  ) );
#9486 = PCURVE('',#9487,#9492);
#9487 = PLANE('',#9488);
#9488 = AXIS2_PLACEMENT_3D('',#9489,#9490,#9491);
#9489 = CARTESIAN_POINT('',(-15.20212462818,32.356728925976,86.75));
#9490 = DIRECTION('',(0.,0.,1.));
#9491 = DIRECTION('',(1.,0.,0.));
#9492 = DEFINITIONAL_REPRESENTATION('',(#9493),#9497);
#9493 = CIRCLE('',#9494,0.25);
#9494 = AXIS2_PLACEMENT_2D('',#9495,#9496);
#9495 = CARTESIAN_POINT('',(0.,0.));
#9496 = DIRECTION('',(1.,0.));
#9497 = ( GEOMETRIC_REPRESENTATION_CONTEXT(2) 
PARAMETRIC_REPRESENTATION_CONTEXT() REPRESENTATION_CONTEXT('2D SPACE',''
  ) );
#9498 = ORIENTED_EDGE('',*,*,#9499,.F.);
#9499 = EDGE_CURVE('',#9500,#9466,#9502,.T.);
#9500 = VERTEX_POINT('',#9501);
#9501 = CARTESIAN_POINT('',(-14.95212462818,32.356728925976,50.75));
#9502 = SEAM_CURVE('',#9503,(#9507,#9514),.PCURVE_S1.);
#9503 = LINE('',#9504,#9505);
#9504 = CARTESIAN_POINT('',(-14.95212462818,32.356728925976,50.75));
#9505 = VECTOR('',#9506,1.);
#9506 = DIRECTION('',(0.,0.,1.));
#9507 = PCURVE('',#9475,#9508);
#9508 = DEFINITIONAL_REPRESENTATION('',(#9509),#9513);
#9509 = LINE('',#9510,#9511);
#9510 = CARTESIAN_POINT('',(6.28318530718,-0.));
#9511 = VECTOR('',#9512,1.);
#9512 = DIRECTION('',(0.,1.));
#9513 = ( GEOMETRIC_REPRESENTATION_CONTEXT(2) 
PARAMETRIC_REPRESENTATION_CONTEXT() REPRESENTATION_CONTEXT('2D SPACE',''
  ) );
#9514 = PCURVE('',#9475,#9515);
#9515 = DEFINITIONAL_REPRESENTATION('',(#9516),#9520);
#9516 = LINE('',#9517,#9518);
#9517 = CARTESIAN_POINT('',(0.,-0.));
#9518 = VECTOR('',#9519,1.);
#9519 = DIRECTION('',(0.,1.));
#9520 = ( GEOMETRIC_REPRESENTATION_CONTEXT(2) 
PARAMETRIC_REPRESENTATION_CONTEXT() REPRESENTATION_CONTEXT('2D SPACE',''
  ) );
#9521 = ORIENTED_EDGE('',*,*,#9522,.T.);
#9522 = EDGE_CURVE('',#9500,#9500,#9523,.T.);
#9523 = SURFACE_CURVE('',#9524,(#9529,#9536),.PCURVE_S1.);
#9524 = CIRCLE('',#9525,0.25);
#9525 = AXIS2_PLACEMENT_3D('',#9526,#9527,#9528);
#9526 = CARTESIAN_POINT('',(-15.20212462818,32.356728925976,50.75));
#9527 = DIRECTION('',(0.,0.,1.));
#9528 = DIRECTION('',(1.,0.,0.));
#9529 = PCURVE('',#9475,#9530);
#9530 = DEFINITIONAL_REPRESENTATION('',(#9531),#9535);
#9531 = LINE('',#9532,#9533);
#9532 = CARTESIAN_POINT('',(0.,0.));
#9533 = VECTOR('',#9534,1.);
#9534 = DIRECTION('',(1.,0.));
#9535 = ( GEOMETRIC_REPRESENTATION_CONTEXT(2) 
PARAMETRIC_REPRESENTATION_CONTEXT() REPRESENTATION_CONTEXT('2D SPACE',''
  ) );
#9536 = PCURVE('',#9537,#9542);
#9537 = PLANE('',#9538);
#9538 = AXIS2_PLACEMENT_3D('',#9539,#9540,#9541);
#9539 = CARTESIAN_POINT('',(-15.20212462818,32.356728925976,50.75));
#9540 = DIRECTION('',(0.,0.,1.));
#9541 = DIRECTION('',(1.,0.,0.));
#9542 = DEFINITIONAL_REPRESENTATION('',(#9543),#9547);
#9543 = CIRCLE('',#9544,0.25);
#9544 = AXIS2_PLACEMENT_2D('',#9545,#9546);
#9545 = CARTESIAN_POINT('',(0.,0.));
#9546 = DIRECTION('',(1.,0.));
#9547 = ( GEOMETRIC_REPRESENTATION_CONTEXT(2) 
PARAMETRIC_REPRESENTATION_CONTEXT() REPRESENTATION_CONTEXT('2D SPACE',''
  ) );
#9548 = ORIENTED_EDGE('',*,*,#9499,.T.);
#9549 = ADVANCED_FACE('',(#9550),#9487,.T.);
#9550 = FACE_BOUND('',#9551,.T.);
#9551 = EDGE_LOOP('',(#9552));
#9552 = ORIENTED_EDGE('',*,*,#9465,.T.);
#9553 = ADVANCED_FACE('',(#9554),#9537,.F.);
#9554 = FACE_BOUND('',#9555,.T.);
#9555 = EDGE_LOOP('',(#9556));
#9556 = ORIENTED_EDGE('',*,*,#9522,.F.);
#9557 = MANIFOLD_SOLID_BREP('',#9558);
#9558 = CLOSED_SHELL('',(#9559,#9647,#9651));
#9559 = ADVANCED_FACE('',(#9560),#9573,.T.);
#9560 = FACE_BOUND('',#9561,.T.);
#9561 = EDGE_LOOP('',(#9562,#9596,#9619,#9646));
#9562 = ORIENTED_EDGE('',*,*,#9563,.F.);
#9563 = EDGE_CURVE('',#9564,#9564,#9566,.T.);
#9564 = VERTEX_POINT('',#9565);
#9565 = CARTESIAN_POINT('',(-10.36185117581,34.138704055988,94.));
#9566 = SURFACE_CURVE('',#9567,(#9572,#9584),.PCURVE_S1.);
#9567 = CIRCLE('',#9568,0.25);
#9568 = AXIS2_PLACEMENT_3D('',#9569,#9570,#9571);
#9569 = CARTESIAN_POINT('',(-10.61185117581,34.138704055988,94.));
#9570 = DIRECTION('',(0.,0.,1.));
#9571 = DIRECTION('',(1.,0.,0.));
#9572 = PCURVE('',#9573,#9578);
#9573 = CYLINDRICAL_SURFACE('',#9574,0.25);
#9574 = AXIS2_PLACEMENT_3D('',#9575,#9576,#9577);
#9575 = CARTESIAN_POINT('',(-10.61185117581,34.138704055988,58.));
#9576 = DIRECTION('',(0.,0.,1.));
#9577 = DIRECTION('',(1.,0.,0.));
#9578 = DEFINITIONAL_REPRESENTATION('',(#9579),#9583);
#9579 = LINE('',#9580,#9581);
#9580 = CARTESIAN_POINT('',(0.,36.));
#9581 = VECTOR('',#9582,1.);
#9582 = DIRECTION('',(1.,0.));
#9583 = ( GEOMETRIC_REPRESENTATION_CONTEXT(2) 
PARAMETRIC_REPRESENTATION_CONTEXT() REPRESENTATION_CONTEXT('2D SPACE',''
  ) );
#9584 = PCURVE('',#9585,#9590);
#9585 = PLANE('',#9586);
#9586 = AXIS2_PLACEMENT_3D('',#9587,#9588,#9589);
#9587 = CARTESIAN_POINT('',(-10.61185117581,34.138704055988,94.));
#9588 = DIRECTION('',(0.,0.,1.));
#9589 = DIRECTION('',(1.,0.,0.));
#9590 = DEFINITIONAL_REPRESENTATION('',(#9591),#9595);
#9591 = CIRCLE('',#9592,0.25);
#9592 = AXIS2_PLACEMENT_2D('',#9593,#9594);
#9593 = CARTESIAN_POINT('',(0.,0.));
#9594 = DIRECTION('',(1.,0.));
#9595 = ( GEOMETRIC_REPRESENTATION_CONTEXT(2) 
PARAMETRIC_REPRESENTATION_CONTEXT() REPRESENTATION_CONTEXT('2D SPACE',''
  ) );
#9596 = ORIENTED_EDGE('',*,*,#9597,.F.);
#9597 = EDGE_CURVE('',#9598,#9564,#9600,.T.);
#9598 = VERTEX_POINT('',#9599);
#9599 = CARTESIAN_POINT('',(-10.36185117581,34.138704055988,58.));
#9600 = SEAM_CURVE('',#9601,(#9605,#9612),.PCURVE_S1.);
#9601 = LINE('',#9602,#9603);
#9602 = CARTESIAN_POINT('',(-10.36185117581,34.138704055988,58.));
#9603 = VECTOR('',#9604,1.);
#9604 = DIRECTION('',(0.,0.,1.));
#9605 = PCURVE('',#9573,#9606);
#9606 = DEFINITIONAL_REPRESENTATION('',(#9607),#9611);
#9607 = LINE('',#9608,#9609);
#9608 = CARTESIAN_POINT('',(6.28318530718,-0.));
#9609 = VECTOR('',#9610,1.);
#9610 = DIRECTION('',(0.,1.));
#9611 = ( GEOMETRIC_REPRESENTATION_CONTEXT(2) 
PARAMETRIC_REPRESENTATION_CONTEXT() REPRESENTATION_CONTEXT('2D SPACE',''
  ) );
#9612 = PCURVE('',#9573,#9613);
#9613 = DEFINITIONAL_REPRESENTATION('',(#9614),#9618);
#9614 = LINE('',#9615,#9616);
#9615 = CARTESIAN_POINT('',(0.,-0.));
#9616 = VECTOR('',#9617,1.);
#9617 = DIRECTION('',(0.,1.));
#9618 = ( GEOMETRIC_REPRESENTATION_CONTEXT(2) 
PARAMETRIC_REPRESENTATION_CONTEXT() REPRESENTATION_CONTEXT('2D SPACE',''
  ) );
#9619 = ORIENTED_EDGE('',*,*,#9620,.T.);
#9620 = EDGE_CURVE('',#9598,#9598,#9621,.T.);
#9621 = SURFACE_CURVE('',#9622,(#9627,#9634),.PCURVE_S1.);
#9622 = CIRCLE('',#9623,0.25);
#9623 = AXIS2_PLACEMENT_3D('',#9624,#9625,#9626);
#9624 = CARTESIAN_POINT('',(-10.61185117581,34.138704055988,58.));
#9625 = DIRECTION('',(0.,0.,1.));
#9626 = DIRECTION('',(1.,0.,0.));
#9627 = PCURVE('',#9573,#9628);
#9628 = DEFINITIONAL_REPRESENTATION('',(#9629),#9633);
#9629 = LINE('',#9630,#9631);
#9630 = CARTESIAN_POINT('',(0.,0.));
#9631 = VECTOR('',#9632,1.);
#9632 = DIRECTION('',(1.,0.));
#9633 = ( GEOMETRIC_REPRESENTATION_CONTEXT(2) 
PARAMETRIC_REPRESENTATION_CONTEXT() REPRESENTATION_CONTEXT('2D SPACE',''
  ) );
#9634 = PCURVE('',#9635,#9640);
#9635 = PLANE('',#9636);
#9636 = AXIS2_PLACEMENT_3D('',#9637,#9638,#9639);
#9637 = CARTESIAN_POINT('',(-10.61185117581,34.138704055988,58.));
#9638 = DIRECTION('',(0.,0.,1.));
#9639 = DIRECTION('',(1.,0.,0.));
#9640 = DEFINITIONAL_REPRESENTATION('',(#9641),#9645);
#9641 = CIRCLE('',#9642,0.25);
#9642 = AXIS2_PLACEMENT_2D('',#9643,#9644);
#9643 = CARTESIAN_POINT('',(0.,0.));
#9644 = DIRECTION('',(1.,0.));
#9645 = ( GEOMETRIC_REPRESENTATION_CONTEXT(2) 
PARAMETRIC_REPRESENTATION_CONTEXT() REPRESENTATION_CONTEXT('2D SPACE',''
  ) );
#9646 = ORIENTED_EDGE('',*,*,#9597,.T.);
#9647 = ADVANCED_FACE('',(#9648),#9585,.T.);
#9648 = FACE_BOUND('',#9649,.T.);
#9649 = EDGE_LOOP('',(#9650));
#9650 = ORIENTED_EDGE('',*,*,#9563,.T.);
#9651 = ADVANCED_FACE('',(#9652),#9635,.F.);
#9652 = FACE_BOUND('',#9653,.T.);
#9653 = EDGE_LOOP('',(#9654));
#9654 = ORIENTED_EDGE('',*,*,#9620,.F.);
#9655 = MANIFOLD_SOLID_BREP('',#9656);
#9656 = CLOSED_SHELL('',(#9657,#9745,#9749));
#9657 = ADVANCED_FACE('',(#9658),#9671,.T.);
#9658 = FACE_BOUND('',#9659,.T.);
#9659 = EDGE_LOOP('',(#9660,#9694,#9717,#9744));
#9660 = ORIENTED_EDGE('',*,*,#9661,.F.);
#9661 = EDGE_CURVE('',#9662,#9662,#9664,.T.);
#9662 = VERTEX_POINT('',#9663);
#9663 = CARTESIAN_POINT('',(-5.570260942066,35.273035913659,94.));
#9664 = SURFACE_CURVE('',#9665,(#9670,#9682),.PCURVE_S1.);
#9665 = CIRCLE('',#9666,0.25);
#9666 = AXIS2_PLACEMENT_3D('',#9667,#9668,#9669);
#9667 = CARTESIAN_POINT('',(-5.820260942066,35.273035913659,94.));
#9668 = DIRECTION('',(0.,0.,1.));
#9669 = DIRECTION('',(1.,0.,0.));
#9670 = PCURVE('',#9671,#9676);
#9671 = CYLINDRICAL_SURFACE('',#9672,0.25);
#9672 = AXIS2_PLACEMENT_3D('',#9673,#9674,#9675);
#9673 = CARTESIAN_POINT('',(-5.820260942066,35.273035913659,58.));
#9674 = DIRECTION('',(0.,0.,1.));
#9675 = DIRECTION('',(1.,0.,0.));
#9676 = DEFINITIONAL_REPRESENTATION('',(#9677),#9681);
#9677 = LINE('',#9678,#9679);
#9678 = CARTESIAN_POINT('',(0.,36.));
#9679 = VECTOR('',#9680,1.);
#9680 = DIRECTION('',(1.,0.));
#9681 = ( GEOMETRIC_REPRESENTATION_CONTEXT(2) 
PARAMETRIC_REPRESENTATION_CONTEXT() REPRESENTATION_CONTEXT('2D SPACE',''
  ) );
#9682 = PCURVE('',#9683,#9688);
#9683 = PLANE('',#9684);
#9684 = AXIS2_PLACEMENT_3D('',#9685,#9686,#9687);
#9685 = CARTESIAN_POINT('',(-5.820260942066,35.273035913659,94.));
#9686 = DIRECTION('',(0.,0.,1.));
#9687 = DIRECTION('',(1.,0.,0.));
#9688 = DEFINITIONAL_REPRESENTATION('',(#9689),#9693);
#9689 = CIRCLE('',#9690,0.25);
#9690 = AXIS2_PLACEMENT_2D('',#9691,#9692);
#9691 = CARTESIAN_POINT('',(0.,0.));
#9692 = DIRECTION('',(1.,0.));
#9693 = ( GEOMETRIC_REPRESENTATION_CONTEXT(2) 
PARAMETRIC_REPRESENTATION_CONTEXT() REPRESENTATION_CONTEXT('2D SPACE',''
  ) );
#9694 = ORIENTED_EDGE('',*,*,#9695,.F.);
#9695 = EDGE_CURVE('',#9696,#9662,#9698,.T.);
#9696 = VERTEX_POINT('',#9697);
#9697 = CARTESIAN_POINT('',(-5.570260942066,35.273035913659,58.));
#9698 = SEAM_CURVE('',#9699,(#9703,#9710),.PCURVE_S1.);
#9699 = LINE('',#9700,#9701);
#9700 = CARTESIAN_POINT('',(-5.570260942066,35.273035913659,58.));
#9701 = VECTOR('',#9702,1.);
#9702 = DIRECTION('',(0.,0.,1.));
#9703 = PCURVE('',#9671,#9704);
#9704 = DEFINITIONAL_REPRESENTATION('',(#9705),#9709);
#9705 = LINE('',#9706,#9707);
#9706 = CARTESIAN_POINT('',(6.28318530718,-0.));
#9707 = VECTOR('',#9708,1.);
#9708 = DIRECTION('',(0.,1.));
#9709 = ( GEOMETRIC_REPRESENTATION_CONTEXT(2) 
PARAMETRIC_REPRESENTATION_CONTEXT() REPRESENTATION_CONTEXT('2D SPACE',''
  ) );
#9710 = PCURVE('',#9671,#9711);
#9711 = DEFINITIONAL_REPRESENTATION('',(#9712),#9716);
#9712 = LINE('',#9713,#9714);
#9713 = CARTESIAN_POINT('',(0.,-0.));
#9714 = VECTOR('',#9715,1.);
#9715 = DIRECTION('',(0.,1.));
#9716 = ( GEOMETRIC_REPRESENTATION_CONTEXT(2) 
PARAMETRIC_REPRESENTATION_CONTEXT() REPRESENTATION_CONTEXT('2D SPACE',''
  ) );
#9717 = ORIENTED_EDGE('',*,*,#9718,.T.);
#9718 = EDGE_CURVE('',#9696,#9696,#9719,.T.);
#9719 = SURFACE_CURVE('',#9720,(#9725,#9732),.PCURVE_S1.);
#9720 = CIRCLE('',#9721,0.25);
#9721 = AXIS2_PLACEMENT_3D('',#9722,#9723,#9724);
#9722 = CARTESIAN_POINT('',(-5.820260942066,35.273035913659,58.));
#9723 = DIRECTION('',(0.,0.,1.));
#9724 = DIRECTION('',(1.,0.,0.));
#9725 = PCURVE('',#9671,#9726);
#9726 = DEFINITIONAL_REPRESENTATION('',(#9727),#9731);
#9727 = LINE('',#9728,#9729);
#9728 = CARTESIAN_POINT('',(0.,0.));
#9729 = VECTOR('',#9730,1.);
#9730 = DIRECTION('',(1.,0.));
#9731 = ( GEOMETRIC_REPRESENTATION_CONTEXT(2) 
PARAMETRIC_REPRESENTATION_CONTEXT() REPRESENTATION_CONTEXT('2D SPACE',''
  ) );
#9732 = PCURVE('',#9733,#9738);
#9733 = PLANE('',#9734);
#9734 = AXIS2_PLACEMENT_3D('',#9735,#9736,#9737);
#9735 = CARTESIAN_POINT('',(-5.820260942066,35.273035913659,58.));
#9736 = DIRECTION('',(0.,0.,1.));
#9737 = DIRECTION('',(1.,0.,0.));
#9738 = DEFINITIONAL_REPRESENTATION('',(#9739),#9743);
#9739 = CIRCLE('',#9740,0.25);
#9740 = AXIS2_PLACEMENT_2D('',#9741,#9742);
#9741 = CARTESIAN_POINT('',(0.,0.));
#9742 = DIRECTION('',(1.,0.));
#9743 = ( GEOMETRIC_REPRESENTATION_CONTEXT(2) 
PARAMETRIC_REPRESENTATION_CONTEXT() REPRESENTATION_CONTEXT('2D SPACE',''
  ) );
#9744 = ORIENTED_EDGE('',*,*,#9695,.T.);
#9745 = ADVANCED_FACE('',(#9746),#9683,.T.);
#9746 = FACE_BOUND('',#9747,.T.);
#9747 = EDGE_LOOP('',(#9748));
#9748 = ORIENTED_EDGE('',*,*,#9661,.T.);
#9749 = ADVANCED_FACE('',(#9750),#9733,.F.);
#9750 = FACE_BOUND('',#9751,.T.);
#9751 = EDGE_LOOP('',(#9752));
#9752 = ORIENTED_EDGE('',*,*,#9718,.F.);
#9753 = MANIFOLD_SOLID_BREP('',#9754);
#9754 = CLOSED_SHELL('',(#9755,#9843,#9847));
#9755 = ADVANCED_FACE('',(#9756),#9769,.T.);
#9756 = FACE_BOUND('',#9757,.T.);
#9757 = EDGE_LOOP('',(#9758,#9792,#9815,#9842));
#9758 = ORIENTED_EDGE('',*,*,#9759,.F.);
#9759 = EDGE_CURVE('',#9760,#9760,#9762,.T.);
#9760 = VERTEX_POINT('',#9761);
#9761 = CARTESIAN_POINT('',(-0.668254892992,35.738205158506,94.));
#9762 = SURFACE_CURVE('',#9763,(#9768,#9780),.PCURVE_S1.);
#9763 = CIRCLE('',#9764,0.25);
#9764 = AXIS2_PLACEMENT_3D('',#9765,#9766,#9767);
#9765 = CARTESIAN_POINT('',(-0.918254892992,35.738205158506,94.));
#9766 = DIRECTION('',(0.,0.,1.));
#9767 = DIRECTION('',(1.,0.,0.));
#9768 = PCURVE('',#9769,#9774);
#9769 = CYLINDRICAL_SURFACE('',#9770,0.25);
#9770 = AXIS2_PLACEMENT_3D('',#9771,#9772,#9773);
#9771 = CARTESIAN_POINT('',(-0.918254892992,35.738205158506,58.));
#9772 = DIRECTION('',(0.,0.,1.));
#9773 = DIRECTION('',(1.,0.,0.));
#9774 = DEFINITIONAL_REPRESENTATION('',(#9775),#9779);
#9775 = LINE('',#9776,#9777);
#9776 = CARTESIAN_POINT('',(0.,36.));
#9777 = VECTOR('',#9778,1.);
#9778 = DIRECTION('',(1.,0.));
#9779 = ( GEOMETRIC_REPRESENTATION_CONTEXT(2) 
PARAMETRIC_REPRESENTATION_CONTEXT() REPRESENTATION_CONTEXT('2D SPACE',''
  ) );
#9780 = PCURVE('',#9781,#9786);
#9781 = PLANE('',#9782);
#9782 = AXIS2_PLACEMENT_3D('',#9783,#9784,#9785);
#9783 = CARTESIAN_POINT('',(-0.918254892992,35.738205158506,94.));
#9784 = DIRECTION('',(0.,0.,1.));
#9785 = DIRECTION('',(1.,0.,0.));
#9786 = DEFINITIONAL_REPRESENTATION('',(#9787),#9791);
#9787 = CIRCLE('',#9788,0.25);
#9788 = AXIS2_PLACEMENT_2D('',#9789,#9790);
#9789 = CARTESIAN_POINT('',(0.,0.));
#9790 = DIRECTION('',(1.,0.));
#9791 = ( GEOMETRIC_REPRESENTATION_CONTEXT(2) 
PARAMETRIC_REPRESENTATION_CONTEXT() REPRESENTATION_CONTEXT('2D SPACE',''
  ) );
#9792 = ORIENTED_EDGE('',*,*,#9793,.F.);
#9793 = EDGE_CURVE('',#9794,#9760,#9796,.T.);
#9794 = VERTEX_POINT('',#9795);
#9795 = CARTESIAN_POINT('',(-0.668254892992,35.738205158506,58.));
#9796 = SEAM_CURVE('',#9797,(#9801,#9808),.PCURVE_S1.);
#9797 = LINE('',#9798,#9799);
#9798 = CARTESIAN_POINT('',(-0.668254892992,35.738205158506,58.));
#9799 = VECTOR('',#9800,1.);
#9800 = DIRECTION('',(0.,0.,1.));
#9801 = PCURVE('',#9769,#9802);
#9802 = DEFINITIONAL_REPRESENTATION('',(#9803),#9807);
#9803 = LINE('',#9804,#9805);
#9804 = CARTESIAN_POINT('',(6.28318530718,-0.));
#9805 = VECTOR('',#9806,1.);
#9806 = DIRECTION('',(0.,1.));
#9807 = ( GEOMETRIC_REPRESENTATION_CONTEXT(2) 
PARAMETRIC_REPRESENTATION_CONTEXT() REPRESENTATION_CONTEXT('2D SPACE',''
  ) );
#9808 = PCURVE('',#9769,#9809);
#9809 = DEFINITIONAL_REPRESENTATION('',(#9810),#9814);
#9810 = LINE('',#9811,#9812);
#9811 = CARTESIAN_POINT('',(0.,-0.));
#9812 = VECTOR('',#9813,1.);
#9813 = DIRECTION('',(0.,1.));
#9814 = ( GEOMETRIC_REPRESENTATION_CONTEXT(2) 
PARAMETRIC_REPRESENTATION_CONTEXT() REPRESENTATION_CONTEXT('2D SPACE',''
  ) );
#9815 = ORIENTED_EDGE('',*,*,#9816,.T.);
#9816 = EDGE_CURVE('',#9794,#9794,#9817,.T.);
#9817 = SURFACE_CURVE('',#9818,(#9823,#9830),.PCURVE_S1.);
#9818 = CIRCLE('',#9819,0.25);
#9819 = AXIS2_PLACEMENT_3D('',#9820,#9821,#9822);
#9820 = CARTESIAN_POINT('',(-0.918254892992,35.738205158506,58.));
#9821 = DIRECTION('',(0.,0.,1.));
#9822 = DIRECTION('',(1.,0.,0.));
#9823 = PCURVE('',#9769,#9824);
#9824 = DEFINITIONAL_REPRESENTATION('',(#9825),#9829);
#9825 = LINE('',#9826,#9827);
#9826 = CARTESIAN_POINT('',(0.,0.));
#9827 = VECTOR('',#9828,1.);
#9828 = DIRECTION('',(1.,0.));
#9829 = ( GEOMETRIC_REPRESENTATION_CONTEXT(2) 
PARAMETRIC_REPRESENTATION_CONTEXT() REPRESENTATION_CONTEXT('2D SPACE',''
  ) );
#9830 = PCURVE('',#9831,#9836);
#9831 = PLANE('',#9832);
#9832 = AXIS2_PLACEMENT_3D('',#9833,#9834,#9835);
#9833 = CARTESIAN_POINT('',(-0.918254892992,35.738205158506,58.));
#9834 = DIRECTION('',(0.,0.,1.));
#9835 = DIRECTION('',(1.,0.,0.));
#9836 = DEFINITIONAL_REPRESENTATION('',(#9837),#9841);
#9837 = CIRCLE('',#9838,0.25);
#9838 = AXIS2_PLACEMENT_2D('',#9839,#9840);
#9839 = CARTESIAN_POINT('',(0.,0.));
#9840 = DIRECTION('',(1.,0.));
#9841 = ( GEOMETRIC_REPRESENTATION_CONTEXT(2) 
PARAMETRIC_REPRESENTATION_CONTEXT() REPRESENTATION_CONTEXT('2D SPACE',''
  ) );
#9842 = ORIENTED_EDGE('',*,*,#9793,.T.);
#9843 = ADVANCED_FACE('',(#9844),#9781,.T.);
#9844 = FACE_BOUND('',#9845,.T.);
#9845 = EDGE_LOOP('',(#9846));
#9846 = ORIENTED_EDGE('',*,*,#9759,.T.);
#9847 = ADVANCED_FACE('',(#9848),#9831,.F.);
#9848 = FACE_BOUND('',#9849,.T.);
#9849 = EDGE_LOOP('',(#9850));
#9850 = ORIENTED_EDGE('',*,*,#9816,.F.);
#9851 = MANIFOLD_SOLID_BREP('',#9852);
#9852 = CLOSED_SHELL('',(#9853,#9941,#9945));
#9853 = ADVANCED_FACE('',(#9854),#9867,.T.);
#9854 = FACE_BOUND('',#9855,.T.);
#9855 = EDGE_LOOP('',(#9856,#9890,#9913,#9940));
#9856 = ORIENTED_EDGE('',*,*,#9857,.F.);
#9857 = EDGE_CURVE('',#9858,#9858,#9860,.T.);
#9858 = VERTEX_POINT('',#9859);
#9859 = CARTESIAN_POINT('',(4.251171313648,35.52538709316,94.));
#9860 = SURFACE_CURVE('',#9861,(#9866,#9878),.PCURVE_S1.);
#9861 = CIRCLE('',#9862,0.25);
#9862 = AXIS2_PLACEMENT_3D('',#9863,#9864,#9865);
#9863 = CARTESIAN_POINT('',(4.001171313648,35.52538709316,94.));
#9864 = DIRECTION('',(0.,0.,1.));
#9865 = DIRECTION('',(1.,0.,0.));
#9866 = PCURVE('',#9867,#9872);
#9867 = CYLINDRICAL_SURFACE('',#9868,0.25);
#9868 = AXIS2_PLACEMENT_3D('',#9869,#9870,#9871);
#9869 = CARTESIAN_POINT('',(4.001171313648,35.52538709316,58.));
#9870 = DIRECTION('',(0.,0.,1.));
#9871 = DIRECTION('',(1.,0.,0.));
#9872 = DEFINITIONAL_REPRESENTATION('',(#9873),#9877);
#9873 = LINE('',#9874,#9875);
#9874 = CARTESIAN_POINT('',(0.,36.));
#9875 = VECTOR('',#9876,1.);
#9876 = DIRECTION('',(1.,0.));
#9877 = ( GEOMETRIC_REPRESENTATION_CONTEXT(2) 
PARAMETRIC_REPRESENTATION_CONTEXT() REPRESENTATION_CONTEXT('2D SPACE',''
  ) );
#9878 = PCURVE('',#9879,#9884);
#9879 = PLANE('',#9880);
#9880 = AXIS2_PLACEMENT_3D('',#9881,#9882,#9883);
#9881 = CARTESIAN_POINT('',(4.001171313648,35.52538709316,94.));
#9882 = DIRECTION('',(0.,0.,1.));
#9883 = DIRECTION('',(1.,0.,0.));
#9884 = DEFINITIONAL_REPRESENTATION('',(#9885),#9889);
#9885 = CIRCLE('',#9886,0.25);
#9886 = AXIS2_PLACEMENT_2D('',#9887,#9888);
#9887 = CARTESIAN_POINT('',(0.,0.));
#9888 = DIRECTION('',(1.,0.));
#9889 = ( GEOMETRIC_REPRESENTATION_CONTEXT(2) 
PARAMETRIC_REPRESENTATION_CONTEXT() REPRESENTATION_CONTEXT('2D SPACE',''
  ) );
#9890 = ORIENTED_EDGE('',*,*,#9891,.F.);
#9891 = EDGE_CURVE('',#9892,#9858,#9894,.T.);
#9892 = VERTEX_POINT('',#9893);
#9893 = CARTESIAN_POINT('',(4.251171313648,35.52538709316,58.));
#9894 = SEAM_CURVE('',#9895,(#9899,#9906),.PCURVE_S1.);
#9895 = LINE('',#9896,#9897);
#9896 = CARTESIAN_POINT('',(4.251171313648,35.52538709316,58.));
#9897 = VECTOR('',#9898,1.);
#9898 = DIRECTION('',(0.,0.,1.));
#9899 = PCURVE('',#9867,#9900);
#9900 = DEFINITIONAL_REPRESENTATION('',(#9901),#9905);
#9901 = LINE('',#9902,#9903);
#9902 = CARTESIAN_POINT('',(6.28318530718,-0.));
#9903 = VECTOR('',#9904,1.);
#9904 = DIRECTION('',(0.,1.));
#9905 = ( GEOMETRIC_REPRESENTATION_CONTEXT(2) 
PARAMETRIC_REPRESENTATION_CONTEXT() REPRESENTATION_CONTEXT('2D SPACE',''
  ) );
#9906 = PCURVE('',#9867,#9907);
#9907 = DEFINITIONAL_REPRESENTATION('',(#9908),#9912);
#9908 = LINE('',#9909,#9910);
#9909 = CARTESIAN_POINT('',(0.,-0.));
#9910 = VECTOR('',#9911,1.);
#9911 = DIRECTION('',(0.,1.));
#9912 = ( GEOMETRIC_REPRESENTATION_CONTEXT(2) 
PARAMETRIC_REPRESENTATION_CONTEXT() REPRESENTATION_CONTEXT('2D SPACE',''
  ) );
#9913 = ORIENTED_EDGE('',*,*,#9914,.T.);
#9914 = EDGE_CURVE('',#9892,#9892,#9915,.T.);
#9915 = SURFACE_CURVE('',#9916,(#9921,#9928),.PCURVE_S1.);
#9916 = CIRCLE('',#9917,0.25);
#9917 = AXIS2_PLACEMENT_3D('',#9918,#9919,#9920);
#9918 = CARTESIAN_POINT('',(4.001171313648,35.52538709316,58.));
#9919 = DIRECTION('',(0.,0.,1.));
#9920 = DIRECTION('',(1.,0.,0.));
#9921 = PCURVE('',#9867,#9922);
#9922 = DEFINITIONAL_REPRESENTATION('',(#9923),#9927);
#9923 = LINE('',#9924,#9925);
#9924 = CARTESIAN_POINT('',(0.,0.));
#9925 = VECTOR('',#9926,1.);
#9926 = DIRECTION('',(1.,0.));
#9927 = ( GEOMETRIC_REPRESENTATION_CONTEXT(2) 
PARAMETRIC_REPRESENTATION_CONTEXT() REPRESENTATION_CONTEXT('2D SPACE',''
  ) );
#9928 = PCURVE('',#9929,#9934);
#9929 = PLANE('',#9930);
#9930 = AXIS2_PLACEMENT_3D('',#9931,#9932,#9933);
#9931 = CARTESIAN_POINT('',(4.001171313648,35.52538709316,58.));
#9932 = DIRECTION('',(0.,0.,1.));
#9933 = DIRECTION('',(1.,0.,0.));
#9934 = DEFINITIONAL_REPRESENTATION('',(#9935),#9939);
#9935 = CIRCLE('',#9936,0.25);
#9936 = AXIS2_PLACEMENT_2D('',#9937,#9938);
#9937 = CARTESIAN_POINT('',(0.,0.));
#9938 = DIRECTION('',(1.,0.));
#9939 = ( GEOMETRIC_REPRESENTATION_CONTEXT(2) 
PARAMETRIC_REPRESENTATION_CONTEXT() REPRESENTATION_CONTEXT('2D SPACE',''
  ) );
#9940 = ORIENTED_EDGE('',*,*,#9891,.T.);
#9941 = ADVANCED_FACE('',(#9942),#9879,.T.);
#9942 = FACE_BOUND('',#9943,.T.);
#9943 = EDGE_LOOP('',(#9944));
#9944 = ORIENTED_EDGE('',*,*,#9857,.T.);
#9945 = ADVANCED_FACE('',(#9946),#9929,.F.);
#9946 = FACE_BOUND('',#9947,.T.);
#9947 = EDGE_LOOP('',(#9948));
#9948 = ORIENTED_EDGE('',*,*,#9914,.F.);
#9949 = MANIFOLD_SOLID_BREP('',#9950);
#9950 = CLOSED_SHELL('',(#9951,#10039,#10043));
#9951 = ADVANCED_FACE('',(#9952),#9965,.T.);
#9952 = FACE_BOUND('',#9953,.T.);
#9953 = EDGE_LOOP('',(#9954,#9988,#10011,#10038));
#9954 = ORIENTED_EDGE('',*,*,#9955,.F.);
#9955 = EDGE_CURVE('',#9956,#9956,#9958,.T.);
#9956 = VERTEX_POINT('',#9957);
#9957 = CARTESIAN_POINT('',(9.094691543349,34.638619076156,101.25));
#9958 = SURFACE_CURVE('',#9959,(#9964,#9976),.PCURVE_S1.);
#9959 = CIRCLE('',#9960,0.25);
#9960 = AXIS2_PLACEMENT_3D('',#9961,#9962,#9963);
#9961 = CARTESIAN_POINT('',(8.844691543349,34.638619076156,101.25));
#9962 = DIRECTION('',(0.,0.,1.));
#9963 = DIRECTION('',(1.,0.,0.));
#9964 = PCURVE('',#9965,#9970);
#9965 = CYLINDRICAL_SURFACE('',#9966,0.25);
#9966 = AXIS2_PLACEMENT_3D('',#9967,#9968,#9969);
#9967 = CARTESIAN_POINT('',(8.844691543349,34.638619076156,65.25));
#9968 = DIRECTION('',(0.,0.,1.));
#9969 = DIRECTION('',(1.,0.,0.));
#9970 = DEFINITIONAL_REPRESENTATION('',(#9971),#9975);
#9971 = LINE('',#9972,#9973);
#9972 = CARTESIAN_POINT('',(0.,36.));
#9973 = VECTOR('',#9974,1.);
#9974 = DIRECTION('',(1.,0.));
#9975 = ( GEOMETRIC_REPRESENTATION_CONTEXT(2) 
PARAMETRIC_REPRESENTATION_CONTEXT() REPRESENTATION_CONTEXT('2D SPACE',''
  ) );
#9976 = PCURVE('',#9977,#9982);
#9977 = PLANE('',#9978);
#9978 = AXIS2_PLACEMENT_3D('',#9979,#9980,#9981);
#9979 = CARTESIAN_POINT('',(8.844691543349,34.638619076156,101.25));
#9980 = DIRECTION('',(0.,0.,1.));
#9981 = DIRECTION('',(1.,0.,0.));
#9982 = DEFINITIONAL_REPRESENTATION('',(#9983),#9987);
#9983 = CIRCLE('',#9984,0.25);
#9984 = AXIS2_PLACEMENT_2D('',#9985,#9986);
#9985 = CARTESIAN_POINT('',(0.,0.));
#9986 = DIRECTION('',(1.,0.));
#9987 = ( GEOMETRIC_REPRESENTATION_CONTEXT(2) 
PARAMETRIC_REPRESENTATION_CONTEXT() REPRESENTATION_CONTEXT('2D SPACE',''
  ) );
#9988 = ORIENTED_EDGE('',*,*,#9989,.F.);
#9989 = EDGE_CURVE('',#9990,#9956,#9992,.T.);
#9990 = VERTEX_POINT('',#9991);
#9991 = CARTESIAN_POINT('',(9.094691543349,34.638619076156,65.25));
#9992 = SEAM_CURVE('',#9993,(#9997,#10004),.PCURVE_S1.);
#9993 = LINE('',#9994,#9995);
#9994 = CARTESIAN_POINT('',(9.094691543349,34.638619076156,65.25));
#9995 = VECTOR('',#9996,1.);
#9996 = DIRECTION('',(0.,0.,1.));
#9997 = PCURVE('',#9965,#9998);
#9998 = DEFINITIONAL_REPRESENTATION('',(#9999),#10003);
#9999 = LINE('',#10000,#10001);
#10000 = CARTESIAN_POINT('',(6.28318530718,-0.));
#10001 = VECTOR('',#10002,1.);
#10002 = DIRECTION('',(0.,1.));
#10003 = ( GEOMETRIC_REPRESENTATION_CONTEXT(2) 
PARAMETRIC_REPRESENTATION_CONTEXT() REPRESENTATION_CONTEXT('2D SPACE',''
  ) );
#10004 = PCURVE('',#9965,#10005);
#10005 = DEFINITIONAL_REPRESENTATION('',(#10006),#10010);
#10006 = LINE('',#10007,#10008);
#10007 = CARTESIAN_POINT('',(0.,-0.));
#10008 = VECTOR('',#10009,1.);
#10009 = DIRECTION('',(0.,1.));
#10010 = ( GEOMETRIC_REPRESENTATION_CONTEXT(2) 
PARAMETRIC_REPRESENTATION_CONTEXT() REPRESENTATION_CONTEXT('2D SPACE',''
  ) );
#10011 = ORIENTED_EDGE('',*,*,#10012,.T.);
#10012 = EDGE_CURVE('',#9990,#9990,#10013,.T.);
#10013 = SURFACE_CURVE('',#10014,(#10019,#10026),.PCURVE_S1.);
#10014 = CIRCLE('',#10015,0.25);
#10015 = AXIS2_PLACEMENT_3D('',#10016,#10017,#10018);
#10016 = CARTESIAN_POINT('',(8.844691543349,34.638619076156,65.25));
#10017 = DIRECTION('',(0.,0.,1.));
#10018 = DIRECTION('',(1.,0.,0.));
#10019 = PCURVE('',#9965,#10020);
#10020 = DEFINITIONAL_REPRESENTATION('',(#10021),#10025);
#10021 = LINE('',#10022,#10023);
#10022 = CARTESIAN_POINT('',(0.,0.));
#10023 = VECTOR('',#10024,1.);
#10024 = DIRECTION('',(1.,0.));
#10025 = ( GEOMETRIC_REPRESENTATION_CONTEXT(2) 
PARAMETRIC_REPRESENTATION_CONTEXT() REPRESENTATION_CONTEXT('2D SPACE',''
  ) );
#10026 = PCURVE('',#10027,#10032);
#10027 = PLANE('',#10028);
#10028 = AXIS2_PLACEMENT_3D('',#10029,#10030,#10031);
#10029 = CARTESIAN_POINT('',(8.844691543349,34.638619076156,65.25));
#10030 = DIRECTION('',(0.,0.,1.));
#10031 = DIRECTION('',(1.,0.,0.));
#10032 = DEFINITIONAL_REPRESENTATION('',(#10033),#10037);
#10033 = CIRCLE('',#10034,0.25);
#10034 = AXIS2_PLACEMENT_2D('',#10035,#10036);
#10035 = CARTESIAN_POINT('',(0.,0.));
#10036 = DIRECTION('',(1.,0.));
#10037 = ( GEOMETRIC_REPRESENTATION_CONTEXT(2) 
PARAMETRIC_REPRESENTATION_CONTEXT() REPRESENTATION_CONTEXT('2D SPACE',''
  ) );
#10038 = ORIENTED_EDGE('',*,*,#9989,.T.);
#10039 = ADVANCED_FACE('',(#10040),#9977,.T.);
#10040 = FACE_BOUND('',#10041,.T.);
#10041 = EDGE_LOOP('',(#10042));
#10042 = ORIENTED_EDGE('',*,*,#9955,.T.);
#10043 = ADVANCED_FACE('',(#10044),#10027,.F.);
#10044 = FACE_BOUND('',#10045,.T.);
#10045 = EDGE_LOOP('',(#10046));
#10046 = ORIENTED_EDGE('',*,*,#10012,.F.);
#10047 = MANIFOLD_SOLID_BREP('',#10048);
#10048 = CLOSED_SHELL('',(#10049,#10137,#10141));
#10049 = ADVANCED_FACE('',(#10050),#10063,.T.);
#10050 = FACE_BOUND('',#10051,.T.);
#10051 = EDGE_LOOP('',(#10052,#10086,#10109,#10136));
#10052 = ORIENTED_EDGE('',*,*,#10053,.F.);
#10053 = EDGE_CURVE('',#10054,#10054,#10056,.T.);
#10054 = VERTEX_POINT('',#10055);
#10055 = CARTESIAN_POINT('',(13.770419669268,33.094723929456,101.25));
#10056 = SURFACE_CURVE('',#10057,(#10062,#10074),.PCURVE_S1.);
#10057 = CIRCLE('',#10058,0.25);
#10058 = AXIS2_PLACEMENT_3D('',#10059,#10060,#10061);
#10059 = CARTESIAN_POINT('',(13.520419669268,33.094723929456,101.25));
#10060 = DIRECTION('',(0.,0.,1.));
#10061 = DIRECTION('',(1.,0.,0.));
#10062 = PCURVE('',#10063,#10068);
#10063 = CYLINDRICAL_SURFACE('',#10064,0.25);
#10064 = AXIS2_PLACEMENT_3D('',#10065,#10066,#10067);
#10065 = CARTESIAN_POINT('',(13.520419669268,33.094723929456,65.25));
#10066 = DIRECTION('',(0.,0.,1.));
#10067 = DIRECTION('',(1.,0.,0.));
#10068 = DEFINITIONAL_REPRESENTATION('',(#10069),#10073);
#10069 = LINE('',#10070,#10071);
#10070 = CARTESIAN_POINT('',(0.,36.));
#10071 = VECTOR('',#10072,1.);
#10072 = DIRECTION('',(1.,0.));
#10073 = ( GEOMETRIC_REPRESENTATION_CONTEXT(2) 
PARAMETRIC_REPRESENTATION_CONTEXT() REPRESENTATION_CONTEXT('2D SPACE',''
  ) );
#10074 = PCURVE('',#10075,#10080);
#10075 = PLANE('',#10076);
#10076 = AXIS2_PLACEMENT_3D('',#10077,#10078,#10079);
#10077 = CARTESIAN_POINT('',(13.520419669268,33.094723929456,101.25));
#10078 = DIRECTION('',(0.,0.,1.));
#10079 = DIRECTION('',(1.,0.,0.));
#10080 = DEFINITIONAL_REPRESENTATION('',(#10081),#10085);
#10081 = CIRCLE('',#10082,0.25);
#10082 = AXIS2_PLACEMENT_2D('',#10083,#10084);
#10083 = CARTESIAN_POINT('',(0.,0.));
#10084 = DIRECTION('',(1.,0.));
#10085 = ( GEOMETRIC_REPRESENTATION_CONTEXT(2) 
PARAMETRIC_REPRESENTATION_CONTEXT() REPRESENTATION_CONTEXT('2D SPACE',''
  ) );
#10086 = ORIENTED_EDGE('',*,*,#10087,.F.);
#10087 = EDGE_CURVE('',#10088,#10054,#10090,.T.);
#10088 = VERTEX_POINT('',#10089);
#10089 = CARTESIAN_POINT('',(13.770419669268,33.094723929456,65.25));
#10090 = SEAM_CURVE('',#10091,(#10095,#10102),.PCURVE_S1.);
#10091 = LINE('',#10092,#10093);
#10092 = CARTESIAN_POINT('',(13.770419669268,33.094723929456,65.25));
#10093 = VECTOR('',#10094,1.);
#10094 = DIRECTION('',(0.,0.,1.));
#10095 = PCURVE('',#10063,#10096);
#10096 = DEFINITIONAL_REPRESENTATION('',(#10097),#10101);
#10097 = LINE('',#10098,#10099);
#10098 = CARTESIAN_POINT('',(6.28318530718,-0.));
#10099 = VECTOR('',#10100,1.);
#10100 = DIRECTION('',(0.,1.));
#10101 = ( GEOMETRIC_REPRESENTATION_CONTEXT(2) 
PARAMETRIC_REPRESENTATION_CONTEXT() REPRESENTATION_CONTEXT('2D SPACE',''
  ) );
#10102 = PCURVE('',#10063,#10103);
#10103 = DEFINITIONAL_REPRESENTATION('',(#10104),#10108);
#10104 = LINE('',#10105,#10106);
#10105 = CARTESIAN_POINT('',(0.,-0.));
#10106 = VECTOR('',#10107,1.);
#10107 = DIRECTION('',(0.,1.));
#10108 = ( GEOMETRIC_REPRESENTATION_CONTEXT(2) 
PARAMETRIC_REPRESENTATION_CONTEXT() REPRESENTATION_CONTEXT('2D SPACE',''
  ) );
#10109 = ORIENTED_EDGE('',*,*,#10110,.T.);
#10110 = EDGE_CURVE('',#10088,#10088,#10111,.T.);
#10111 = SURFACE_CURVE('',#10112,(#10117,#10124),.PCURVE_S1.);
#10112 = CIRCLE('',#10113,0.25);
#10113 = AXIS2_PLACEMENT_3D('',#10114,#10115,#10116);
#10114 = CARTESIAN_POINT('',(13.520419669268,33.094723929456,65.25));
#10115 = DIRECTION('',(0.,0.,1.));
#10116 = DIRECTION('',(1.,0.,0.));
#10117 = PCURVE('',#10063,#10118);
#10118 = DEFINITIONAL_REPRESENTATION('',(#10119),#10123);
#10119 = LINE('',#10120,#10121);
#10120 = CARTESIAN_POINT('',(0.,0.));
#10121 = VECTOR('',#10122,1.);
#10122 = DIRECTION('',(1.,0.));
#10123 = ( GEOMETRIC_REPRESENTATION_CONTEXT(2) 
PARAMETRIC_REPRESENTATION_CONTEXT() REPRESENTATION_CONTEXT('2D SPACE',''
  ) );
#10124 = PCURVE('',#10125,#10130);
#10125 = PLANE('',#10126);
#10126 = AXIS2_PLACEMENT_3D('',#10127,#10128,#10129);
#10127 = CARTESIAN_POINT('',(13.520419669268,33.094723929456,65.25));
#10128 = DIRECTION('',(0.,0.,1.));
#10129 = DIRECTION('',(1.,0.,0.));
#10130 = DEFINITIONAL_REPRESENTATION('',(#10131),#10135);
#10131 = CIRCLE('',#10132,0.25);
#10132 = AXIS2_PLACEMENT_2D('',#10133,#10134);
#10133 = CARTESIAN_POINT('',(0.,0.));
#10134 = DIRECTION('',(1.,0.));
#10135 = ( GEOMETRIC_REPRESENTATION_CONTEXT(2) 
PARAMETRIC_REPRESENTATION_CONTEXT() REPRESENTATION_CONTEXT('2D SPACE',''
  ) );
#10136 = ORIENTED_EDGE('',*,*,#10087,.T.);
#10137 = ADVANCED_FACE('',(#10138),#10075,.T.);
#10138 = FACE_BOUND('',#10139,.T.);
#10139 = EDGE_LOOP('',(#10140));
#10140 = ORIENTED_EDGE('',*,*,#10053,.T.);
#10141 = ADVANCED_FACE('',(#10142),#10125,.F.);
#10142 = FACE_BOUND('',#10143,.T.);
#10143 = EDGE_LOOP('',(#10144));
#10144 = ORIENTED_EDGE('',*,*,#10110,.F.);
#10145 = MANIFOLD_SOLID_BREP('',#10146);
#10146 = CLOSED_SHELL('',(#10147,#10235,#10239));
#10147 = ADVANCED_FACE('',(#10148),#10161,.T.);
#10148 = FACE_BOUND('',#10149,.T.);
#10149 = EDGE_LOOP('',(#10150,#10184,#10207,#10234));
#10150 = ORIENTED_EDGE('',*,*,#10151,.F.);
#10151 = EDGE_CURVE('',#10152,#10152,#10154,.T.);
#10152 = VERTEX_POINT('',#10153);
#10153 = CARTESIAN_POINT('',(18.189652738325,30.922990793717,101.25));
#10154 = SURFACE_CURVE('',#10155,(#10160,#10172),.PCURVE_S1.);
#10155 = CIRCLE('',#10156,0.25);
#10156 = AXIS2_PLACEMENT_3D('',#10157,#10158,#10159);
#10157 = CARTESIAN_POINT('',(17.939652738325,30.922990793717,101.25));
#10158 = DIRECTION('',(0.,0.,1.));
#10159 = DIRECTION('',(1.,0.,0.));
#10160 = PCURVE('',#10161,#10166);
#10161 = CYLINDRICAL_SURFACE('',#10162,0.25);
#10162 = AXIS2_PLACEMENT_3D('',#10163,#10164,#10165);
#10163 = CARTESIAN_POINT('',(17.939652738325,30.922990793717,65.25));
#10164 = DIRECTION('',(0.,0.,1.));
#10165 = DIRECTION('',(1.,0.,0.));
#10166 = DEFINITIONAL_REPRESENTATION('',(#10167),#10171);
#10167 = LINE('',#10168,#10169);
#10168 = CARTESIAN_POINT('',(0.,36.));
#10169 = VECTOR('',#10170,1.);
#10170 = DIRECTION('',(1.,0.));
#10171 = ( GEOMETRIC_REPRESENTATION_CONTEXT(2) 
PARAMETRIC_REPRESENTATION_CONTEXT() REPRESENTATION_CONTEXT('2D SPACE',''
  ) );
#10172 = PCURVE('',#10173,#10178);
#10173 = PLANE('',#10174);
#10174 = AXIS2_PLACEMENT_3D('',#10175,#10176,#10177);
#10175 = CARTESIAN_POINT('',(17.939652738325,30.922990793717,101.25));
#10176 = DIRECTION('',(0.,0.,1.));
#10177 = DIRECTION('',(1.,0.,0.));
#10178 = DEFINITIONAL_REPRESENTATION('',(#10179),#10183);
#10179 = CIRCLE('',#10180,0.25);
#10180 = AXIS2_PLACEMENT_2D('',#10181,#10182);
#10181 = CARTESIAN_POINT('',(0.,0.));
#10182 = DIRECTION('',(1.,0.));
#10183 = ( GEOMETRIC_REPRESENTATION_CONTEXT(2) 
PARAMETRIC_REPRESENTATION_CONTEXT() REPRESENTATION_CONTEXT('2D SPACE',''
  ) );
#10184 = ORIENTED_EDGE('',*,*,#10185,.F.);
#10185 = EDGE_CURVE('',#10186,#10152,#10188,.T.);
#10186 = VERTEX_POINT('',#10187);
#10187 = CARTESIAN_POINT('',(18.189652738325,30.922990793717,65.25));
#10188 = SEAM_CURVE('',#10189,(#10193,#10200),.PCURVE_S1.);
#10189 = LINE('',#10190,#10191);
#10190 = CARTESIAN_POINT('',(18.189652738325,30.922990793717,65.25));
#10191 = VECTOR('',#10192,1.);
#10192 = DIRECTION('',(0.,0.,1.));
#10193 = PCURVE('',#10161,#10194);
#10194 = DEFINITIONAL_REPRESENTATION('',(#10195),#10199);
#10195 = LINE('',#10196,#10197);
#10196 = CARTESIAN_POINT('',(6.28318530718,-0.));
#10197 = VECTOR('',#10198,1.);
#10198 = DIRECTION('',(0.,1.));
#10199 = ( GEOMETRIC_REPRESENTATION_CONTEXT(2) 
PARAMETRIC_REPRESENTATION_CONTEXT() REPRESENTATION_CONTEXT('2D SPACE',''
  ) );
#10200 = PCURVE('',#10161,#10201);
#10201 = DEFINITIONAL_REPRESENTATION('',(#10202),#10206);
#10202 = LINE('',#10203,#10204);
#10203 = CARTESIAN_POINT('',(0.,-0.));
#10204 = VECTOR('',#10205,1.);
#10205 = DIRECTION('',(0.,1.));
#10206 = ( GEOMETRIC_REPRESENTATION_CONTEXT(2) 
PARAMETRIC_REPRESENTATION_CONTEXT() REPRESENTATION_CONTEXT('2D SPACE',''
  ) );
#10207 = ORIENTED_EDGE('',*,*,#10208,.T.);
#10208 = EDGE_CURVE('',#10186,#10186,#10209,.T.);
#10209 = SURFACE_CURVE('',#10210,(#10215,#10222),.PCURVE_S1.);
#10210 = CIRCLE('',#10211,0.25);
#10211 = AXIS2_PLACEMENT_3D('',#10212,#10213,#10214);
#10212 = CARTESIAN_POINT('',(17.939652738325,30.922990793717,65.25));
#10213 = DIRECTION('',(0.,0.,1.));
#10214 = DIRECTION('',(1.,0.,0.));
#10215 = PCURVE('',#10161,#10216);
#10216 = DEFINITIONAL_REPRESENTATION('',(#10217),#10221);
#10217 = LINE('',#10218,#10219);
#10218 = CARTESIAN_POINT('',(0.,0.));
#10219 = VECTOR('',#10220,1.);
#10220 = DIRECTION('',(1.,0.));
#10221 = ( GEOMETRIC_REPRESENTATION_CONTEXT(2) 
PARAMETRIC_REPRESENTATION_CONTEXT() REPRESENTATION_CONTEXT('2D SPACE',''
  ) );
#10222 = PCURVE('',#10223,#10228);
#10223 = PLANE('',#10224);
#10224 = AXIS2_PLACEMENT_3D('',#10225,#10226,#10227);
#10225 = CARTESIAN_POINT('',(17.939652738325,30.922990793717,65.25));
#10226 = DIRECTION('',(0.,0.,1.));
#10227 = DIRECTION('',(1.,0.,0.));
#10228 = DEFINITIONAL_REPRESENTATION('',(#10229),#10233);
#10229 = CIRCLE('',#10230,0.25);
#10230 = AXIS2_PLACEMENT_2D('',#10231,#10232);
#10231 = CARTESIAN_POINT('',(0.,0.));
#10232 = DIRECTION('',(1.,0.));
#10233 = ( GEOMETRIC_REPRESENTATION_CONTEXT(2) 
PARAMETRIC_REPRESENTATION_CONTEXT() REPRESENTATION_CONTEXT('2D SPACE',''
  ) );
#10234 = ORIENTED_EDGE('',*,*,#10185,.T.);
#10235 = ADVANCED_FACE('',(#10236),#10173,.T.);
#10236 = FACE_BOUND('',#10237,.T.);
#10237 = EDGE_LOOP('',(#10238));
#10238 = ORIENTED_EDGE('',*,*,#10151,.T.);
#10239 = ADVANCED_FACE('',(#10240),#10223,.F.);
#10240 = FACE_BOUND('',#10241,.T.);
#10241 = EDGE_LOOP('',(#10242));
#10242 = ORIENTED_EDGE('',*,*,#10208,.F.);
#10243 = MANIFOLD_SOLID_BREP('',#10244);
#10244 = CLOSED_SHELL('',(#10245,#10333,#10337));
#10245 = ADVANCED_FACE('',(#10246),#10259,.T.);
#10246 = FACE_BOUND('',#10247,.T.);
#10247 = EDGE_LOOP('',(#10248,#10282,#10305,#10332));
#10248 = ORIENTED_EDGE('',*,*,#10249,.F.);
#10249 = EDGE_CURVE('',#10250,#10250,#10252,.T.);
#10250 = VERTEX_POINT('',#10251);
#10251 = CARTESIAN_POINT('',(22.26855374952,28.164619485793,101.25));
#10252 = SURFACE_CURVE('',#10253,(#10258,#10270),.PCURVE_S1.);
#10253 = CIRCLE('',#10254,0.25);
#10254 = AXIS2_PLACEMENT_3D('',#10255,#10256,#10257);
#10255 = CARTESIAN_POINT('',(22.01855374952,28.164619485793,101.25));
#10256 = DIRECTION('',(0.,0.,1.));
#10257 = DIRECTION('',(1.,0.,0.));
#10258 = PCURVE('',#10259,#10264);
#10259 = CYLINDRICAL_SURFACE('',#10260,0.25);
#10260 = AXIS2_PLACEMENT_3D('',#10261,#10262,#10263);
#10261 = CARTESIAN_POINT('',(22.01855374952,28.164619485793,65.25));
#10262 = DIRECTION('',(0.,0.,1.));
#10263 = DIRECTION('',(1.,0.,0.));
#10264 = DEFINITIONAL_REPRESENTATION('',(#10265),#10269);
#10265 = LINE('',#10266,#10267);
#10266 = CARTESIAN_POINT('',(0.,36.));
#10267 = VECTOR('',#10268,1.);
#10268 = DIRECTION('',(1.,0.));
#10269 = ( GEOMETRIC_REPRESENTATION_CONTEXT(2) 
PARAMETRIC_REPRESENTATION_CONTEXT() REPRESENTATION_CONTEXT('2D SPACE',''
  ) );
#10270 = PCURVE('',#10271,#10276);
#10271 = PLANE('',#10272);
#10272 = AXIS2_PLACEMENT_3D('',#10273,#10274,#10275);
#10273 = CARTESIAN_POINT('',(22.01855374952,28.164619485793,101.25));
#10274 = DIRECTION('',(0.,0.,1.));
#10275 = DIRECTION('',(1.,0.,0.));
#10276 = DEFINITIONAL_REPRESENTATION('',(#10277),#10281);
#10277 = CIRCLE('',#10278,0.25);
#10278 = AXIS2_PLACEMENT_2D('',#10279,#10280);
#10279 = CARTESIAN_POINT('',(0.,0.));
#10280 = DIRECTION('',(1.,0.));
#10281 = ( GEOMETRIC_REPRESENTATION_CONTEXT(2) 
PARAMETRIC_REPRESENTATION_CONTEXT() REPRESENTATION_CONTEXT('2D SPACE',''
  ) );
#10282 = ORIENTED_EDGE('',*,*,#10283,.F.);
#10283 = EDGE_CURVE('',#10284,#10250,#10286,.T.);
#10284 = VERTEX_POINT('',#10285);
#10285 = CARTESIAN_POINT('',(22.26855374952,28.164619485793,65.25));
#10286 = SEAM_CURVE('',#10287,(#10291,#10298),.PCURVE_S1.);
#10287 = LINE('',#10288,#10289);
#10288 = CARTESIAN_POINT('',(22.26855374952,28.164619485793,65.25));
#10289 = VECTOR('',#10290,1.);
#10290 = DIRECTION('',(0.,0.,1.));
#10291 = PCURVE('',#10259,#10292);
#10292 = DEFINITIONAL_REPRESENTATION('',(#10293),#10297);
#10293 = LINE('',#10294,#10295);
#10294 = CARTESIAN_POINT('',(6.28318530718,-0.));
#10295 = VECTOR('',#10296,1.);
#10296 = DIRECTION('',(0.,1.));
#10297 = ( GEOMETRIC_REPRESENTATION_CONTEXT(2) 
PARAMETRIC_REPRESENTATION_CONTEXT() REPRESENTATION_CONTEXT('2D SPACE',''
  ) );
#10298 = PCURVE('',#10259,#10299);
#10299 = DEFINITIONAL_REPRESENTATION('',(#10300),#10304);
#10300 = LINE('',#10301,#10302);
#10301 = CARTESIAN_POINT('',(0.,-0.));
#10302 = VECTOR('',#10303,1.);
#10303 = DIRECTION('',(0.,1.));
#10304 = ( GEOMETRIC_REPRESENTATION_CONTEXT(2) 
PARAMETRIC_REPRESENTATION_CONTEXT() REPRESENTATION_CONTEXT('2D SPACE',''
  ) );
#10305 = ORIENTED_EDGE('',*,*,#10306,.T.);
#10306 = EDGE_CURVE('',#10284,#10284,#10307,.T.);
#10307 = SURFACE_CURVE('',#10308,(#10313,#10320),.PCURVE_S1.);
#10308 = CIRCLE('',#10309,0.25);
#10309 = AXIS2_PLACEMENT_3D('',#10310,#10311,#10312);
#10310 = CARTESIAN_POINT('',(22.01855374952,28.164619485793,65.25));
#10311 = DIRECTION('',(0.,0.,1.));
#10312 = DIRECTION('',(1.,0.,0.));
#10313 = PCURVE('',#10259,#10314);
#10314 = DEFINITIONAL_REPRESENTATION('',(#10315),#10319);
#10315 = LINE('',#10316,#10317);
#10316 = CARTESIAN_POINT('',(0.,0.));
#10317 = VECTOR('',#10318,1.);
#10318 = DIRECTION('',(1.,0.));
#10319 = ( GEOMETRIC_REPRESENTATION_CONTEXT(2) 
PARAMETRIC_REPRESENTATION_CONTEXT() REPRESENTATION_CONTEXT('2D SPACE',''
  ) );
#10320 = PCURVE('',#10321,#10326);
#10321 = PLANE('',#10322);
#10322 = AXIS2_PLACEMENT_3D('',#10323,#10324,#10325);
#10323 = CARTESIAN_POINT('',(22.01855374952,28.164619485793,65.25));
#10324 = DIRECTION('',(0.,0.,1.));
#10325 = DIRECTION('',(1.,0.,0.));
#10326 = DEFINITIONAL_REPRESENTATION('',(#10327),#10331);
#10327 = CIRCLE('',#10328,0.25);
#10328 = AXIS2_PLACEMENT_2D('',#10329,#10330);
#10329 = CARTESIAN_POINT('',(0.,0.));
#10330 = DIRECTION('',(1.,0.));
#10331 = ( GEOMETRIC_REPRESENTATION_CONTEXT(2) 
PARAMETRIC_REPRESENTATION_CONTEXT() REPRESENTATION_CONTEXT('2D SPACE',''
  ) );
#10332 = ORIENTED_EDGE('',*,*,#10283,.T.);
#10333 = ADVANCED_FACE('',(#10334),#10271,.T.);
#10334 = FACE_BOUND('',#10335,.T.);
#10335 = EDGE_LOOP('',(#10336));
#10336 = ORIENTED_EDGE('',*,*,#10249,.T.);
#10337 = ADVANCED_FACE('',(#10338),#10321,.F.);
#10338 = FACE_BOUND('',#10339,.T.);
#10339 = EDGE_LOOP('',(#10340));
#10340 = ORIENTED_EDGE('',*,*,#10306,.F.);
#10341 = MANIFOLD_SOLID_BREP('',#10342);
#10342 = CLOSED_SHELL('',(#10343,#10431,#10435));
#10343 = ADVANCED_FACE('',(#10344),#10357,.T.);
#10344 = FACE_BOUND('',#10345,.T.);
#10345 = EDGE_LOOP('',(#10346,#10380,#10403,#10430));
#10346 = ORIENTED_EDGE('',*,*,#10347,.F.);
#10347 = EDGE_CURVE('',#10348,#10348,#10350,.T.);
#10348 = VERTEX_POINT('',#10349);
#10349 = CARTESIAN_POINT('',(25.929742120564,24.871938899517,108.5));
#10350 = SURFACE_CURVE('',#10351,(#10356,#10368),.PCURVE_S1.);
#10351 = CIRCLE('',#10352,0.25);
#10352 = AXIS2_PLACEMENT_3D('',#10353,#10354,#10355);
#10353 = CARTESIAN_POINT('',(25.679742120564,24.871938899517,108.5));
#10354 = DIRECTION('',(0.,0.,1.));
#10355 = DIRECTION('',(1.,0.,0.));
#10356 = PCURVE('',#10357,#10362);
#10357 = CYLINDRICAL_SURFACE('',#10358,0.25);
#10358 = AXIS2_PLACEMENT_3D('',#10359,#10360,#10361);
#10359 = CARTESIAN_POINT('',(25.679742120564,24.871938899517,72.5));
#10360 = DIRECTION('',(0.,0.,1.));
#10361 = DIRECTION('',(1.,0.,0.));
#10362 = DEFINITIONAL_REPRESENTATION('',(#10363),#10367);
#10363 = LINE('',#10364,#10365);
#10364 = CARTESIAN_POINT('',(0.,36.));
#10365 = VECTOR('',#10366,1.);
#10366 = DIRECTION('',(1.,0.));
#10367 = ( GEOMETRIC_REPRESENTATION_CONTEXT(2) 
PARAMETRIC_REPRESENTATION_CONTEXT() REPRESENTATION_CONTEXT('2D SPACE',''
  ) );
#10368 = PCURVE('',#10369,#10374);
#10369 = PLANE('',#10370);
#10370 = AXIS2_PLACEMENT_3D('',#10371,#10372,#10373);
#10371 = CARTESIAN_POINT('',(25.679742120564,24.871938899517,108.5));
#10372 = DIRECTION('',(0.,0.,1.));
#10373 = DIRECTION('',(1.,0.,0.));
#10374 = DEFINITIONAL_REPRESENTATION('',(#10375),#10379);
#10375 = CIRCLE('',#10376,0.25);
#10376 = AXIS2_PLACEMENT_2D('',#10377,#10378);
#10377 = CARTESIAN_POINT('',(0.,0.));
#10378 = DIRECTION('',(1.,0.));
#10379 = ( GEOMETRIC_REPRESENTATION_CONTEXT(2) 
PARAMETRIC_REPRESENTATION_CONTEXT() REPRESENTATION_CONTEXT('2D SPACE',''
  ) );
#10380 = ORIENTED_EDGE('',*,*,#10381,.F.);
#10381 = EDGE_CURVE('',#10382,#10348,#10384,.T.);
#10382 = VERTEX_POINT('',#10383);
#10383 = CARTESIAN_POINT('',(25.929742120564,24.871938899517,72.5));
#10384 = SEAM_CURVE('',#10385,(#10389,#10396),.PCURVE_S1.);
#10385 = LINE('',#10386,#10387);
#10386 = CARTESIAN_POINT('',(25.929742120564,24.871938899517,72.5));
#10387 = VECTOR('',#10388,1.);
#10388 = DIRECTION('',(0.,0.,1.));
#10389 = PCURVE('',#10357,#10390);
#10390 = DEFINITIONAL_REPRESENTATION('',(#10391),#10395);
#10391 = LINE('',#10392,#10393);
#10392 = CARTESIAN_POINT('',(6.28318530718,-0.));
#10393 = VECTOR('',#10394,1.);
#10394 = DIRECTION('',(0.,1.));
#10395 = ( GEOMETRIC_REPRESENTATION_CONTEXT(2) 
PARAMETRIC_REPRESENTATION_CONTEXT() REPRESENTATION_CONTEXT('2D SPACE',''
  ) );
#10396 = PCURVE('',#10357,#10397);
#10397 = DEFINITIONAL_REPRESENTATION('',(#10398),#10402);
#10398 = LINE('',#10399,#10400);
#10399 = CARTESIAN_POINT('',(0.,-0.));
#10400 = VECTOR('',#10401,1.);
#10401 = DIRECTION('',(0.,1.));
#10402 = ( GEOMETRIC_REPRESENTATION_CONTEXT(2) 
PARAMETRIC_REPRESENTATION_CONTEXT() REPRESENTATION_CONTEXT('2D SPACE',''
  ) );
#10403 = ORIENTED_EDGE('',*,*,#10404,.T.);
#10404 = EDGE_CURVE('',#10382,#10382,#10405,.T.);
#10405 = SURFACE_CURVE('',#10406,(#10411,#10418),.PCURVE_S1.);
#10406 = CIRCLE('',#10407,0.25);
#10407 = AXIS2_PLACEMENT_3D('',#10408,#10409,#10410);
#10408 = CARTESIAN_POINT('',(25.679742120564,24.871938899517,72.5));
#10409 = DIRECTION('',(0.,0.,1.));
#10410 = DIRECTION('',(1.,0.,0.));
#10411 = PCURVE('',#10357,#10412);
#10412 = DEFINITIONAL_REPRESENTATION('',(#10413),#10417);
#10413 = LINE('',#10414,#10415);
#10414 = CARTESIAN_POINT('',(0.,0.));
#10415 = VECTOR('',#10416,1.);
#10416 = DIRECTION('',(1.,0.));
#10417 = ( GEOMETRIC_REPRESENTATION_CONTEXT(2) 
PARAMETRIC_REPRESENTATION_CONTEXT() REPRESENTATION_CONTEXT('2D SPACE',''
  ) );
#10418 = PCURVE('',#10419,#10424);
#10419 = PLANE('',#10420);
#10420 = AXIS2_PLACEMENT_3D('',#10421,#10422,#10423);
#10421 = CARTESIAN_POINT('',(25.679742120564,24.871938899517,72.5));
#10422 = DIRECTION('',(0.,0.,1.));
#10423 = DIRECTION('',(1.,0.,0.));
#10424 = DEFINITIONAL_REPRESENTATION('',(#10425),#10429);
#10425 = CIRCLE('',#10426,0.25);
#10426 = AXIS2_PLACEMENT_2D('',#10427,#10428);
#10427 = CARTESIAN_POINT('',(0.,0.));
#10428 = DIRECTION('',(1.,0.));
#10429 = ( GEOMETRIC_REPRESENTATION_CONTEXT(2) 
PARAMETRIC_REPRESENTATION_CONTEXT() REPRESENTATION_CONTEXT('2D SPACE',''
  ) );
#10430 = ORIENTED_EDGE('',*,*,#10381,.T.);
#10431 = ADVANCED_FACE('',(#10432),#10369,.T.);
#10432 = FACE_BOUND('',#10433,.T.);
#10433 = EDGE_LOOP('',(#10434));
#10434 = ORIENTED_EDGE('',*,*,#10347,.T.);
#10435 = ADVANCED_FACE('',(#10436),#10419,.F.);
#10436 = FACE_BOUND('',#10437,.T.);
#10437 = EDGE_LOOP('',(#10438));
#10438 = ORIENTED_EDGE('',*,*,#10404,.F.);
#10439 = MANIFOLD_SOLID_BREP('',#10440);
#10440 = CLOSED_SHELL('',(#10441,#10529,#10533));
#10441 = ADVANCED_FACE('',(#10442),#10455,.T.);
#10442 = FACE_BOUND('',#10443,.T.);
#10443 = EDGE_LOOP('',(#10444,#10478,#10501,#10528));
#10444 = ORIENTED_EDGE('',*,*,#10445,.F.);
#10445 = EDGE_CURVE('',#10446,#10446,#10448,.T.);
#10446 = VERTEX_POINT('',#10447);
#10447 = CARTESIAN_POINT('',(29.103761670187,21.107414277454,108.5));
#10448 = SURFACE_CURVE('',#10449,(#10454,#10466),.PCURVE_S1.);
#10449 = CIRCLE('',#10450,0.25);
#10450 = AXIS2_PLACEMENT_3D('',#10451,#10452,#10453);
#10451 = CARTESIAN_POINT('',(28.853761670187,21.107414277454,108.5));
#10452 = DIRECTION('',(0.,0.,1.));
#10453 = DIRECTION('',(1.,0.,0.));
#10454 = PCURVE('',#10455,#10460);
#10455 = CYLINDRICAL_SURFACE('',#10456,0.25);
#10456 = AXIS2_PLACEMENT_3D('',#10457,#10458,#10459);
#10457 = CARTESIAN_POINT('',(28.853761670187,21.107414277454,72.5));
#10458 = DIRECTION('',(0.,0.,1.));
#10459 = DIRECTION('',(1.,0.,0.));
#10460 = DEFINITIONAL_REPRESENTATION('',(#10461),#10465);
#10461 = LINE('',#10462,#10463);
#10462 = CARTESIAN_POINT('',(0.,36.));
#10463 = VECTOR('',#10464,1.);
#10464 = DIRECTION('',(1.,0.));
#10465 = ( GEOMETRIC_REPRESENTATION_CONTEXT(2) 
PARAMETRIC_REPRESENTATION_CONTEXT() REPRESENTATION_CONTEXT('2D SPACE',''
  ) );
#10466 = PCURVE('',#10467,#10472);
#10467 = PLANE('',#10468);
#10468 = AXIS2_PLACEMENT_3D('',#10469,#10470,#10471);
#10469 = CARTESIAN_POINT('',(28.853761670187,21.107414277454,108.5));
#10470 = DIRECTION('',(0.,0.,1.));
#10471 = DIRECTION('',(1.,0.,0.));
#10472 = DEFINITIONAL_REPRESENTATION('',(#10473),#10477);
#10473 = CIRCLE('',#10474,0.25);
#10474 = AXIS2_PLACEMENT_2D('',#10475,#10476);
#10475 = CARTESIAN_POINT('',(0.,0.));
#10476 = DIRECTION('',(1.,0.));
#10477 = ( GEOMETRIC_REPRESENTATION_CONTEXT(2) 
PARAMETRIC_REPRESENTATION_CONTEXT() REPRESENTATION_CONTEXT('2D SPACE',''
  ) );
#10478 = ORIENTED_EDGE('',*,*,#10479,.F.);
#10479 = EDGE_CURVE('',#10480,#10446,#10482,.T.);
#10480 = VERTEX_POINT('',#10481);
#10481 = CARTESIAN_POINT('',(29.103761670187,21.107414277454,72.5));
#10482 = SEAM_CURVE('',#10483,(#10487,#10494),.PCURVE_S1.);
#10483 = LINE('',#10484,#10485);
#10484 = CARTESIAN_POINT('',(29.103761670187,21.107414277454,72.5));
#10485 = VECTOR('',#10486,1.);
#10486 = DIRECTION('',(0.,0.,1.));
#10487 = PCURVE('',#10455,#10488);
#10488 = DEFINITIONAL_REPRESENTATION('',(#10489),#10493);
#10489 = LINE('',#10490,#10491);
#10490 = CARTESIAN_POINT('',(6.28318530718,-0.));
#10491 = VECTOR('',#10492,1.);
#10492 = DIRECTION('',(0.,1.));
#10493 = ( GEOMETRIC_REPRESENTATION_CONTEXT(2) 
PARAMETRIC_REPRESENTATION_CONTEXT() REPRESENTATION_CONTEXT('2D SPACE',''
  ) );
#10494 = PCURVE('',#10455,#10495);
#10495 = DEFINITIONAL_REPRESENTATION('',(#10496),#10500);
#10496 = LINE('',#10497,#10498);
#10497 = CARTESIAN_POINT('',(0.,-0.));
#10498 = VECTOR('',#10499,1.);
#10499 = DIRECTION('',(0.,1.));
#10500 = ( GEOMETRIC_REPRESENTATION_CONTEXT(2) 
PARAMETRIC_REPRESENTATION_CONTEXT() REPRESENTATION_CONTEXT('2D SPACE',''
  ) );
#10501 = ORIENTED_EDGE('',*,*,#10502,.T.);
#10502 = EDGE_CURVE('',#10480,#10480,#10503,.T.);
#10503 = SURFACE_CURVE('',#10504,(#10509,#10516),.PCURVE_S1.);
#10504 = CIRCLE('',#10505,0.25);
#10505 = AXIS2_PLACEMENT_3D('',#10506,#10507,#10508);
#10506 = CARTESIAN_POINT('',(28.853761670187,21.107414277454,72.5));
#10507 = DIRECTION('',(0.,0.,1.));
#10508 = DIRECTION('',(1.,0.,0.));
#10509 = PCURVE('',#10455,#10510);
#10510 = DEFINITIONAL_REPRESENTATION('',(#10511),#10515);
#10511 = LINE('',#10512,#10513);
#10512 = CARTESIAN_POINT('',(0.,0.));
#10513 = VECTOR('',#10514,1.);
#10514 = DIRECTION('',(1.,0.));
#10515 = ( GEOMETRIC_REPRESENTATION_CONTEXT(2) 
PARAMETRIC_REPRESENTATION_CONTEXT() REPRESENTATION_CONTEXT('2D SPACE',''
  ) );
#10516 = PCURVE('',#10517,#10522);
#10517 = PLANE('',#10518);
#10518 = AXIS2_PLACEMENT_3D('',#10519,#10520,#10521);
#10519 = CARTESIAN_POINT('',(28.853761670187,21.107414277454,72.5));
#10520 = DIRECTION('',(0.,0.,1.));
#10521 = DIRECTION('',(1.,0.,0.));
#10522 = DEFINITIONAL_REPRESENTATION('',(#10523),#10527);
#10523 = CIRCLE('',#10524,0.25);
#10524 = AXIS2_PLACEMENT_2D('',#10525,#10526);
#10525 = CARTESIAN_POINT('',(0.,0.));
#10526 = DIRECTION('',(1.,0.));
#10527 = ( GEOMETRIC_REPRESENTATION_CONTEXT(2) 
PARAMETRIC_REPRESENTATION_CONTEXT() REPRESENTATION_CONTEXT('2D SPACE',''
  ) );
#10528 = ORIENTED_EDGE('',*,*,#10479,.T.);
#10529 = ADVANCED_FACE('',(#10530),#10467,.T.);
#10530 = FACE_BOUND('',#10531,.T.);
#10531 = EDGE_LOOP('',(#10532));
#10532 = ORIENTED_EDGE('',*,*,#10445,.T.);
#10533 = ADVANCED_FACE('',(#10534),#10517,.F.);
#10534 = FACE_BOUND('',#10535,.T.);
#10535 = EDGE_LOOP('',(#10536));
#10536 = ORIENTED_EDGE('',*,*,#10502,.F.);
#10537 = MANIFOLD_SOLID_BREP('',#10538);
#10538 = CLOSED_SHELL('',(#10539,#10627,#10631));
#10539 = ADVANCED_FACE('',(#10540),#10553,.T.);
#10540 = FACE_BOUND('',#10541,.T.);
#10541 = EDGE_LOOP('',(#10542,#10576,#10599,#10626));
#10542 = ORIENTED_EDGE('',*,*,#10543,.F.);
#10543 = EDGE_CURVE('',#10544,#10544,#10546,.T.);
#10544 = VERTEX_POINT('',#10545);
#10545 = CARTESIAN_POINT('',(31.730398267112,16.942462186588,108.5));
#10546 = SURFACE_CURVE('',#10547,(#10552,#10564),.PCURVE_S1.);
#10547 = CIRCLE('',#10548,0.25);
#10548 = AXIS2_PLACEMENT_3D('',#10549,#10550,#10551);
#10549 = CARTESIAN_POINT('',(31.480398267112,16.942462186588,108.5));
#10550 = DIRECTION('',(0.,0.,1.));
#10551 = DIRECTION('',(1.,0.,0.));
#10552 = PCURVE('',#10553,#10558);
#10553 = CYLINDRICAL_SURFACE('',#10554,0.25);
#10554 = AXIS2_PLACEMENT_3D('',#10555,#10556,#10557);
#10555 = CARTESIAN_POINT('',(31.480398267112,16.942462186588,72.5));
#10556 = DIRECTION('',(0.,0.,1.));
#10557 = DIRECTION('',(1.,0.,0.));
#10558 = DEFINITIONAL_REPRESENTATION('',(#10559),#10563);
#10559 = LINE('',#10560,#10561);
#10560 = CARTESIAN_POINT('',(0.,36.));
#10561 = VECTOR('',#10562,1.);
#10562 = DIRECTION('',(1.,0.));
#10563 = ( GEOMETRIC_REPRESENTATION_CONTEXT(2) 
PARAMETRIC_REPRESENTATION_CONTEXT() REPRESENTATION_CONTEXT('2D SPACE',''
  ) );
#10564 = PCURVE('',#10565,#10570);
#10565 = PLANE('',#10566);
#10566 = AXIS2_PLACEMENT_3D('',#10567,#10568,#10569);
#10567 = CARTESIAN_POINT('',(31.480398267112,16.942462186588,108.5));
#10568 = DIRECTION('',(0.,0.,1.));
#10569 = DIRECTION('',(1.,0.,0.));
#10570 = DEFINITIONAL_REPRESENTATION('',(#10571),#10575);
#10571 = CIRCLE('',#10572,0.25);
#10572 = AXIS2_PLACEMENT_2D('',#10573,#10574);
#10573 = CARTESIAN_POINT('',(0.,0.));
#10574 = DIRECTION('',(1.,0.));
#10575 = ( GEOMETRIC_REPRESENTATION_CONTEXT(2) 
PARAMETRIC_REPRESENTATION_CONTEXT() REPRESENTATION_CONTEXT('2D SPACE',''
  ) );
#10576 = ORIENTED_EDGE('',*,*,#10577,.F.);
#10577 = EDGE_CURVE('',#10578,#10544,#10580,.T.);
#10578 = VERTEX_POINT('',#10579);
#10579 = CARTESIAN_POINT('',(31.730398267112,16.942462186588,72.5));
#10580 = SEAM_CURVE('',#10581,(#10585,#10592),.PCURVE_S1.);
#10581 = LINE('',#10582,#10583);
#10582 = CARTESIAN_POINT('',(31.730398267112,16.942462186588,72.5));
#10583 = VECTOR('',#10584,1.);
#10584 = DIRECTION('',(0.,0.,1.));
#10585 = PCURVE('',#10553,#10586);
#10586 = DEFINITIONAL_REPRESENTATION('',(#10587),#10591);
#10587 = LINE('',#10588,#10589);
#10588 = CARTESIAN_POINT('',(6.28318530718,-0.));
#10589 = VECTOR('',#10590,1.);
#10590 = DIRECTION('',(0.,1.));
#10591 = ( GEOMETRIC_REPRESENTATION_CONTEXT(2) 
PARAMETRIC_REPRESENTATION_CONTEXT() REPRESENTATION_CONTEXT('2D SPACE',''
  ) );
#10592 = PCURVE('',#10553,#10593);
#10593 = DEFINITIONAL_REPRESENTATION('',(#10594),#10598);
#10594 = LINE('',#10595,#10596);
#10595 = CARTESIAN_POINT('',(0.,-0.));
#10596 = VECTOR('',#10597,1.);
#10597 = DIRECTION('',(0.,1.));
#10598 = ( GEOMETRIC_REPRESENTATION_CONTEXT(2) 
PARAMETRIC_REPRESENTATION_CONTEXT() REPRESENTATION_CONTEXT('2D SPACE',''
  ) );
#10599 = ORIENTED_EDGE('',*,*,#10600,.T.);
#10600 = EDGE_CURVE('',#10578,#10578,#10601,.T.);
#10601 = SURFACE_CURVE('',#10602,(#10607,#10614),.PCURVE_S1.);
#10602 = CIRCLE('',#10603,0.25);
#10603 = AXIS2_PLACEMENT_3D('',#10604,#10605,#10606);
#10604 = CARTESIAN_POINT('',(31.480398267112,16.942462186588,72.5));
#10605 = DIRECTION('',(0.,0.,1.));
#10606 = DIRECTION('',(1.,0.,0.));
#10607 = PCURVE('',#10553,#10608);
#10608 = DEFINITIONAL_REPRESENTATION('',(#10609),#10613);
#10609 = LINE('',#10610,#10611);
#10610 = CARTESIAN_POINT('',(0.,0.));
#10611 = VECTOR('',#10612,1.);
#10612 = DIRECTION('',(1.,0.));
#10613 = ( GEOMETRIC_REPRESENTATION_CONTEXT(2) 
PARAMETRIC_REPRESENTATION_CONTEXT() REPRESENTATION_CONTEXT('2D SPACE',''
  ) );
#10614 = PCURVE('',#10615,#10620);
#10615 = PLANE('',#10616);
#10616 = AXIS2_PLACEMENT_3D('',#10617,#10618,#10619);
#10617 = CARTESIAN_POINT('',(31.480398267112,16.942462186588,72.5));
#10618 = DIRECTION('',(0.,0.,1.));
#10619 = DIRECTION('',(1.,0.,0.));
#10620 = DEFINITIONAL_REPRESENTATION('',(#10621),#10625);
#10621 = CIRCLE('',#10622,0.25);
#10622 = AXIS2_PLACEMENT_2D('',#10623,#10624);
#10623 = CARTESIAN_POINT('',(0.,0.));
#10624 = DIRECTION('',(1.,0.));
#10625 = ( GEOMETRIC_REPRESENTATION_CONTEXT(2) 
PARAMETRIC_REPRESENTATION_CONTEXT() REPRESENTATION_CONTEXT('2D SPACE',''
  ) );
#10626 = ORIENTED_EDGE('',*,*,#10577,.T.);
#10627 = ADVANCED_FACE('',(#10628),#10565,.T.);
#10628 = FACE_BOUND('',#10629,.T.);
#10629 = EDGE_LOOP('',(#10630));
#10630 = ORIENTED_EDGE('',*,*,#10543,.T.);
#10631 = ADVANCED_FACE('',(#10632),#10615,.F.);
#10632 = FACE_BOUND('',#10633,.T.);
#10633 = EDGE_LOOP('',(#10634));
#10634 = ORIENTED_EDGE('',*,*,#10600,.F.);
#10635 = MANIFOLD_SOLID_BREP('',#10636);
#10636 = CLOSED_SHELL('',(#10637,#10725,#10729));
#10637 = ADVANCED_FACE('',(#10638),#10651,.T.);
#10638 = FACE_BOUND('',#10639,.T.);
#10639 = EDGE_LOOP('',(#10640,#10674,#10697,#10724));
#10640 = ORIENTED_EDGE('',*,*,#10641,.F.);
#10641 = EDGE_CURVE('',#10642,#10642,#10644,.T.);
#10642 = VERTEX_POINT('',#10643);
#10643 = CARTESIAN_POINT('',(33.759822148674,12.456095678995,108.5));
#10644 = SURFACE_CURVE('',#10645,(#10650,#10662),.PCURVE_S1.);
#10645 = CIRCLE('',#10646,0.25);
#10646 = AXIS2_PLACEMENT_3D('',#10647,#10648,#10649);
#10647 = CARTESIAN_POINT('',(33.509822148674,12.456095678995,108.5));
#10648 = DIRECTION('',(0.,0.,1.));
#10649 = DIRECTION('',(1.,0.,0.));
#10650 = PCURVE('',#10651,#10656);
#10651 = CYLINDRICAL_SURFACE('',#10652,0.25);
#10652 = AXIS2_PLACEMENT_3D('',#10653,#10654,#10655);
#10653 = CARTESIAN_POINT('',(33.509822148674,12.456095678995,72.5));
#10654 = DIRECTION('',(0.,0.,1.));
#10655 = DIRECTION('',(1.,0.,0.));
#10656 = DEFINITIONAL_REPRESENTATION('',(#10657),#10661);
#10657 = LINE('',#10658,#10659);
#10658 = CARTESIAN_POINT('',(0.,36.));
#10659 = VECTOR('',#10660,1.);
#10660 = DIRECTION('',(1.,0.));
#10661 = ( GEOMETRIC_REPRESENTATION_CONTEXT(2) 
PARAMETRIC_REPRESENTATION_CONTEXT() REPRESENTATION_CONTEXT('2D SPACE',''
  ) );
#10662 = PCURVE('',#10663,#10668);
#10663 = PLANE('',#10664);
#10664 = AXIS2_PLACEMENT_3D('',#10665,#10666,#10667);
#10665 = CARTESIAN_POINT('',(33.509822148674,12.456095678995,108.5));
#10666 = DIRECTION('',(0.,0.,1.));
#10667 = DIRECTION('',(1.,0.,0.));
#10668 = DEFINITIONAL_REPRESENTATION('',(#10669),#10673);
#10669 = CIRCLE('',#10670,0.25);
#10670 = AXIS2_PLACEMENT_2D('',#10671,#10672);
#10671 = CARTESIAN_POINT('',(0.,0.));
#10672 = DIRECTION('',(1.,0.));
#10673 = ( GEOMETRIC_REPRESENTATION_CONTEXT(2) 
PARAMETRIC_REPRESENTATION_CONTEXT() REPRESENTATION_CONTEXT('2D SPACE',''
  ) );
#10674 = ORIENTED_EDGE('',*,*,#10675,.F.);
#10675 = EDGE_CURVE('',#10676,#10642,#10678,.T.);
#10676 = VERTEX_POINT('',#10677);
#10677 = CARTESIAN_POINT('',(33.759822148674,12.456095678995,72.5));
#10678 = SEAM_CURVE('',#10679,(#10683,#10690),.PCURVE_S1.);
#10679 = LINE('',#10680,#10681);
#10680 = CARTESIAN_POINT('',(33.759822148674,12.456095678995,72.5));
#10681 = VECTOR('',#10682,1.);
#10682 = DIRECTION('',(0.,0.,1.));
#10683 = PCURVE('',#10651,#10684);
#10684 = DEFINITIONAL_REPRESENTATION('',(#10685),#10689);
#10685 = LINE('',#10686,#10687);
#10686 = CARTESIAN_POINT('',(6.28318530718,-0.));
#10687 = VECTOR('',#10688,1.);
#10688 = DIRECTION('',(0.,1.));
#10689 = ( GEOMETRIC_REPRESENTATION_CONTEXT(2) 
PARAMETRIC_REPRESENTATION_CONTEXT() REPRESENTATION_CONTEXT('2D SPACE',''
  ) );
#10690 = PCURVE('',#10651,#10691);
#10691 = DEFINITIONAL_REPRESENTATION('',(#10692),#10696);
#10692 = LINE('',#10693,#10694);
#10693 = CARTESIAN_POINT('',(0.,-0.));
#10694 = VECTOR('',#10695,1.);
#10695 = DIRECTION('',(0.,1.));
#10696 = ( GEOMETRIC_REPRESENTATION_CONTEXT(2) 
PARAMETRIC_REPRESENTATION_CONTEXT() REPRESENTATION_CONTEXT('2D SPACE',''
  ) );
#10697 = ORIENTED_EDGE('',*,*,#10698,.T.);
#10698 = EDGE_CURVE('',#10676,#10676,#10699,.T.);
#10699 = SURFACE_CURVE('',#10700,(#10705,#10712),.PCURVE_S1.);
#10700 = CIRCLE('',#10701,0.25);
#10701 = AXIS2_PLACEMENT_3D('',#10702,#10703,#10704);
#10702 = CARTESIAN_POINT('',(33.509822148674,12.456095678995,72.5));
#10703 = DIRECTION('',(0.,0.,1.));
#10704 = DIRECTION('',(1.,0.,0.));
#10705 = PCURVE('',#10651,#10706);
#10706 = DEFINITIONAL_REPRESENTATION('',(#10707),#10711);
#10707 = LINE('',#10708,#10709);
#10708 = CARTESIAN_POINT('',(0.,0.));
#10709 = VECTOR('',#10710,1.);
#10710 = DIRECTION('',(1.,0.));
#10711 = ( GEOMETRIC_REPRESENTATION_CONTEXT(2) 
PARAMETRIC_REPRESENTATION_CONTEXT() REPRESENTATION_CONTEXT('2D SPACE',''
  ) );
#10712 = PCURVE('',#10713,#10718);
#10713 = PLANE('',#10714);
#10714 = AXIS2_PLACEMENT_3D('',#10715,#10716,#10717);
#10715 = CARTESIAN_POINT('',(33.509822148674,12.456095678995,72.5));
#10716 = DIRECTION('',(0.,0.,1.));
#10717 = DIRECTION('',(1.,0.,0.));
#10718 = DEFINITIONAL_REPRESENTATION('',(#10719),#10723);
#10719 = CIRCLE('',#10720,0.25);
#10720 = AXIS2_PLACEMENT_2D('',#10721,#10722);
#10721 = CARTESIAN_POINT('',(0.,0.));
#10722 = DIRECTION('',(1.,0.));
#10723 = ( GEOMETRIC_REPRESENTATION_CONTEXT(2) 
PARAMETRIC_REPRESENTATION_CONTEXT() REPRESENTATION_CONTEXT('2D SPACE',''
  ) );
#10724 = ORIENTED_EDGE('',*,*,#10675,.T.);
#10725 = ADVANCED_FACE('',(#10726),#10663,.T.);
#10726 = FACE_BOUND('',#10727,.T.);
#10727 = EDGE_LOOP('',(#10728));
#10728 = ORIENTED_EDGE('',*,*,#10641,.T.);
#10729 = ADVANCED_FACE('',(#10730),#10713,.F.);
#10730 = FACE_BOUND('',#10731,.T.);
#10731 = EDGE_LOOP('',(#10732));
#10732 = ORIENTED_EDGE('',*,*,#10698,.F.);
#10733 = MANIFOLD_SOLID_BREP('',#10734);
#10734 = CLOSED_SHELL('',(#10735,#10823,#10827));
#10735 = ADVANCED_FACE('',(#10736),#10749,.T.);
#10736 = FACE_BOUND('',#10737,.T.);
#10737 = EDGE_LOOP('',(#10738,#10772,#10795,#10822));
#10738 = ORIENTED_EDGE('',*,*,#10739,.F.);
#10739 = EDGE_CURVE('',#10740,#10740,#10742,.T.);
#10740 = VERTEX_POINT('',#10741);
#10741 = CARTESIAN_POINT('',(35.153533238199,7.73342534004,115.75));
#10742 = SURFACE_CURVE('',#10743,(#10748,#10760),.PCURVE_S1.);
#10743 = CIRCLE('',#10744,0.25);
#10744 = AXIS2_PLACEMENT_3D('',#10745,#10746,#10747);
#10745 = CARTESIAN_POINT('',(34.903533238199,7.73342534004,115.75));
#10746 = DIRECTION('',(0.,0.,1.));
#10747 = DIRECTION('',(1.,0.,0.));
#10748 = PCURVE('',#10749,#10754);
#10749 = CYLINDRICAL_SURFACE('',#10750,0.25);
#10750 = AXIS2_PLACEMENT_3D('',#10751,#10752,#10753);
#10751 = CARTESIAN_POINT('',(34.903533238199,7.73342534004,79.75));
#10752 = DIRECTION('',(0.,0.,1.));
#10753 = DIRECTION('',(1.,0.,0.));
#10754 = DEFINITIONAL_REPRESENTATION('',(#10755),#10759);
#10755 = LINE('',#10756,#10757);
#10756 = CARTESIAN_POINT('',(0.,36.));
#10757 = VECTOR('',#10758,1.);
#10758 = DIRECTION('',(1.,0.));
#10759 = ( GEOMETRIC_REPRESENTATION_CONTEXT(2) 
PARAMETRIC_REPRESENTATION_CONTEXT() REPRESENTATION_CONTEXT('2D SPACE',''
  ) );
#10760 = PCURVE('',#10761,#10766);
#10761 = PLANE('',#10762);
#10762 = AXIS2_PLACEMENT_3D('',#10763,#10764,#10765);
#10763 = CARTESIAN_POINT('',(34.903533238199,7.73342534004,115.75));
#10764 = DIRECTION('',(0.,0.,1.));
#10765 = DIRECTION('',(1.,0.,0.));
#10766 = DEFINITIONAL_REPRESENTATION('',(#10767),#10771);
#10767 = CIRCLE('',#10768,0.25);
#10768 = AXIS2_PLACEMENT_2D('',#10769,#10770);
#10769 = CARTESIAN_POINT('',(0.,0.));
#10770 = DIRECTION('',(1.,0.));
#10771 = ( GEOMETRIC_REPRESENTATION_CONTEXT(2) 
PARAMETRIC_REPRESENTATION_CONTEXT() REPRESENTATION_CONTEXT('2D SPACE',''
  ) );
#10772 = ORIENTED_EDGE('',*,*,#10773,.F.);
#10773 = EDGE_CURVE('',#10774,#10740,#10776,.T.);
#10774 = VERTEX_POINT('',#10775);
#10775 = CARTESIAN_POINT('',(35.153533238199,7.73342534004,79.75));
#10776 = SEAM_CURVE('',#10777,(#10781,#10788),.PCURVE_S1.);
#10777 = LINE('',#10778,#10779);
#10778 = CARTESIAN_POINT('',(35.153533238199,7.73342534004,79.75));
#10779 = VECTOR('',#10780,1.);
#10780 = DIRECTION('',(0.,0.,1.));
#10781 = PCURVE('',#10749,#10782);
#10782 = DEFINITIONAL_REPRESENTATION('',(#10783),#10787);
#10783 = LINE('',#10784,#10785);
#10784 = CARTESIAN_POINT('',(6.28318530718,-0.));
#10785 = VECTOR('',#10786,1.);
#10786 = DIRECTION('',(0.,1.));
#10787 = ( GEOMETRIC_REPRESENTATION_CONTEXT(2) 
PARAMETRIC_REPRESENTATION_CONTEXT() REPRESENTATION_CONTEXT('2D SPACE',''
  ) );
#10788 = PCURVE('',#10749,#10789);
#10789 = DEFINITIONAL_REPRESENTATION('',(#10790),#10794);
#10790 = LINE('',#10791,#10792);
#10791 = CARTESIAN_POINT('',(0.,-0.));
#10792 = VECTOR('',#10793,1.);
#10793 = DIRECTION('',(0.,1.));
#10794 = ( GEOMETRIC_REPRESENTATION_CONTEXT(2) 
PARAMETRIC_REPRESENTATION_CONTEXT() REPRESENTATION_CONTEXT('2D SPACE',''
  ) );
#10795 = ORIENTED_EDGE('',*,*,#10796,.T.);
#10796 = EDGE_CURVE('',#10774,#10774,#10797,.T.);
#10797 = SURFACE_CURVE('',#10798,(#10803,#10810),.PCURVE_S1.);
#10798 = CIRCLE('',#10799,0.25);
#10799 = AXIS2_PLACEMENT_3D('',#10800,#10801,#10802);
#10800 = CARTESIAN_POINT('',(34.903533238199,7.73342534004,79.75));
#10801 = DIRECTION('',(0.,0.,1.));
#10802 = DIRECTION('',(1.,0.,0.));
#10803 = PCURVE('',#10749,#10804);
#10804 = DEFINITIONAL_REPRESENTATION('',(#10805),#10809);
#10805 = LINE('',#10806,#10807);
#10806 = CARTESIAN_POINT('',(0.,0.));
#10807 = VECTOR('',#10808,1.);
#10808 = DIRECTION('',(1.,0.));
#10809 = ( GEOMETRIC_REPRESENTATION_CONTEXT(2) 
PARAMETRIC_REPRESENTATION_CONTEXT() REPRESENTATION_CONTEXT('2D SPACE',''
  ) );
#10810 = PCURVE('',#10811,#10816);
#10811 = PLANE('',#10812);
#10812 = AXIS2_PLACEMENT_3D('',#10813,#10814,#10815);
#10813 = CARTESIAN_POINT('',(34.903533238199,7.73342534004,79.75));
#10814 = DIRECTION('',(0.,0.,1.));
#10815 = DIRECTION('',(1.,0.,0.));
#10816 = DEFINITIONAL_REPRESENTATION('',(#10817),#10821);
#10817 = CIRCLE('',#10818,0.25);
#10818 = AXIS2_PLACEMENT_2D('',#10819,#10820);
#10819 = CARTESIAN_POINT('',(0.,0.));
#10820 = DIRECTION('',(1.,0.));
#10821 = ( GEOMETRIC_REPRESENTATION_CONTEXT(2) 
PARAMETRIC_REPRESENTATION_CONTEXT() REPRESENTATION_CONTEXT('2D SPACE',''
  ) );
#10822 = ORIENTED_EDGE('',*,*,#10773,.T.);
#10823 = ADVANCED_FACE('',(#10824),#10761,.T.);
#10824 = FACE_BOUND('',#10825,.T.);
#10825 = EDGE_LOOP('',(#10826));
#10826 = ORIENTED_EDGE('',*,*,#10739,.T.);
#10827 = ADVANCED_FACE('',(#10828),#10811,.F.);
#10828 = FACE_BOUND('',#10829,.T.);
#10829 = EDGE_LOOP('',(#10830));
#10830 = ORIENTED_EDGE('',*,*,#10796,.F.);
#10831 = MANIFOLD_SOLID_BREP('',#10832);
#10832 = CLOSED_SHELL('',(#10833,#10921,#10925));
#10833 = ADVANCED_FACE('',(#10834),#10847,.T.);
#10834 = FACE_BOUND('',#10835,.T.);
#10835 = EDGE_LOOP('',(#10836,#10870,#10893,#10920));
#10836 = ORIENTED_EDGE('',*,*,#10837,.F.);
#10837 = EDGE_CURVE('',#10838,#10838,#10840,.T.);
#10838 = VERTEX_POINT('',#10839);
#10839 = CARTESIAN_POINT('',(35.885091527618,2.864044660663,115.75));
#10840 = SURFACE_CURVE('',#10841,(#10846,#10858),.PCURVE_S1.);
#10841 = CIRCLE('',#10842,0.25);
#10842 = AXIS2_PLACEMENT_3D('',#10843,#10844,#10845);
#10843 = CARTESIAN_POINT('',(35.635091527618,2.864044660663,115.75));
#10844 = DIRECTION('',(0.,0.,1.));
#10845 = DIRECTION('',(1.,0.,0.));
#10846 = PCURVE('',#10847,#10852);
#10847 = CYLINDRICAL_SURFACE('',#10848,0.25);
#10848 = AXIS2_PLACEMENT_3D('',#10849,#10850,#10851);
#10849 = CARTESIAN_POINT('',(35.635091527618,2.864044660663,79.75));
#10850 = DIRECTION('',(0.,0.,1.));
#10851 = DIRECTION('',(1.,0.,0.));
#10852 = DEFINITIONAL_REPRESENTATION('',(#10853),#10857);
#10853 = LINE('',#10854,#10855);
#10854 = CARTESIAN_POINT('',(0.,36.));
#10855 = VECTOR('',#10856,1.);
#10856 = DIRECTION('',(1.,0.));
#10857 = ( GEOMETRIC_REPRESENTATION_CONTEXT(2) 
PARAMETRIC_REPRESENTATION_CONTEXT() REPRESENTATION_CONTEXT('2D SPACE',''
  ) );
#10858 = PCURVE('',#10859,#10864);
#10859 = PLANE('',#10860);
#10860 = AXIS2_PLACEMENT_3D('',#10861,#10862,#10863);
#10861 = CARTESIAN_POINT('',(35.635091527618,2.864044660663,115.75));
#10862 = DIRECTION('',(0.,0.,1.));
#10863 = DIRECTION('',(1.,0.,0.));
#10864 = DEFINITIONAL_REPRESENTATION('',(#10865),#10869);
#10865 = CIRCLE('',#10866,0.25);
#10866 = AXIS2_PLACEMENT_2D('',#10867,#10868);
#10867 = CARTESIAN_POINT('',(0.,0.));
#10868 = DIRECTION('',(1.,0.));
#10869 = ( GEOMETRIC_REPRESENTATION_CONTEXT(2) 
PARAMETRIC_REPRESENTATION_CONTEXT() REPRESENTATION_CONTEXT('2D SPACE',''
  ) );
#10870 = ORIENTED_EDGE('',*,*,#10871,.F.);
#10871 = EDGE_CURVE('',#10872,#10838,#10874,.T.);
#10872 = VERTEX_POINT('',#10873);
#10873 = CARTESIAN_POINT('',(35.885091527618,2.864044660663,79.75));
#10874 = SEAM_CURVE('',#10875,(#10879,#10886),.PCURVE_S1.);
#10875 = LINE('',#10876,#10877);
#10876 = CARTESIAN_POINT('',(35.885091527618,2.864044660663,79.75));
#10877 = VECTOR('',#10878,1.);
#10878 = DIRECTION('',(0.,0.,1.));
#10879 = PCURVE('',#10847,#10880);
#10880 = DEFINITIONAL_REPRESENTATION('',(#10881),#10885);
#10881 = LINE('',#10882,#10883);
#10882 = CARTESIAN_POINT('',(6.28318530718,-0.));
#10883 = VECTOR('',#10884,1.);
#10884 = DIRECTION('',(0.,1.));
#10885 = ( GEOMETRIC_REPRESENTATION_CONTEXT(2) 
PARAMETRIC_REPRESENTATION_CONTEXT() REPRESENTATION_CONTEXT('2D SPACE',''
  ) );
#10886 = PCURVE('',#10847,#10887);
#10887 = DEFINITIONAL_REPRESENTATION('',(#10888),#10892);
#10888 = LINE('',#10889,#10890);
#10889 = CARTESIAN_POINT('',(0.,-0.));
#10890 = VECTOR('',#10891,1.);
#10891 = DIRECTION('',(0.,1.));
#10892 = ( GEOMETRIC_REPRESENTATION_CONTEXT(2) 
PARAMETRIC_REPRESENTATION_CONTEXT() REPRESENTATION_CONTEXT('2D SPACE',''
  ) );
#10893 = ORIENTED_EDGE('',*,*,#10894,.T.);
#10894 = EDGE_CURVE('',#10872,#10872,#10895,.T.);
#10895 = SURFACE_CURVE('',#10896,(#10901,#10908),.PCURVE_S1.);
#10896 = CIRCLE('',#10897,0.25);
#10897 = AXIS2_PLACEMENT_3D('',#10898,#10899,#10900);
#10898 = CARTESIAN_POINT('',(35.635091527618,2.864044660663,79.75));
#10899 = DIRECTION('',(0.,0.,1.));
#10900 = DIRECTION('',(1.,0.,0.));
#10901 = PCURVE('',#10847,#10902);
#10902 = DEFINITIONAL_REPRESENTATION('',(#10903),#10907);
#10903 = LINE('',#10904,#10905);
#10904 = CARTESIAN_POINT('',(0.,0.));
#10905 = VECTOR('',#10906,1.);
#10906 = DIRECTION('',(1.,0.));
#10907 = ( GEOMETRIC_REPRESENTATION_CONTEXT(2) 
PARAMETRIC_REPRESENTATION_CONTEXT() REPRESENTATION_CONTEXT('2D SPACE',''
  ) );
#10908 = PCURVE('',#10909,#10914);
#10909 = PLANE('',#10910);
#10910 = AXIS2_PLACEMENT_3D('',#10911,#10912,#10913);
#10911 = CARTESIAN_POINT('',(35.635091527618,2.864044660663,79.75));
#10912 = DIRECTION('',(0.,0.,1.));
#10913 = DIRECTION('',(1.,0.,0.));
#10914 = DEFINITIONAL_REPRESENTATION('',(#10915),#10919);
#10915 = CIRCLE('',#10916,0.25);
#10916 = AXIS2_PLACEMENT_2D('',#10917,#10918);
#10917 = CARTESIAN_POINT('',(0.,0.));
#10918 = DIRECTION('',(1.,0.));
#10919 = ( GEOMETRIC_REPRESENTATION_CONTEXT(2) 
PARAMETRIC_REPRESENTATION_CONTEXT() REPRESENTATION_CONTEXT('2D SPACE',''
  ) );
#10920 = ORIENTED_EDGE('',*,*,#10871,.T.);
#10921 = ADVANCED_FACE('',(#10922),#10859,.T.);
#10922 = FACE_BOUND('',#10923,.T.);
#10923 = EDGE_LOOP('',(#10924));
#10924 = ORIENTED_EDGE('',*,*,#10837,.T.);
#10925 = ADVANCED_FACE('',(#10926),#10909,.F.);
#10926 = FACE_BOUND('',#10927,.T.);
#10927 = EDGE_LOOP('',(#10928));
#10928 = ORIENTED_EDGE('',*,*,#10894,.F.);
#10929 = MANIFOLD_SOLID_BREP('',#10930);
#10930 = CLOSED_SHELL('',(#10931,#11019,#11023));
#10931 = ADVANCED_FACE('',(#10932),#10945,.T.);
#10932 = FACE_BOUND('',#10933,.T.);
#10933 = EDGE_LOOP('',(#10934,#10968,#10991,#11018));
#10934 = ORIENTED_EDGE('',*,*,#10935,.F.);
#10935 = EDGE_CURVE('',#10936,#10936,#10938,.T.);
#10936 = VERTEX_POINT('',#10937);
#10937 = CARTESIAN_POINT('',(35.940618669246,-2.059669635278,115.75));
#10938 = SURFACE_CURVE('',#10939,(#10944,#10956),.PCURVE_S1.);
#10939 = CIRCLE('',#10940,0.25);
#10940 = AXIS2_PLACEMENT_3D('',#10941,#10942,#10943);
#10941 = CARTESIAN_POINT('',(35.690618669246,-2.059669635278,115.75));
#10942 = DIRECTION('',(0.,0.,1.));
#10943 = DIRECTION('',(1.,0.,0.));
#10944 = PCURVE('',#10945,#10950);
#10945 = CYLINDRICAL_SURFACE('',#10946,0.25);
#10946 = AXIS2_PLACEMENT_3D('',#10947,#10948,#10949);
#10947 = CARTESIAN_POINT('',(35.690618669246,-2.059669635278,79.75));
#10948 = DIRECTION('',(0.,0.,1.));
#10949 = DIRECTION('',(1.,0.,0.));
#10950 = DEFINITIONAL_REPRESENTATION('',(#10951),#10955);
#10951 = LINE('',#10952,#10953);
#10952 = CARTESIAN_POINT('',(0.,36.));
#10953 = VECTOR('',#10954,1.);
#10954 = DIRECTION('',(1.,0.));
#10955 = ( GEOMETRIC_REPRESENTATION_CONTEXT(2) 
PARAMETRIC_REPRESENTATION_CONTEXT() REPRESENTATION_CONTEXT('2D SPACE',''
  ) );
#10956 = PCURVE('',#10957,#10962);
#10957 = PLANE('',#10958);
#10958 = AXIS2_PLACEMENT_3D('',#10959,#10960,#10961);
#10959 = CARTESIAN_POINT('',(35.690618669246,-2.059669635278,115.75));
#10960 = DIRECTION('',(0.,0.,1.));
#10961 = DIRECTION('',(1.,0.,0.));
#10962 = DEFINITIONAL_REPRESENTATION('',(#10963),#10967);
#10963 = CIRCLE('',#10964,0.25);
#10964 = AXIS2_PLACEMENT_2D('',#10965,#10966);
#10965 = CARTESIAN_POINT('',(0.,0.));
#10966 = DIRECTION('',(1.,0.));
#10967 = ( GEOMETRIC_REPRESENTATION_CONTEXT(2) 
PARAMETRIC_REPRESENTATION_CONTEXT() REPRESENTATION_CONTEXT('2D SPACE',''
  ) );
#10968 = ORIENTED_EDGE('',*,*,#10969,.F.);
#10969 = EDGE_CURVE('',#10970,#10936,#10972,.T.);
#10970 = VERTEX_POINT('',#10971);
#10971 = CARTESIAN_POINT('',(35.940618669246,-2.059669635278,79.75));
#10972 = SEAM_CURVE('',#10973,(#10977,#10984),.PCURVE_S1.);
#10973 = LINE('',#10974,#10975);
#10974 = CARTESIAN_POINT('',(35.940618669246,-2.059669635278,79.75));
#10975 = VECTOR('',#10976,1.);
#10976 = DIRECTION('',(0.,0.,1.));
#10977 = PCURVE('',#10945,#10978);
#10978 = DEFINITIONAL_REPRESENTATION('',(#10979),#10983);
#10979 = LINE('',#10980,#10981);
#10980 = CARTESIAN_POINT('',(6.28318530718,-0.));
#10981 = VECTOR('',#10982,1.);
#10982 = DIRECTION('',(0.,1.));
#10983 = ( GEOMETRIC_REPRESENTATION_CONTEXT(2) 
PARAMETRIC_REPRESENTATION_CONTEXT() REPRESENTATION_CONTEXT('2D SPACE',''
  ) );
#10984 = PCURVE('',#10945,#10985);
#10985 = DEFINITIONAL_REPRESENTATION('',(#10986),#10990);
#10986 = LINE('',#10987,#10988);
#10987 = CARTESIAN_POINT('',(0.,-0.));
#10988 = VECTOR('',#10989,1.);
#10989 = DIRECTION('',(0.,1.));
#10990 = ( GEOMETRIC_REPRESENTATION_CONTEXT(2) 
PARAMETRIC_REPRESENTATION_CONTEXT() REPRESENTATION_CONTEXT('2D SPACE',''
  ) );
#10991 = ORIENTED_EDGE('',*,*,#10992,.T.);
#10992 = EDGE_CURVE('',#10970,#10970,#10993,.T.);
#10993 = SURFACE_CURVE('',#10994,(#10999,#11006),.PCURVE_S1.);
#10994 = CIRCLE('',#10995,0.25);
#10995 = AXIS2_PLACEMENT_3D('',#10996,#10997,#10998);
#10996 = CARTESIAN_POINT('',(35.690618669246,-2.059669635278,79.75));
#10997 = DIRECTION('',(0.,0.,1.));
#10998 = DIRECTION('',(1.,0.,0.));
#10999 = PCURVE('',#10945,#11000);
#11000 = DEFINITIONAL_REPRESENTATION('',(#11001),#11005);
#11001 = LINE('',#11002,#11003);
#11002 = CARTESIAN_POINT('',(0.,0.));
#11003 = VECTOR('',#11004,1.);
#11004 = DIRECTION('',(1.,0.));
#11005 = ( GEOMETRIC_REPRESENTATION_CONTEXT(2) 
PARAMETRIC_REPRESENTATION_CONTEXT() REPRESENTATION_CONTEXT('2D SPACE',''
  ) );
#11006 = PCURVE('',#11007,#11012);
#11007 = PLANE('',#11008);
#11008 = AXIS2_PLACEMENT_3D('',#11009,#11010,#11011);
#11009 = CARTESIAN_POINT('',(35.690618669246,-2.059669635278,79.75));
#11010 = DIRECTION('',(0.,0.,1.));
#11011 = DIRECTION('',(1.,0.,0.));
#11012 = DEFINITIONAL_REPRESENTATION('',(#11013),#11017);
#11013 = CIRCLE('',#11014,0.25);
#11014 = AXIS2_PLACEMENT_2D('',#11015,#11016);
#11015 = CARTESIAN_POINT('',(0.,0.));
#11016 = DIRECTION('',(1.,0.));
#11017 = ( GEOMETRIC_REPRESENTATION_CONTEXT(2) 
PARAMETRIC_REPRESENTATION_CONTEXT() REPRESENTATION_CONTEXT('2D SPACE',''
  ) );
#11018 = ORIENTED_EDGE('',*,*,#10969,.T.);
#11019 = ADVANCED_FACE('',(#11020),#10957,.T.);
#11020 = FACE_BOUND('',#11021,.T.);
#11021 = EDGE_LOOP('',(#11022));
#11022 = ORIENTED_EDGE('',*,*,#10935,.T.);
#11023 = ADVANCED_FACE('',(#11024),#11007,.F.);
#11024 = FACE_BOUND('',#11025,.T.);
#11025 = EDGE_LOOP('',(#11026));
#11026 = ORIENTED_EDGE('',*,*,#10992,.F.);
#11027 = MANIFOLD_SOLID_BREP('',#11028);
#11028 = CLOSED_SHELL('',(#11029,#11117,#11121));
#11029 = ADVANCED_FACE('',(#11030),#11043,.T.);
#11030 = FACE_BOUND('',#11031,.T.);
#11031 = EDGE_LOOP('',(#11032,#11066,#11089,#11116));
#11032 = ORIENTED_EDGE('',*,*,#11033,.F.);
#11033 = EDGE_CURVE('',#11034,#11034,#11036,.T.);
#11034 = VERTEX_POINT('',#11035);
#11035 = CARTESIAN_POINT('',(35.319061261064,-6.944310064199,115.75));
#11036 = SURFACE_CURVE('',#11037,(#11042,#11054),.PCURVE_S1.);
#11037 = CIRCLE('',#11038,0.25);
#11038 = AXIS2_PLACEMENT_3D('',#11039,#11040,#11041);
#11039 = CARTESIAN_POINT('',(35.069061261064,-6.944310064199,115.75));
#11040 = DIRECTION('',(0.,0.,1.));
#11041 = DIRECTION('',(1.,0.,0.));
#11042 = PCURVE('',#11043,#11048);
#11043 = CYLINDRICAL_SURFACE('',#11044,0.25);
#11044 = AXIS2_PLACEMENT_3D('',#11045,#11046,#11047);
#11045 = CARTESIAN_POINT('',(35.069061261064,-6.944310064199,79.75));
#11046 = DIRECTION('',(0.,0.,1.));
#11047 = DIRECTION('',(1.,0.,0.));
#11048 = DEFINITIONAL_REPRESENTATION('',(#11049),#11053);
#11049 = LINE('',#11050,#11051);
#11050 = CARTESIAN_POINT('',(0.,36.));
#11051 = VECTOR('',#11052,1.);
#11052 = DIRECTION('',(1.,0.));
#11053 = ( GEOMETRIC_REPRESENTATION_CONTEXT(2) 
PARAMETRIC_REPRESENTATION_CONTEXT() REPRESENTATION_CONTEXT('2D SPACE',''
  ) );
#11054 = PCURVE('',#11055,#11060);
#11055 = PLANE('',#11056);
#11056 = AXIS2_PLACEMENT_3D('',#11057,#11058,#11059);
#11057 = CARTESIAN_POINT('',(35.069061261064,-6.944310064199,115.75));
#11058 = DIRECTION('',(0.,0.,1.));
#11059 = DIRECTION('',(1.,0.,0.));
#11060 = DEFINITIONAL_REPRESENTATION('',(#11061),#11065);
#11061 = CIRCLE('',#11062,0.25);
#11062 = AXIS2_PLACEMENT_2D('',#11063,#11064);
#11063 = CARTESIAN_POINT('',(0.,0.));
#11064 = DIRECTION('',(1.,0.));
#11065 = ( GEOMETRIC_REPRESENTATION_CONTEXT(2) 
PARAMETRIC_REPRESENTATION_CONTEXT() REPRESENTATION_CONTEXT('2D SPACE',''
  ) );
#11066 = ORIENTED_EDGE('',*,*,#11067,.F.);
#11067 = EDGE_CURVE('',#11068,#11034,#11070,.T.);
#11068 = VERTEX_POINT('',#11069);
#11069 = CARTESIAN_POINT('',(35.319061261064,-6.944310064199,79.75));
#11070 = SEAM_CURVE('',#11071,(#11075,#11082),.PCURVE_S1.);
#11071 = LINE('',#11072,#11073);
#11072 = CARTESIAN_POINT('',(35.319061261064,-6.944310064199,79.75));
#11073 = VECTOR('',#11074,1.);
#11074 = DIRECTION('',(0.,0.,1.));
#11075 = PCURVE('',#11043,#11076);
#11076 = DEFINITIONAL_REPRESENTATION('',(#11077),#11081);
#11077 = LINE('',#11078,#11079);
#11078 = CARTESIAN_POINT('',(6.28318530718,-0.));
#11079 = VECTOR('',#11080,1.);
#11080 = DIRECTION('',(0.,1.));
#11081 = ( GEOMETRIC_REPRESENTATION_CONTEXT(2) 
PARAMETRIC_REPRESENTATION_CONTEXT() REPRESENTATION_CONTEXT('2D SPACE',''
  ) );
#11082 = PCURVE('',#11043,#11083);
#11083 = DEFINITIONAL_REPRESENTATION('',(#11084),#11088);
#11084 = LINE('',#11085,#11086);
#11085 = CARTESIAN_POINT('',(0.,-0.));
#11086 = VECTOR('',#11087,1.);
#11087 = DIRECTION('',(0.,1.));
#11088 = ( GEOMETRIC_REPRESENTATION_CONTEXT(2) 
PARAMETRIC_REPRESENTATION_CONTEXT() REPRESENTATION_CONTEXT('2D SPACE',''
  ) );
#11089 = ORIENTED_EDGE('',*,*,#11090,.T.);
#11090 = EDGE_CURVE('',#11068,#11068,#11091,.T.);
#11091 = SURFACE_CURVE('',#11092,(#11097,#11104),.PCURVE_S1.);
#11092 = CIRCLE('',#11093,0.25);
#11093 = AXIS2_PLACEMENT_3D('',#11094,#11095,#11096);
#11094 = CARTESIAN_POINT('',(35.069061261064,-6.944310064199,79.75));
#11095 = DIRECTION('',(0.,0.,1.));
#11096 = DIRECTION('',(1.,0.,0.));
#11097 = PCURVE('',#11043,#11098);
#11098 = DEFINITIONAL_REPRESENTATION('',(#11099),#11103);
#11099 = LINE('',#11100,#11101);
#11100 = CARTESIAN_POINT('',(0.,0.));
#11101 = VECTOR('',#11102,1.);
#11102 = DIRECTION('',(1.,0.));
#11103 = ( GEOMETRIC_REPRESENTATION_CONTEXT(2) 
PARAMETRIC_REPRESENTATION_CONTEXT() REPRESENTATION_CONTEXT('2D SPACE',''
  ) );
#11104 = PCURVE('',#11105,#11110);
#11105 = PLANE('',#11106);
#11106 = AXIS2_PLACEMENT_3D('',#11107,#11108,#11109);
#11107 = CARTESIAN_POINT('',(35.069061261064,-6.944310064199,79.75));
#11108 = DIRECTION('',(0.,0.,1.));
#11109 = DIRECTION('',(1.,0.,0.));
#11110 = DEFINITIONAL_REPRESENTATION('',(#11111),#11115);
#11111 = CIRCLE('',#11112,0.25);
#11112 = AXIS2_PLACEMENT_2D('',#11113,#11114);
#11113 = CARTESIAN_POINT('',(0.,0.));
#11114 = DIRECTION('',(1.,0.));
#11115 = ( GEOMETRIC_REPRESENTATION_CONTEXT(2) 
PARAMETRIC_REPRESENTATION_CONTEXT() REPRESENTATION_CONTEXT('2D SPACE',''
  ) );
#11116 = ORIENTED_EDGE('',*,*,#11067,.T.);
#11117 = ADVANCED_FACE('',(#11118),#11055,.T.);
#11118 = FACE_BOUND('',#11119,.T.);
#11119 = EDGE_LOOP('',(#11120));
#11120 = ORIENTED_EDGE('',*,*,#11033,.T.);
#11121 = ADVANCED_FACE('',(#11122),#11105,.F.);
#11122 = FACE_BOUND('',#11123,.T.);
#11123 = EDGE_LOOP('',(#11124));
#11124 = ORIENTED_EDGE('',*,*,#11090,.F.);
#11125 = MANIFOLD_SOLID_BREP('',#11126);
#11126 = CLOSED_SHELL('',(#11127,#11215,#11219));
#11127 = ADVANCED_FACE('',(#11128),#11141,.T.);
#11128 = FACE_BOUND('',#11129,.T.);
#11129 = EDGE_LOOP('',(#11130,#11164,#11187,#11214));
#11130 = ORIENTED_EDGE('',*,*,#11131,.F.);
#11131 = EDGE_CURVE('',#11132,#11132,#11134,.T.);
#11132 = VERTEX_POINT('',#11133);
#11133 = CARTESIAN_POINT('',(34.032210830752,-11.69721041046,123.));
#11134 = SURFACE_CURVE('',#11135,(#11140,#11152),.PCURVE_S1.);
#11135 = CIRCLE('',#11136,0.25);
#11136 = AXIS2_PLACEMENT_3D('',#11137,#11138,#11139);
#11137 = CARTESIAN_POINT('',(33.782210830752,-11.69721041046,123.));
#11138 = DIRECTION('',(0.,0.,1.));
#11139 = DIRECTION('',(1.,0.,0.));
#11140 = PCURVE('',#11141,#11146);
#11141 = CYLINDRICAL_SURFACE('',#11142,0.25);
#11142 = AXIS2_PLACEMENT_3D('',#11143,#11144,#11145);
#11143 = CARTESIAN_POINT('',(33.782210830752,-11.69721041046,87.));
#11144 = DIRECTION('',(0.,0.,1.));
#11145 = DIRECTION('',(1.,0.,0.));
#11146 = DEFINITIONAL_REPRESENTATION('',(#11147),#11151);
#11147 = LINE('',#11148,#11149);
#11148 = CARTESIAN_POINT('',(0.,36.));
#11149 = VECTOR('',#11150,1.);
#11150 = DIRECTION('',(1.,0.));
#11151 = ( GEOMETRIC_REPRESENTATION_CONTEXT(2) 
PARAMETRIC_REPRESENTATION_CONTEXT() REPRESENTATION_CONTEXT('2D SPACE',''
  ) );
#11152 = PCURVE('',#11153,#11158);
#11153 = PLANE('',#11154);
#11154 = AXIS2_PLACEMENT_3D('',#11155,#11156,#11157);
#11155 = CARTESIAN_POINT('',(33.782210830752,-11.69721041046,123.));
#11156 = DIRECTION('',(0.,0.,1.));
#11157 = DIRECTION('',(1.,0.,0.));
#11158 = DEFINITIONAL_REPRESENTATION('',(#11159),#11163);
#11159 = CIRCLE('',#11160,0.25);
#11160 = AXIS2_PLACEMENT_2D('',#11161,#11162);
#11161 = CARTESIAN_POINT('',(0.,0.));
#11162 = DIRECTION('',(1.,0.));
#11163 = ( GEOMETRIC_REPRESENTATION_CONTEXT(2) 
PARAMETRIC_REPRESENTATION_CONTEXT() REPRESENTATION_CONTEXT('2D SPACE',''
  ) );
#11164 = ORIENTED_EDGE('',*,*,#11165,.F.);
#11165 = EDGE_CURVE('',#11166,#11132,#11168,.T.);
#11166 = VERTEX_POINT('',#11167);
#11167 = CARTESIAN_POINT('',(34.032210830752,-11.69721041046,87.));
#11168 = SEAM_CURVE('',#11169,(#11173,#11180),.PCURVE_S1.);
#11169 = LINE('',#11170,#11171);
#11170 = CARTESIAN_POINT('',(34.032210830752,-11.69721041046,87.));
#11171 = VECTOR('',#11172,1.);
#11172 = DIRECTION('',(0.,0.,1.));
#11173 = PCURVE('',#11141,#11174);
#11174 = DEFINITIONAL_REPRESENTATION('',(#11175),#11179);
#11175 = LINE('',#11176,#11177);
#11176 = CARTESIAN_POINT('',(6.28318530718,-0.));
#11177 = VECTOR('',#11178,1.);
#11178 = DIRECTION('',(0.,1.));
#11179 = ( GEOMETRIC_REPRESENTATION_CONTEXT(2) 
PARAMETRIC_REPRESENTATION_CONTEXT() REPRESENTATION_CONTEXT('2D SPACE',''
  ) );
#11180 = PCURVE('',#11141,#11181);
#11181 = DEFINITIONAL_REPRESENTATION('',(#11182),#11186);
#11182 = LINE('',#11183,#11184);
#11183 = CARTESIAN_POINT('',(0.,-0.));
#11184 = VECTOR('',#11185,1.);
#11185 = DIRECTION('',(0.,1.));
#11186 = ( GEOMETRIC_REPRESENTATION_CONTEXT(2) 
PARAMETRIC_REPRESENTATION_CONTEXT() REPRESENTATION_CONTEXT('2D SPACE',''
  ) );
#11187 = ORIENTED_EDGE('',*,*,#11188,.T.);
#11188 = EDGE_CURVE('',#11166,#11166,#11189,.T.);
#11189 = SURFACE_CURVE('',#11190,(#11195,#11202),.PCURVE_S1.);
#11190 = CIRCLE('',#11191,0.25);
#11191 = AXIS2_PLACEMENT_3D('',#11192,#11193,#11194);
#11192 = CARTESIAN_POINT('',(33.782210830752,-11.69721041046,87.));
#11193 = DIRECTION('',(0.,0.,1.));
#11194 = DIRECTION('',(1.,0.,0.));
#11195 = PCURVE('',#11141,#11196);
#11196 = DEFINITIONAL_REPRESENTATION('',(#11197),#11201);
#11197 = LINE('',#11198,#11199);
#11198 = CARTESIAN_POINT('',(0.,0.));
#11199 = VECTOR('',#11200,1.);
#11200 = DIRECTION('',(1.,0.));
#11201 = ( GEOMETRIC_REPRESENTATION_CONTEXT(2) 
PARAMETRIC_REPRESENTATION_CONTEXT() REPRESENTATION_CONTEXT('2D SPACE',''
  ) );
#11202 = PCURVE('',#11203,#11208);
#11203 = PLANE('',#11204);
#11204 = AXIS2_PLACEMENT_3D('',#11205,#11206,#11207);
#11205 = CARTESIAN_POINT('',(33.782210830752,-11.69721041046,87.));
#11206 = DIRECTION('',(0.,0.,1.));
#11207 = DIRECTION('',(1.,0.,0.));
#11208 = DEFINITIONAL_REPRESENTATION('',(#11209),#11213);
#11209 = CIRCLE('',#11210,0.25);
#11210 = AXIS2_PLACEMENT_2D('',#11211,#11212);
#11211 = CARTESIAN_POINT('',(0.,0.));
#11212 = DIRECTION('',(1.,0.));
#11213 = ( GEOMETRIC_REPRESENTATION_CONTEXT(2) 
PARAMETRIC_REPRESENTATION_CONTEXT() REPRESENTATION_CONTEXT('2D SPACE',''
  ) );
#11214 = ORIENTED_EDGE('',*,*,#11165,.T.);
#11215 = ADVANCED_FACE('',(#11216),#11153,.T.);
#11216 = FACE_BOUND('',#11217,.T.);
#11217 = EDGE_LOOP('',(#11218));
#11218 = ORIENTED_EDGE('',*,*,#11131,.T.);
#11219 = ADVANCED_FACE('',(#11220),#11203,.F.);
#11220 = FACE_BOUND('',#11221,.T.);
#11221 = EDGE_LOOP('',(#11222));
#11222 = ORIENTED_EDGE('',*,*,#11188,.F.);
#11223 = MANIFOLD_SOLID_BREP('',#11224);
#11224 = CLOSED_SHELL('',(#11225,#11313,#11317));
#11225 = ADVANCED_FACE('',(#11226),#11239,.T.);
#11226 = FACE_BOUND('',#11227,.T.);
#11227 = EDGE_LOOP('',(#11228,#11262,#11285,#11312));
#11228 = ORIENTED_EDGE('',*,*,#11229,.F.);
#11229 = EDGE_CURVE('',#11230,#11230,#11232,.T.);
#11230 = VERTEX_POINT('',#11231);
#11231 = CARTESIAN_POINT('',(32.10448013933,-16.2282036915,123.));
#11232 = SURFACE_CURVE('',#11233,(#11238,#11250),.PCURVE_S1.);
#11233 = CIRCLE('',#11234,0.25);
#11234 = AXIS2_PLACEMENT_3D('',#11235,#11236,#11237);
#11235 = CARTESIAN_POINT('',(31.85448013933,-16.2282036915,123.));
#11236 = DIRECTION('',(0.,0.,1.));
#11237 = DIRECTION('',(1.,0.,0.));
#11238 = PCURVE('',#11239,#11244);
#11239 = CYLINDRICAL_SURFACE('',#11240,0.25);
#11240 = AXIS2_PLACEMENT_3D('',#11241,#11242,#11243);
#11241 = CARTESIAN_POINT('',(31.85448013933,-16.2282036915,87.));
#11242 = DIRECTION('',(0.,0.,1.));
#11243 = DIRECTION('',(1.,0.,0.));
#11244 = DEFINITIONAL_REPRESENTATION('',(#11245),#11249);
#11245 = LINE('',#11246,#11247);
#11246 = CARTESIAN_POINT('',(0.,36.));
#11247 = VECTOR('',#11248,1.);
#11248 = DIRECTION('',(1.,0.));
#11249 = ( GEOMETRIC_REPRESENTATION_CONTEXT(2) 
PARAMETRIC_REPRESENTATION_CONTEXT() REPRESENTATION_CONTEXT('2D SPACE',''
  ) );
#11250 = PCURVE('',#11251,#11256);
#11251 = PLANE('',#11252);
#11252 = AXIS2_PLACEMENT_3D('',#11253,#11254,#11255);
#11253 = CARTESIAN_POINT('',(31.85448013933,-16.2282036915,123.));
#11254 = DIRECTION('',(0.,0.,1.));
#11255 = DIRECTION('',(1.,0.,0.));
#11256 = DEFINITIONAL_REPRESENTATION('',(#11257),#11261);
#11257 = CIRCLE('',#11258,0.25);
#11258 = AXIS2_PLACEMENT_2D('',#11259,#11260);
#11259 = CARTESIAN_POINT('',(0.,0.));
#11260 = DIRECTION('',(1.,0.));
#11261 = ( GEOMETRIC_REPRESENTATION_CONTEXT(2) 
PARAMETRIC_REPRESENTATION_CONTEXT() REPRESENTATION_CONTEXT('2D SPACE',''
  ) );
#11262 = ORIENTED_EDGE('',*,*,#11263,.F.);
#11263 = EDGE_CURVE('',#11264,#11230,#11266,.T.);
#11264 = VERTEX_POINT('',#11265);
#11265 = CARTESIAN_POINT('',(32.10448013933,-16.2282036915,87.));
#11266 = SEAM_CURVE('',#11267,(#11271,#11278),.PCURVE_S1.);
#11267 = LINE('',#11268,#11269);
#11268 = CARTESIAN_POINT('',(32.10448013933,-16.2282036915,87.));
#11269 = VECTOR('',#11270,1.);
#11270 = DIRECTION('',(0.,0.,1.));
#11271 = PCURVE('',#11239,#11272);
#11272 = DEFINITIONAL_REPRESENTATION('',(#11273),#11277);
#11273 = LINE('',#11274,#11275);
#11274 = CARTESIAN_POINT('',(6.28318530718,-0.));
#11275 = VECTOR('',#11276,1.);
#11276 = DIRECTION('',(0.,1.));
#11277 = ( GEOMETRIC_REPRESENTATION_CONTEXT(2) 
PARAMETRIC_REPRESENTATION_CONTEXT() REPRESENTATION_CONTEXT('2D SPACE',''
  ) );
#11278 = PCURVE('',#11239,#11279);
#11279 = DEFINITIONAL_REPRESENTATION('',(#11280),#11284);
#11280 = LINE('',#11281,#11282);
#11281 = CARTESIAN_POINT('',(0.,-0.));
#11282 = VECTOR('',#11283,1.);
#11283 = DIRECTION('',(0.,1.));
#11284 = ( GEOMETRIC_REPRESENTATION_CONTEXT(2) 
PARAMETRIC_REPRESENTATION_CONTEXT() REPRESENTATION_CONTEXT('2D SPACE',''
  ) );
#11285 = ORIENTED_EDGE('',*,*,#11286,.T.);
#11286 = EDGE_CURVE('',#11264,#11264,#11287,.T.);
#11287 = SURFACE_CURVE('',#11288,(#11293,#11300),.PCURVE_S1.);
#11288 = CIRCLE('',#11289,0.25);
#11289 = AXIS2_PLACEMENT_3D('',#11290,#11291,#11292);
#11290 = CARTESIAN_POINT('',(31.85448013933,-16.2282036915,87.));
#11291 = DIRECTION('',(0.,0.,1.));
#11292 = DIRECTION('',(1.,0.,0.));
#11293 = PCURVE('',#11239,#11294);
#11294 = DEFINITIONAL_REPRESENTATION('',(#11295),#11299);
#11295 = LINE('',#11296,#11297);
#11296 = CARTESIAN_POINT('',(0.,0.));
#11297 = VECTOR('',#11298,1.);
#11298 = DIRECTION('',(1.,0.));
#11299 = ( GEOMETRIC_REPRESENTATION_CONTEXT(2) 
PARAMETRIC_REPRESENTATION_CONTEXT() REPRESENTATION_CONTEXT('2D SPACE',''
  ) );
#11300 = PCURVE('',#11301,#11306);
#11301 = PLANE('',#11302);
#11302 = AXIS2_PLACEMENT_3D('',#11303,#11304,#11305);
#11303 = CARTESIAN_POINT('',(31.85448013933,-16.2282036915,87.));
#11304 = DIRECTION('',(0.,0.,1.));
#11305 = DIRECTION('',(1.,0.,0.));
#11306 = DEFINITIONAL_REPRESENTATION('',(#11307),#11311);
#11307 = CIRCLE('',#11308,0.25);
#11308 = AXIS2_PLACEMENT_2D('',#11309,#11310);
#11309 = CARTESIAN_POINT('',(0.,0.));
#11310 = DIRECTION('',(1.,0.));
#11311 = ( GEOMETRIC_REPRESENTATION_CONTEXT(2) 
PARAMETRIC_REPRESENTATION_CONTEXT() REPRESENTATION_CONTEXT('2D SPACE',''
  ) );
#11312 = ORIENTED_EDGE('',*,*,#11263,.T.);
#11313 = ADVANCED_FACE('',(#11314),#11251,.T.);
#11314 = FACE_BOUND('',#11315,.T.);
#11315 = EDGE_LOOP('',(#11316));
#11316 = ORIENTED_EDGE('',*,*,#11229,.T.);
#11317 = ADVANCED_FACE('',(#11318),#11301,.F.);
#11318 = FACE_BOUND('',#11319,.T.);
#11319 = EDGE_LOOP('',(#11320));
#11320 = ORIENTED_EDGE('',*,*,#11286,.F.);
#11321 = MANIFOLD_SOLID_BREP('',#11322);
#11322 = CLOSED_SHELL('',(#11323,#11411,#11415));
#11323 = ADVANCED_FACE('',(#11324),#11337,.T.);
#11324 = FACE_BOUND('',#11325,.T.);
#11325 = EDGE_LOOP('',(#11326,#11360,#11383,#11410));
#11326 = ORIENTED_EDGE('',*,*,#11327,.F.);
#11327 = EDGE_CURVE('',#11328,#11328,#11330,.T.);
#11328 = VERTEX_POINT('',#11329);
#11329 = CARTESIAN_POINT('',(29.572440048164,-20.45133271016,123.));
#11330 = SURFACE_CURVE('',#11331,(#11336,#11348),.PCURVE_S1.);
#11331 = CIRCLE('',#11332,0.25);
#11332 = AXIS2_PLACEMENT_3D('',#11333,#11334,#11335);
#11333 = CARTESIAN_POINT('',(29.322440048164,-20.45133271016,123.));
#11334 = DIRECTION('',(0.,0.,1.));
#11335 = DIRECTION('',(1.,0.,0.));
#11336 = PCURVE('',#11337,#11342);
#11337 = CYLINDRICAL_SURFACE('',#11338,0.25);
#11338 = AXIS2_PLACEMENT_3D('',#11339,#11340,#11341);
#11339 = CARTESIAN_POINT('',(29.322440048164,-20.45133271016,87.));
#11340 = DIRECTION('',(0.,0.,1.));
#11341 = DIRECTION('',(1.,0.,0.));
#11342 = DEFINITIONAL_REPRESENTATION('',(#11343),#11347);
#11343 = LINE('',#11344,#11345);
#11344 = CARTESIAN_POINT('',(0.,36.));
#11345 = VECTOR('',#11346,1.);
#11346 = DIRECTION('',(1.,0.));
#11347 = ( GEOMETRIC_REPRESENTATION_CONTEXT(2) 
PARAMETRIC_REPRESENTATION_CONTEXT() REPRESENTATION_CONTEXT('2D SPACE',''
  ) );
#11348 = PCURVE('',#11349,#11354);
#11349 = PLANE('',#11350);
#11350 = AXIS2_PLACEMENT_3D('',#11351,#11352,#11353);
#11351 = CARTESIAN_POINT('',(29.322440048164,-20.45133271016,123.));
#11352 = DIRECTION('',(0.,0.,1.));
#11353 = DIRECTION('',(1.,0.,0.));
#11354 = DEFINITIONAL_REPRESENTATION('',(#11355),#11359);
#11355 = CIRCLE('',#11356,0.25);
#11356 = AXIS2_PLACEMENT_2D('',#11357,#11358);
#11357 = CARTESIAN_POINT('',(0.,0.));
#11358 = DIRECTION('',(1.,0.));
#11359 = ( GEOMETRIC_REPRESENTATION_CONTEXT(2) 
PARAMETRIC_REPRESENTATION_CONTEXT() REPRESENTATION_CONTEXT('2D SPACE',''
  ) );
#11360 = ORIENTED_EDGE('',*,*,#11361,.F.);
#11361 = EDGE_CURVE('',#11362,#11328,#11364,.T.);
#11362 = VERTEX_POINT('',#11363);
#11363 = CARTESIAN_POINT('',(29.572440048164,-20.45133271016,87.));
#11364 = SEAM_CURVE('',#11365,(#11369,#11376),.PCURVE_S1.);
#11365 = LINE('',#11366,#11367);
#11366 = CARTESIAN_POINT('',(29.572440048164,-20.45133271016,87.));
#11367 = VECTOR('',#11368,1.);
#11368 = DIRECTION('',(0.,0.,1.));
#11369 = PCURVE('',#11337,#11370);
#11370 = DEFINITIONAL_REPRESENTATION('',(#11371),#11375);
#11371 = LINE('',#11372,#11373);
#11372 = CARTESIAN_POINT('',(6.28318530718,-0.));
#11373 = VECTOR('',#11374,1.);
#11374 = DIRECTION('',(0.,1.));
#11375 = ( GEOMETRIC_REPRESENTATION_CONTEXT(2) 
PARAMETRIC_REPRESENTATION_CONTEXT() REPRESENTATION_CONTEXT('2D SPACE',''
  ) );
#11376 = PCURVE('',#11337,#11377);
#11377 = DEFINITIONAL_REPRESENTATION('',(#11378),#11382);
#11378 = LINE('',#11379,#11380);
#11379 = CARTESIAN_POINT('',(0.,-0.));
#11380 = VECTOR('',#11381,1.);
#11381 = DIRECTION('',(0.,1.));
#11382 = ( GEOMETRIC_REPRESENTATION_CONTEXT(2) 
PARAMETRIC_REPRESENTATION_CONTEXT() REPRESENTATION_CONTEXT('2D SPACE',''
  ) );
#11383 = ORIENTED_EDGE('',*,*,#11384,.T.);
#11384 = EDGE_CURVE('',#11362,#11362,#11385,.T.);
#11385 = SURFACE_CURVE('',#11386,(#11391,#11398),.PCURVE_S1.);
#11386 = CIRCLE('',#11387,0.25);
#11387 = AXIS2_PLACEMENT_3D('',#11388,#11389,#11390);
#11388 = CARTESIAN_POINT('',(29.322440048164,-20.45133271016,87.));
#11389 = DIRECTION('',(0.,0.,1.));
#11390 = DIRECTION('',(1.,0.,0.));
#11391 = PCURVE('',#11337,#11392);
#11392 = DEFINITIONAL_REPRESENTATION('',(#11393),#11397);
#11393 = LINE('',#11394,#11395);
#11394 = CARTESIAN_POINT('',(0.,0.));
#11395 = VECTOR('',#11396,1.);
#11396 = DIRECTION('',(1.,0.));
#11397 = ( GEOMETRIC_REPRESENTATION_CONTEXT(2) 
PARAMETRIC_REPRESENTATION_CONTEXT() REPRESENTATION_CONTEXT('2D SPACE',''
  ) );
#11398 = PCURVE('',#11399,#11404);
#11399 = PLANE('',#11400);
#11400 = AXIS2_PLACEMENT_3D('',#11401,#11402,#11403);
#11401 = CARTESIAN_POINT('',(29.322440048164,-20.45133271016,87.));
#11402 = DIRECTION('',(0.,0.,1.));
#11403 = DIRECTION('',(1.,0.,0.));
#11404 = DEFINITIONAL_REPRESENTATION('',(#11405),#11409);
#11405 = CIRCLE('',#11406,0.25);
#11406 = AXIS2_PLACEMENT_2D('',#11407,#11408);
#11407 = CARTESIAN_POINT('',(0.,0.));
#11408 = DIRECTION('',(1.,0.));
#11409 = ( GEOMETRIC_REPRESENTATION_CONTEXT(2) 
PARAMETRIC_REPRESENTATION_CONTEXT() REPRESENTATION_CONTEXT('2D SPACE',''
  ) );
#11410 = ORIENTED_EDGE('',*,*,#11361,.T.);
#11411 = ADVANCED_FACE('',(#11412),#11349,.T.);
#11412 = FACE_BOUND('',#11413,.T.);
#11413 = EDGE_LOOP('',(#11414));
#11414 = ORIENTED_EDGE('',*,*,#11327,.T.);
#11415 = ADVANCED_FACE('',(#11416),#11399,.F.);
#11416 = FACE_BOUND('',#11417,.T.);
#11417 = EDGE_LOOP('',(#11418));
#11418 = ORIENTED_EDGE('',*,*,#11384,.F.);
#11419 = MANIFOLD_SOLID_BREP('',#11420);
#11420 = CLOSED_SHELL('',(#11421,#11509,#11513));
#11421 = ADVANCED_FACE('',(#11422),#11435,.T.);
#11422 = FACE_BOUND('',#11423,.T.);
#11423 = EDGE_LOOP('',(#11424,#11458,#11481,#11508));
#11424 = ORIENTED_EDGE('',*,*,#11425,.F.);
#11425 = EDGE_CURVE('',#11426,#11426,#11428,.T.);
#11426 = VERTEX_POINT('',#11427);
#11427 = CARTESIAN_POINT('',(26.484125735379,-24.28648074341,123.));
#11428 = SURFACE_CURVE('',#11429,(#11434,#11446),.PCURVE_S1.);
#11429 = CIRCLE('',#11430,0.25);
#11430 = AXIS2_PLACEMENT_3D('',#11431,#11432,#11433);
#11431 = CARTESIAN_POINT('',(26.234125735379,-24.28648074341,123.));
#11432 = DIRECTION('',(0.,0.,1.));
#11433 = DIRECTION('',(1.,0.,0.));
#11434 = PCURVE('',#11435,#11440);
#11435 = CYLINDRICAL_SURFACE('',#11436,0.25);
#11436 = AXIS2_PLACEMENT_3D('',#11437,#11438,#11439);
#11437 = CARTESIAN_POINT('',(26.234125735379,-24.28648074341,87.));
#11438 = DIRECTION('',(0.,0.,1.));
#11439 = DIRECTION('',(1.,0.,0.));
#11440 = DEFINITIONAL_REPRESENTATION('',(#11441),#11445);
#11441 = LINE('',#11442,#11443);
#11442 = CARTESIAN_POINT('',(0.,36.));
#11443 = VECTOR('',#11444,1.);
#11444 = DIRECTION('',(1.,0.));
#11445 = ( GEOMETRIC_REPRESENTATION_CONTEXT(2) 
PARAMETRIC_REPRESENTATION_CONTEXT() REPRESENTATION_CONTEXT('2D SPACE',''
  ) );
#11446 = PCURVE('',#11447,#11452);
#11447 = PLANE('',#11448);
#11448 = AXIS2_PLACEMENT_3D('',#11449,#11450,#11451);
#11449 = CARTESIAN_POINT('',(26.234125735379,-24.28648074341,123.));
#11450 = DIRECTION('',(0.,0.,1.));
#11451 = DIRECTION('',(1.,0.,0.));
#11452 = DEFINITIONAL_REPRESENTATION('',(#11453),#11457);
#11453 = CIRCLE('',#11454,0.25);
#11454 = AXIS2_PLACEMENT_2D('',#11455,#11456);
#11455 = CARTESIAN_POINT('',(0.,0.));
#11456 = DIRECTION('',(1.,0.));
#11457 = ( GEOMETRIC_REPRESENTATION_CONTEXT(2) 
PARAMETRIC_REPRESENTATION_CONTEXT() REPRESENTATION_CONTEXT('2D SPACE',''
  ) );
#11458 = ORIENTED_EDGE('',*,*,#11459,.F.);
#11459 = EDGE_CURVE('',#11460,#11426,#11462,.T.);
#11460 = VERTEX_POINT('',#11461);
#11461 = CARTESIAN_POINT('',(26.484125735379,-24.28648074341,87.));
#11462 = SEAM_CURVE('',#11463,(#11467,#11474),.PCURVE_S1.);
#11463 = LINE('',#11464,#11465);
#11464 = CARTESIAN_POINT('',(26.484125735379,-24.28648074341,87.));
#11465 = VECTOR('',#11466,1.);
#11466 = DIRECTION('',(0.,0.,1.));
#11467 = PCURVE('',#11435,#11468);
#11468 = DEFINITIONAL_REPRESENTATION('',(#11469),#11473);
#11469 = LINE('',#11470,#11471);
#11470 = CARTESIAN_POINT('',(6.28318530718,-0.));
#11471 = VECTOR('',#11472,1.);
#11472 = DIRECTION('',(0.,1.));
#11473 = ( GEOMETRIC_REPRESENTATION_CONTEXT(2) 
PARAMETRIC_REPRESENTATION_CONTEXT() REPRESENTATION_CONTEXT('2D SPACE',''
  ) );
#11474 = PCURVE('',#11435,#11475);
#11475 = DEFINITIONAL_REPRESENTATION('',(#11476),#11480);
#11476 = LINE('',#11477,#11478);
#11477 = CARTESIAN_POINT('',(0.,-0.));
#11478 = VECTOR('',#11479,1.);
#11479 = DIRECTION('',(0.,1.));
#11480 = ( GEOMETRIC_REPRESENTATION_CONTEXT(2) 
PARAMETRIC_REPRESENTATION_CONTEXT() REPRESENTATION_CONTEXT('2D SPACE',''
  ) );
#11481 = ORIENTED_EDGE('',*,*,#11482,.T.);
#11482 = EDGE_CURVE('',#11460,#11460,#11483,.T.);
#11483 = SURFACE_CURVE('',#11484,(#11489,#11496),.PCURVE_S1.);
#11484 = CIRCLE('',#11485,0.25);
#11485 = AXIS2_PLACEMENT_3D('',#11486,#11487,#11488);
#11486 = CARTESIAN_POINT('',(26.234125735379,-24.28648074341,87.));
#11487 = DIRECTION('',(0.,0.,1.));
#11488 = DIRECTION('',(1.,0.,0.));
#11489 = PCURVE('',#11435,#11490);
#11490 = DEFINITIONAL_REPRESENTATION('',(#11491),#11495);
#11491 = LINE('',#11492,#11493);
#11492 = CARTESIAN_POINT('',(0.,0.));
#11493 = VECTOR('',#11494,1.);
#11494 = DIRECTION('',(1.,0.));
#11495 = ( GEOMETRIC_REPRESENTATION_CONTEXT(2) 
PARAMETRIC_REPRESENTATION_CONTEXT() REPRESENTATION_CONTEXT('2D SPACE',''
  ) );
#11496 = PCURVE('',#11497,#11502);
#11497 = PLANE('',#11498);
#11498 = AXIS2_PLACEMENT_3D('',#11499,#11500,#11501);
#11499 = CARTESIAN_POINT('',(26.234125735379,-24.28648074341,87.));
#11500 = DIRECTION('',(0.,0.,1.));
#11501 = DIRECTION('',(1.,0.,0.));
#11502 = DEFINITIONAL_REPRESENTATION('',(#11503),#11507);
#11503 = CIRCLE('',#11504,0.25);
#11504 = AXIS2_PLACEMENT_2D('',#11505,#11506);
#11505 = CARTESIAN_POINT('',(0.,0.));
#11506 = DIRECTION('',(1.,0.));
#11507 = ( GEOMETRIC_REPRESENTATION_CONTEXT(2) 
PARAMETRIC_REPRESENTATION_CONTEXT() REPRESENTATION_CONTEXT('2D SPACE',''
  ) );
#11508 = ORIENTED_EDGE('',*,*,#11459,.T.);
#11509 = ADVANCED_FACE('',(#11510),#11447,.T.);
#11510 = FACE_BOUND('',#11511,.T.);
#11511 = EDGE_LOOP('',(#11512));
#11512 = ORIENTED_EDGE('',*,*,#11425,.T.);
#11513 = ADVANCED_FACE('',(#11514),#11497,.F.);
#11514 = FACE_BOUND('',#11515,.T.);
#11515 = EDGE_LOOP('',(#11516));
#11516 = ORIENTED_EDGE('',*,*,#11482,.F.);
#11517 = MANIFOLD_SOLID_BREP('',#11518);
#11518 = CLOSED_SHELL('',(#11519,#11607,#11611));
#11519 = ADVANCED_FACE('',(#11520),#11533,.T.);
#11520 = FACE_BOUND('',#11521,.T.);
#11521 = EDGE_LOOP('',(#11522,#11556,#11579,#11606));
#11522 = ORIENTED_EDGE('',*,*,#11523,.F.);
#11523 = EDGE_CURVE('',#11524,#11524,#11526,.T.);
#11524 = VERTEX_POINT('',#11525);
#11525 = CARTESIAN_POINT('',(22.89812542343,-27.66089143185,130.25));
#11526 = SURFACE_CURVE('',#11527,(#11532,#11544),.PCURVE_S1.);
#11527 = CIRCLE('',#11528,0.25);
#11528 = AXIS2_PLACEMENT_3D('',#11529,#11530,#11531);
#11529 = CARTESIAN_POINT('',(22.64812542343,-27.66089143185,130.25));
#11530 = DIRECTION('',(0.,0.,1.));
#11531 = DIRECTION('',(1.,0.,0.));
#11532 = PCURVE('',#11533,#11538);
#11533 = CYLINDRICAL_SURFACE('',#11534,0.25);
#11534 = AXIS2_PLACEMENT_3D('',#11535,#11536,#11537);
#11535 = CARTESIAN_POINT('',(22.64812542343,-27.66089143185,94.25));
#11536 = DIRECTION('',(0.,0.,1.));
#11537 = DIRECTION('',(1.,0.,0.));
#11538 = DEFINITIONAL_REPRESENTATION('',(#11539),#11543);
#11539 = LINE('',#11540,#11541);
#11540 = CARTESIAN_POINT('',(0.,36.));
#11541 = VECTOR('',#11542,1.);
#11542 = DIRECTION('',(1.,0.));
#11543 = ( GEOMETRIC_REPRESENTATION_CONTEXT(2) 
PARAMETRIC_REPRESENTATION_CONTEXT() REPRESENTATION_CONTEXT('2D SPACE',''
  ) );
#11544 = PCURVE('',#11545,#11550);
#11545 = PLANE('',#11546);
#11546 = AXIS2_PLACEMENT_3D('',#11547,#11548,#11549);
#11547 = CARTESIAN_POINT('',(22.64812542343,-27.66089143185,130.25));
#11548 = DIRECTION('',(0.,0.,1.));
#11549 = DIRECTION('',(1.,0.,0.));
#11550 = DEFINITIONAL_REPRESENTATION('',(#11551),#11555);
#11551 = CIRCLE('',#11552,0.25);
#11552 = AXIS2_PLACEMENT_2D('',#11553,#11554);
#11553 = CARTESIAN_POINT('',(0.,0.));
#11554 = DIRECTION('',(1.,0.));
#11555 = ( GEOMETRIC_REPRESENTATION_CONTEXT(2) 
PARAMETRIC_REPRESENTATION_CONTEXT() REPRESENTATION_CONTEXT('2D SPACE',''
  ) );
#11556 = ORIENTED_EDGE('',*,*,#11557,.F.);
#11557 = EDGE_CURVE('',#11558,#11524,#11560,.T.);
#11558 = VERTEX_POINT('',#11559);
#11559 = CARTESIAN_POINT('',(22.89812542343,-27.66089143185,94.25));
#11560 = SEAM_CURVE('',#11561,(#11565,#11572),.PCURVE_S1.);
#11561 = LINE('',#11562,#11563);
#11562 = CARTESIAN_POINT('',(22.89812542343,-27.66089143185,94.25));
#11563 = VECTOR('',#11564,1.);
#11564 = DIRECTION('',(0.,0.,1.));
#11565 = PCURVE('',#11533,#11566);
#11566 = DEFINITIONAL_REPRESENTATION('',(#11567),#11571);
#11567 = LINE('',#11568,#11569);
#11568 = CARTESIAN_POINT('',(6.28318530718,-0.));
#11569 = VECTOR('',#11570,1.);
#11570 = DIRECTION('',(0.,1.));
#11571 = ( GEOMETRIC_REPRESENTATION_CONTEXT(2) 
PARAMETRIC_REPRESENTATION_CONTEXT() REPRESENTATION_CONTEXT('2D SPACE',''
  ) );
#11572 = PCURVE('',#11533,#11573);
#11573 = DEFINITIONAL_REPRESENTATION('',(#11574),#11578);
#11574 = LINE('',#11575,#11576);
#11575 = CARTESIAN_POINT('',(0.,-0.));
#11576 = VECTOR('',#11577,1.);
#11577 = DIRECTION('',(0.,1.));
#11578 = ( GEOMETRIC_REPRESENTATION_CONTEXT(2) 
PARAMETRIC_REPRESENTATION_CONTEXT() REPRESENTATION_CONTEXT('2D SPACE',''
  ) );
#11579 = ORIENTED_EDGE('',*,*,#11580,.T.);
#11580 = EDGE_CURVE('',#11558,#11558,#11581,.T.);
#11581 = SURFACE_CURVE('',#11582,(#11587,#11594),.PCURVE_S1.);
#11582 = CIRCLE('',#11583,0.25);
#11583 = AXIS2_PLACEMENT_3D('',#11584,#11585,#11586);
#11584 = CARTESIAN_POINT('',(22.64812542343,-27.66089143185,94.25));
#11585 = DIRECTION('',(0.,0.,1.));
#11586 = DIRECTION('',(1.,0.,0.));
#11587 = PCURVE('',#11533,#11588);
#11588 = DEFINITIONAL_REPRESENTATION('',(#11589),#11593);
#11589 = LINE('',#11590,#11591);
#11590 = CARTESIAN_POINT('',(0.,0.));
#11591 = VECTOR('',#11592,1.);
#11592 = DIRECTION('',(1.,0.));
#11593 = ( GEOMETRIC_REPRESENTATION_CONTEXT(2) 
PARAMETRIC_REPRESENTATION_CONTEXT() REPRESENTATION_CONTEXT('2D SPACE',''
  ) );
#11594 = PCURVE('',#11595,#11600);
#11595 = PLANE('',#11596);
#11596 = AXIS2_PLACEMENT_3D('',#11597,#11598,#11599);
#11597 = CARTESIAN_POINT('',(22.64812542343,-27.66089143185,94.25));
#11598 = DIRECTION('',(0.,0.,1.));
#11599 = DIRECTION('',(1.,0.,0.));
#11600 = DEFINITIONAL_REPRESENTATION('',(#11601),#11605);
#11601 = CIRCLE('',#11602,0.25);
#11602 = AXIS2_PLACEMENT_2D('',#11603,#11604);
#11603 = CARTESIAN_POINT('',(0.,0.));
#11604 = DIRECTION('',(1.,0.));
#11605 = ( GEOMETRIC_REPRESENTATION_CONTEXT(2) 
PARAMETRIC_REPRESENTATION_CONTEXT() REPRESENTATION_CONTEXT('2D SPACE',''
  ) );
#11606 = ORIENTED_EDGE('',*,*,#11557,.T.);
#11607 = ADVANCED_FACE('',(#11608),#11545,.T.);
#11608 = FACE_BOUND('',#11609,.T.);
#11609 = EDGE_LOOP('',(#11610));
#11610 = ORIENTED_EDGE('',*,*,#11523,.T.);
#11611 = ADVANCED_FACE('',(#11612),#11595,.F.);
#11612 = FACE_BOUND('',#11613,.T.);
#11613 = EDGE_LOOP('',(#11614));
#11614 = ORIENTED_EDGE('',*,*,#11580,.F.);
#11615 = MANIFOLD_SOLID_BREP('',#11616);
#11616 = CLOSED_SHELL('',(#11617,#11705,#11709));
#11617 = ADVANCED_FACE('',(#11618),#11631,.T.);
#11618 = FACE_BOUND('',#11619,.T.);
#11619 = EDGE_LOOP('',(#11620,#11654,#11677,#11704));
#11620 = ORIENTED_EDGE('',*,*,#11621,.F.);
#11621 = EDGE_CURVE('',#11622,#11622,#11624,.T.);
#11622 = VERTEX_POINT('',#11623);
#11623 = CARTESIAN_POINT('',(18.882468905506,-30.51054903611,130.25));
#11624 = SURFACE_CURVE('',#11625,(#11630,#11642),.PCURVE_S1.);
#11625 = CIRCLE('',#11626,0.25);
#11626 = AXIS2_PLACEMENT_3D('',#11627,#11628,#11629);
#11627 = CARTESIAN_POINT('',(18.632468905506,-30.51054903611,130.25));
#11628 = DIRECTION('',(0.,0.,1.));
#11629 = DIRECTION('',(1.,0.,0.));
#11630 = PCURVE('',#11631,#11636);
#11631 = CYLINDRICAL_SURFACE('',#11632,0.25);
#11632 = AXIS2_PLACEMENT_3D('',#11633,#11634,#11635);
#11633 = CARTESIAN_POINT('',(18.632468905506,-30.51054903611,94.25));
#11634 = DIRECTION('',(0.,0.,1.));
#11635 = DIRECTION('',(1.,0.,0.));
#11636 = DEFINITIONAL_REPRESENTATION('',(#11637),#11641);
#11637 = LINE('',#11638,#11639);
#11638 = CARTESIAN_POINT('',(0.,36.));
#11639 = VECTOR('',#11640,1.);
#11640 = DIRECTION('',(1.,0.));
#11641 = ( GEOMETRIC_REPRESENTATION_CONTEXT(2) 
PARAMETRIC_REPRESENTATION_CONTEXT() REPRESENTATION_CONTEXT('2D SPACE',''
  ) );
#11642 = PCURVE('',#11643,#11648);
#11643 = PLANE('',#11644);
#11644 = AXIS2_PLACEMENT_3D('',#11645,#11646,#11647);
#11645 = CARTESIAN_POINT('',(18.632468905506,-30.51054903611,130.25));
#11646 = DIRECTION('',(0.,0.,1.));
#11647 = DIRECTION('',(1.,0.,0.));
#11648 = DEFINITIONAL_REPRESENTATION('',(#11649),#11653);
#11649 = CIRCLE('',#11650,0.25);
#11650 = AXIS2_PLACEMENT_2D('',#11651,#11652);
#11651 = CARTESIAN_POINT('',(0.,0.));
#11652 = DIRECTION('',(1.,0.));
#11653 = ( GEOMETRIC_REPRESENTATION_CONTEXT(2) 
PARAMETRIC_REPRESENTATION_CONTEXT() REPRESENTATION_CONTEXT('2D SPACE',''
  ) );
#11654 = ORIENTED_EDGE('',*,*,#11655,.F.);
#11655 = EDGE_CURVE('',#11656,#11622,#11658,.T.);
#11656 = VERTEX_POINT('',#11657);
#11657 = CARTESIAN_POINT('',(18.882468905506,-30.51054903611,94.25));
#11658 = SEAM_CURVE('',#11659,(#11663,#11670),.PCURVE_S1.);
#11659 = LINE('',#11660,#11661);
#11660 = CARTESIAN_POINT('',(18.882468905506,-30.51054903611,94.25));
#11661 = VECTOR('',#11662,1.);
#11662 = DIRECTION('',(0.,0.,1.));
#11663 = PCURVE('',#11631,#11664);
#11664 = DEFINITIONAL_REPRESENTATION('',(#11665),#11669);
#11665 = LINE('',#11666,#11667);
#11666 = CARTESIAN_POINT('',(6.28318530718,-0.));
#11667 = VECTOR('',#11668,1.);
#11668 = DIRECTION('',(0.,1.));
#11669 = ( GEOMETRIC_REPRESENTATION_CONTEXT(2) 
PARAMETRIC_REPRESENTATION_CONTEXT() REPRESENTATION_CONTEXT('2D SPACE',''
  ) );
#11670 = PCURVE('',#11631,#11671);
#11671 = DEFINITIONAL_REPRESENTATION('',(#11672),#11676);
#11672 = LINE('',#11673,#11674);
#11673 = CARTESIAN_POINT('',(0.,-0.));
#11674 = VECTOR('',#11675,1.);
#11675 = DIRECTION('',(0.,1.));
#11676 = ( GEOMETRIC_REPRESENTATION_CONTEXT(2) 
PARAMETRIC_REPRESENTATION_CONTEXT() REPRESENTATION_CONTEXT('2D SPACE',''
  ) );
#11677 = ORIENTED_EDGE('',*,*,#11678,.T.);
#11678 = EDGE_CURVE('',#11656,#11656,#11679,.T.);
#11679 = SURFACE_CURVE('',#11680,(#11685,#11692),.PCURVE_S1.);
#11680 = CIRCLE('',#11681,0.25);
#11681 = AXIS2_PLACEMENT_3D('',#11682,#11683,#11684);
#11682 = CARTESIAN_POINT('',(18.632468905506,-30.51054903611,94.25));
#11683 = DIRECTION('',(0.,0.,1.));
#11684 = DIRECTION('',(1.,0.,0.));
#11685 = PCURVE('',#11631,#11686);
#11686 = DEFINITIONAL_REPRESENTATION('',(#11687),#11691);
#11687 = LINE('',#11688,#11689);
#11688 = CARTESIAN_POINT('',(0.,0.));
#11689 = VECTOR('',#11690,1.);
#11690 = DIRECTION('',(1.,0.));
#11691 = ( GEOMETRIC_REPRESENTATION_CONTEXT(2) 
PARAMETRIC_REPRESENTATION_CONTEXT() REPRESENTATION_CONTEXT('2D SPACE',''
  ) );
#11692 = PCURVE('',#11693,#11698);
#11693 = PLANE('',#11694);
#11694 = AXIS2_PLACEMENT_3D('',#11695,#11696,#11697);
#11695 = CARTESIAN_POINT('',(18.632468905506,-30.51054903611,94.25));
#11696 = DIRECTION('',(0.,0.,1.));
#11697 = DIRECTION('',(1.,0.,0.));
#11698 = DEFINITIONAL_REPRESENTATION('',(#11699),#11703);
#11699 = CIRCLE('',#11700,0.25);
#11700 = AXIS2_PLACEMENT_2D('',#11701,#11702);
#11701 = CARTESIAN_POINT('',(0.,0.));
#11702 = DIRECTION('',(1.,0.));
#11703 = ( GEOMETRIC_REPRESENTATION_CONTEXT(2) 
PARAMETRIC_REPRESENTATION_CONTEXT() REPRESENTATION_CONTEXT('2D SPACE',''
  ) );
#11704 = ORIENTED_EDGE('',*,*,#11655,.T.);
#11705 = ADVANCED_FACE('',(#11706),#11643,.T.);
#11706 = FACE_BOUND('',#11707,.T.);
#11707 = EDGE_LOOP('',(#11708));
#11708 = ORIENTED_EDGE('',*,*,#11621,.T.);
#11709 = ADVANCED_FACE('',(#11710),#11693,.F.);
#11710 = FACE_BOUND('',#11711,.T.);
#11711 = EDGE_LOOP('',(#11712));
#11712 = ORIENTED_EDGE('',*,*,#11678,.F.);
#11713 = MANIFOLD_SOLID_BREP('',#11714);
#11714 = CLOSED_SHELL('',(#11715,#11803,#11807));
#11715 = ADVANCED_FACE('',(#11716),#11729,.T.);
#11716 = FACE_BOUND('',#11717,.T.);
#11717 = EDGE_LOOP('',(#11718,#11752,#11775,#11802));
#11718 = ORIENTED_EDGE('',*,*,#11719,.F.);
#11719 = EDGE_CURVE('',#11720,#11720,#11722,.T.);
#11720 = VERTEX_POINT('',#11721);
#11721 = CARTESIAN_POINT('',(14.513336956471,-32.78139287562,130.25));
#11722 = SURFACE_CURVE('',#11723,(#11728,#11740),.PCURVE_S1.);
#11723 = CIRCLE('',#11724,0.25);
#11724 = AXIS2_PLACEMENT_3D('',#11725,#11726,#11727);
#11725 = CARTESIAN_POINT('',(14.263336956471,-32.78139287562,130.25));
#11726 = DIRECTION('',(0.,0.,1.));
#11727 = DIRECTION('',(1.,0.,0.));
#11728 = PCURVE('',#11729,#11734);
#11729 = CYLINDRICAL_SURFACE('',#11730,0.25);
#11730 = AXIS2_PLACEMENT_3D('',#11731,#11732,#11733);
#11731 = CARTESIAN_POINT('',(14.263336956471,-32.78139287562,94.25));
#11732 = DIRECTION('',(0.,0.,1.));
#11733 = DIRECTION('',(1.,0.,0.));
#11734 = DEFINITIONAL_REPRESENTATION('',(#11735),#11739);
#11735 = LINE('',#11736,#11737);
#11736 = CARTESIAN_POINT('',(0.,36.));
#11737 = VECTOR('',#11738,1.);
#11738 = DIRECTION('',(1.,0.));
#11739 = ( GEOMETRIC_REPRESENTATION_CONTEXT(2) 
PARAMETRIC_REPRESENTATION_CONTEXT() REPRESENTATION_CONTEXT('2D SPACE',''
  ) );
#11740 = PCURVE('',#11741,#11746);
#11741 = PLANE('',#11742);
#11742 = AXIS2_PLACEMENT_3D('',#11743,#11744,#11745);
#11743 = CARTESIAN_POINT('',(14.263336956471,-32.78139287562,130.25));
#11744 = DIRECTION('',(0.,0.,1.));
#11745 = DIRECTION('',(1.,0.,0.));
#11746 = DEFINITIONAL_REPRESENTATION('',(#11747),#11751);
#11747 = CIRCLE('',#11748,0.25);
#11748 = AXIS2_PLACEMENT_2D('',#11749,#11750);
#11749 = CARTESIAN_POINT('',(0.,0.));
#11750 = DIRECTION('',(1.,0.));
#11751 = ( GEOMETRIC_REPRESENTATION_CONTEXT(2) 
PARAMETRIC_REPRESENTATION_CONTEXT() REPRESENTATION_CONTEXT('2D SPACE',''
  ) );
#11752 = ORIENTED_EDGE('',*,*,#11753,.F.);
#11753 = EDGE_CURVE('',#11754,#11720,#11756,.T.);
#11754 = VERTEX_POINT('',#11755);
#11755 = CARTESIAN_POINT('',(14.513336956471,-32.78139287562,94.25));
#11756 = SEAM_CURVE('',#11757,(#11761,#11768),.PCURVE_S1.);
#11757 = LINE('',#11758,#11759);
#11758 = CARTESIAN_POINT('',(14.513336956471,-32.78139287562,94.25));
#11759 = VECTOR('',#11760,1.);
#11760 = DIRECTION('',(0.,0.,1.));
#11761 = PCURVE('',#11729,#11762);
#11762 = DEFINITIONAL_REPRESENTATION('',(#11763),#11767);
#11763 = LINE('',#11764,#11765);
#11764 = CARTESIAN_POINT('',(6.28318530718,-0.));
#11765 = VECTOR('',#11766,1.);
#11766 = DIRECTION('',(0.,1.));
#11767 = ( GEOMETRIC_REPRESENTATION_CONTEXT(2) 
PARAMETRIC_REPRESENTATION_CONTEXT() REPRESENTATION_CONTEXT('2D SPACE',''
  ) );
#11768 = PCURVE('',#11729,#11769);
#11769 = DEFINITIONAL_REPRESENTATION('',(#11770),#11774);
#11770 = LINE('',#11771,#11772);
#11771 = CARTESIAN_POINT('',(0.,-0.));
#11772 = VECTOR('',#11773,1.);
#11773 = DIRECTION('',(0.,1.));
#11774 = ( GEOMETRIC_REPRESENTATION_CONTEXT(2) 
PARAMETRIC_REPRESENTATION_CONTEXT() REPRESENTATION_CONTEXT('2D SPACE',''
  ) );
#11775 = ORIENTED_EDGE('',*,*,#11776,.T.);
#11776 = EDGE_CURVE('',#11754,#11754,#11777,.T.);
#11777 = SURFACE_CURVE('',#11778,(#11783,#11790),.PCURVE_S1.);
#11778 = CIRCLE('',#11779,0.25);
#11779 = AXIS2_PLACEMENT_3D('',#11780,#11781,#11782);
#11780 = CARTESIAN_POINT('',(14.263336956471,-32.78139287562,94.25));
#11781 = DIRECTION('',(0.,0.,1.));
#11782 = DIRECTION('',(1.,0.,0.));
#11783 = PCURVE('',#11729,#11784);
#11784 = DEFINITIONAL_REPRESENTATION('',(#11785),#11789);
#11785 = LINE('',#11786,#11787);
#11786 = CARTESIAN_POINT('',(0.,0.));
#11787 = VECTOR('',#11788,1.);
#11788 = DIRECTION('',(1.,0.));
#11789 = ( GEOMETRIC_REPRESENTATION_CONTEXT(2) 
PARAMETRIC_REPRESENTATION_CONTEXT() REPRESENTATION_CONTEXT('2D SPACE',''
  ) );
#11790 = PCURVE('',#11791,#11796);
#11791 = PLANE('',#11792);
#11792 = AXIS2_PLACEMENT_3D('',#11793,#11794,#11795);
#11793 = CARTESIAN_POINT('',(14.263336956471,-32.78139287562,94.25));
#11794 = DIRECTION('',(0.,0.,1.));
#11795 = DIRECTION('',(1.,0.,0.));
#11796 = DEFINITIONAL_REPRESENTATION('',(#11797),#11801);
#11797 = CIRCLE('',#11798,0.25);
#11798 = AXIS2_PLACEMENT_2D('',#11799,#11800);
#11799 = CARTESIAN_POINT('',(0.,0.));
#11800 = DIRECTION('',(1.,0.));
#11801 = ( GEOMETRIC_REPRESENTATION_CONTEXT(2) 
PARAMETRIC_REPRESENTATION_CONTEXT() REPRESENTATION_CONTEXT('2D SPACE',''
  ) );
#11802 = ORIENTED_EDGE('',*,*,#11753,.T.);
#11803 = ADVANCED_FACE('',(#11804),#11741,.T.);
#11804 = FACE_BOUND('',#11805,.T.);
#11805 = EDGE_LOOP('',(#11806));
#11806 = ORIENTED_EDGE('',*,*,#11719,.T.);
#11807 = ADVANCED_FACE('',(#11808),#11791,.F.);
#11808 = FACE_BOUND('',#11809,.T.);
#11809 = EDGE_LOOP('',(#11810));
#11810 = ORIENTED_EDGE('',*,*,#11776,.F.);
#11811 = MANIFOLD_SOLID_BREP('',#11812);
#11812 = CLOSED_SHELL('',(#11813,#11901,#11905));
#11813 = ADVANCED_FACE('',(#11814),#11827,.T.);
#11814 = FACE_BOUND('',#11815,.T.);
#11815 = EDGE_LOOP('',(#11816,#11850,#11873,#11900));
#11816 = ORIENTED_EDGE('',*,*,#11817,.F.);
#11817 = EDGE_CURVE('',#11818,#11818,#11820,.T.);
#11818 = VERTEX_POINT('',#11819);
#11819 = CARTESIAN_POINT('',(9.873616112034,-34.4303429104,130.25));
#11820 = SURFACE_CURVE('',#11821,(#11826,#11838),.PCURVE_S1.);
#11821 = CIRCLE('',#11822,0.25);
#11822 = AXIS2_PLACEMENT_3D('',#11823,#11824,#11825);
#11823 = CARTESIAN_POINT('',(9.623616112034,-34.4303429104,130.25));
#11824 = DIRECTION('',(0.,0.,1.));
#11825 = DIRECTION('',(1.,0.,0.));
#11826 = PCURVE('',#11827,#11832);
#11827 = CYLINDRICAL_SURFACE('',#11828,0.25);
#11828 = AXIS2_PLACEMENT_3D('',#11829,#11830,#11831);
#11829 = CARTESIAN_POINT('',(9.623616112034,-34.4303429104,94.25));
#11830 = DIRECTION('',(0.,0.,1.));
#11831 = DIRECTION('',(1.,0.,0.));
#11832 = DEFINITIONAL_REPRESENTATION('',(#11833),#11837);
#11833 = LINE('',#11834,#11835);
#11834 = CARTESIAN_POINT('',(0.,36.));
#11835 = VECTOR('',#11836,1.);
#11836 = DIRECTION('',(1.,0.));
#11837 = ( GEOMETRIC_REPRESENTATION_CONTEXT(2) 
PARAMETRIC_REPRESENTATION_CONTEXT() REPRESENTATION_CONTEXT('2D SPACE',''
  ) );
#11838 = PCURVE('',#11839,#11844);
#11839 = PLANE('',#11840);
#11840 = AXIS2_PLACEMENT_3D('',#11841,#11842,#11843);
#11841 = CARTESIAN_POINT('',(9.623616112034,-34.4303429104,130.25));
#11842 = DIRECTION('',(0.,0.,1.));
#11843 = DIRECTION('',(1.,0.,0.));
#11844 = DEFINITIONAL_REPRESENTATION('',(#11845),#11849);
#11845 = CIRCLE('',#11846,0.25);
#11846 = AXIS2_PLACEMENT_2D('',#11847,#11848);
#11847 = CARTESIAN_POINT('',(0.,0.));
#11848 = DIRECTION('',(1.,0.));
#11849 = ( GEOMETRIC_REPRESENTATION_CONTEXT(2) 
PARAMETRIC_REPRESENTATION_CONTEXT() REPRESENTATION_CONTEXT('2D SPACE',''
  ) );
#11850 = ORIENTED_EDGE('',*,*,#11851,.F.);
#11851 = EDGE_CURVE('',#11852,#11818,#11854,.T.);
#11852 = VERTEX_POINT('',#11853);
#11853 = CARTESIAN_POINT('',(9.873616112034,-34.4303429104,94.25));
#11854 = SEAM_CURVE('',#11855,(#11859,#11866),.PCURVE_S1.);
#11855 = LINE('',#11856,#11857);
#11856 = CARTESIAN_POINT('',(9.873616112034,-34.4303429104,94.25));
#11857 = VECTOR('',#11858,1.);
#11858 = DIRECTION('',(0.,0.,1.));
#11859 = PCURVE('',#11827,#11860);
#11860 = DEFINITIONAL_REPRESENTATION('',(#11861),#11865);
#11861 = LINE('',#11862,#11863);
#11862 = CARTESIAN_POINT('',(6.28318530718,-0.));
#11863 = VECTOR('',#11864,1.);
#11864 = DIRECTION('',(0.,1.));
#11865 = ( GEOMETRIC_REPRESENTATION_CONTEXT(2) 
PARAMETRIC_REPRESENTATION_CONTEXT() REPRESENTATION_CONTEXT('2D SPACE',''
  ) );
#11866 = PCURVE('',#11827,#11867);
#11867 = DEFINITIONAL_REPRESENTATION('',(#11868),#11872);
#11868 = LINE('',#11869,#11870);
#11869 = CARTESIAN_POINT('',(0.,-0.));
#11870 = VECTOR('',#11871,1.);
#11871 = DIRECTION('',(0.,1.));
#11872 = ( GEOMETRIC_REPRESENTATION_CONTEXT(2) 
PARAMETRIC_REPRESENTATION_CONTEXT() REPRESENTATION_CONTEXT('2D SPACE',''
  ) );
#11873 = ORIENTED_EDGE('',*,*,#11874,.T.);
#11874 = EDGE_CURVE('',#11852,#11852,#11875,.T.);
#11875 = SURFACE_CURVE('',#11876,(#11881,#11888),.PCURVE_S1.);
#11876 = CIRCLE('',#11877,0.25);
#11877 = AXIS2_PLACEMENT_3D('',#11878,#11879,#11880);
#11878 = CARTESIAN_POINT('',(9.623616112034,-34.4303429104,94.25));
#11879 = DIRECTION('',(0.,0.,1.));
#11880 = DIRECTION('',(1.,0.,0.));
#11881 = PCURVE('',#11827,#11882);
#11882 = DEFINITIONAL_REPRESENTATION('',(#11883),#11887);
#11883 = LINE('',#11884,#11885);
#11884 = CARTESIAN_POINT('',(0.,0.));
#11885 = VECTOR('',#11886,1.);
#11886 = DIRECTION('',(1.,0.));
#11887 = ( GEOMETRIC_REPRESENTATION_CONTEXT(2) 
PARAMETRIC_REPRESENTATION_CONTEXT() REPRESENTATION_CONTEXT('2D SPACE',''
  ) );
#11888 = PCURVE('',#11889,#11894);
#11889 = PLANE('',#11890);
#11890 = AXIS2_PLACEMENT_3D('',#11891,#11892,#11893);
#11891 = CARTESIAN_POINT('',(9.623616112034,-34.4303429104,94.25));
#11892 = DIRECTION('',(0.,0.,1.));
#11893 = DIRECTION('',(1.,0.,0.));
#11894 = DEFINITIONAL_REPRESENTATION('',(#11895),#11899);
#11895 = CIRCLE('',#11896,0.25);
#11896 = AXIS2_PLACEMENT_2D('',#11897,#11898);
#11897 = CARTESIAN_POINT('',(0.,0.));
#11898 = DIRECTION('',(1.,0.));
#11899 = ( GEOMETRIC_REPRESENTATION_CONTEXT(2) 
PARAMETRIC_REPRESENTATION_CONTEXT() REPRESENTATION_CONTEXT('2D SPACE',''
  ) );
#11900 = ORIENTED_EDGE('',*,*,#11851,.T.);
#11901 = ADVANCED_FACE('',(#11902),#11839,.T.);
#11902 = FACE_BOUND('',#11903,.T.);
#11903 = EDGE_LOOP('',(#11904));
#11904 = ORIENTED_EDGE('',*,*,#11817,.T.);
#11905 = ADVANCED_FACE('',(#11906),#11889,.F.);
#11906 = FACE_BOUND('',#11907,.T.);
#11907 = EDGE_LOOP('',(#11908));
#11908 = ORIENTED_EDGE('',*,*,#11874,.F.);
#11909 = MANIFOLD_SOLID_BREP('',#11910);
#11910 = CLOSED_SHELL('',(#11911,#11999,#12003));
#11911 = ADVANCED_FACE('',(#11912),#11925,.T.);
#11912 = FACE_BOUND('',#11913,.T.);
#11913 = EDGE_LOOP('',(#11914,#11948,#11971,#11998));
#11914 = ORIENTED_EDGE('',*,*,#11915,.F.);
#11915 = EDGE_CURVE('',#11916,#11916,#11918,.T.);
#11916 = VERTEX_POINT('',#11917);
#11917 = CARTESIAN_POINT('',(5.051326233332,-35.42611700992,137.5));
#11918 = SURFACE_CURVE('',#11919,(#11924,#11936),.PCURVE_S1.);
#11919 = CIRCLE('',#11920,0.25);
#11920 = AXIS2_PLACEMENT_3D('',#11921,#11922,#11923);
#11921 = CARTESIAN_POINT('',(4.801326233332,-35.42611700992,137.5));
#11922 = DIRECTION('',(0.,0.,1.));
#11923 = DIRECTION('',(1.,0.,0.));
#11924 = PCURVE('',#11925,#11930);
#11925 = CYLINDRICAL_SURFACE('',#11926,0.25);
#11926 = AXIS2_PLACEMENT_3D('',#11927,#11928,#11929);
#11927 = CARTESIAN_POINT('',(4.801326233332,-35.42611700992,101.5));
#11928 = DIRECTION('',(0.,0.,1.));
#11929 = DIRECTION('',(1.,0.,0.));
#11930 = DEFINITIONAL_REPRESENTATION('',(#11931),#11935);
#11931 = LINE('',#11932,#11933);
#11932 = CARTESIAN_POINT('',(0.,36.));
#11933 = VECTOR('',#11934,1.);
#11934 = DIRECTION('',(1.,0.));
#11935 = ( GEOMETRIC_REPRESENTATION_CONTEXT(2) 
PARAMETRIC_REPRESENTATION_CONTEXT() REPRESENTATION_CONTEXT('2D SPACE',''
  ) );
#11936 = PCURVE('',#11937,#11942);
#11937 = PLANE('',#11938);
#11938 = AXIS2_PLACEMENT_3D('',#11939,#11940,#11941);
#11939 = CARTESIAN_POINT('',(4.801326233332,-35.42611700992,137.5));
#11940 = DIRECTION('',(0.,0.,1.));
#11941 = DIRECTION('',(1.,0.,0.));
#11942 = DEFINITIONAL_REPRESENTATION('',(#11943),#11947);
#11943 = CIRCLE('',#11944,0.25);
#11944 = AXIS2_PLACEMENT_2D('',#11945,#11946);
#11945 = CARTESIAN_POINT('',(0.,0.));
#11946 = DIRECTION('',(1.,0.));
#11947 = ( GEOMETRIC_REPRESENTATION_CONTEXT(2) 
PARAMETRIC_REPRESENTATION_CONTEXT() REPRESENTATION_CONTEXT('2D SPACE',''
  ) );
#11948 = ORIENTED_EDGE('',*,*,#11949,.F.);
#11949 = EDGE_CURVE('',#11950,#11916,#11952,.T.);
#11950 = VERTEX_POINT('',#11951);
#11951 = CARTESIAN_POINT('',(5.051326233332,-35.42611700992,101.5));
#11952 = SEAM_CURVE('',#11953,(#11957,#11964),.PCURVE_S1.);
#11953 = LINE('',#11954,#11955);
#11954 = CARTESIAN_POINT('',(5.051326233332,-35.42611700992,101.5));
#11955 = VECTOR('',#11956,1.);
#11956 = DIRECTION('',(0.,0.,1.));
#11957 = PCURVE('',#11925,#11958);
#11958 = DEFINITIONAL_REPRESENTATION('',(#11959),#11963);
#11959 = LINE('',#11960,#11961);
#11960 = CARTESIAN_POINT('',(6.28318530718,-0.));
#11961 = VECTOR('',#11962,1.);
#11962 = DIRECTION('',(0.,1.));
#11963 = ( GEOMETRIC_REPRESENTATION_CONTEXT(2) 
PARAMETRIC_REPRESENTATION_CONTEXT() REPRESENTATION_CONTEXT('2D SPACE',''
  ) );
#11964 = PCURVE('',#11925,#11965);
#11965 = DEFINITIONAL_REPRESENTATION('',(#11966),#11970);
#11966 = LINE('',#11967,#11968);
#11967 = CARTESIAN_POINT('',(0.,-0.));
#11968 = VECTOR('',#11969,1.);
#11969 = DIRECTION('',(0.,1.));
#11970 = ( GEOMETRIC_REPRESENTATION_CONTEXT(2) 
PARAMETRIC_REPRESENTATION_CONTEXT() REPRESENTATION_CONTEXT('2D SPACE',''
  ) );
#11971 = ORIENTED_EDGE('',*,*,#11972,.T.);
#11972 = EDGE_CURVE('',#11950,#11950,#11973,.T.);
#11973 = SURFACE_CURVE('',#11974,(#11979,#11986),.PCURVE_S1.);
#11974 = CIRCLE('',#11975,0.25);
#11975 = AXIS2_PLACEMENT_3D('',#11976,#11977,#11978);
#11976 = CARTESIAN_POINT('',(4.801326233332,-35.42611700992,101.5));
#11977 = DIRECTION('',(0.,0.,1.));
#11978 = DIRECTION('',(1.,0.,0.));
#11979 = PCURVE('',#11925,#11980);
#11980 = DEFINITIONAL_REPRESENTATION('',(#11981),#11985);
#11981 = LINE('',#11982,#11983);
#11982 = CARTESIAN_POINT('',(0.,0.));
#11983 = VECTOR('',#11984,1.);
#11984 = DIRECTION('',(1.,0.));
#11985 = ( GEOMETRIC_REPRESENTATION_CONTEXT(2) 
PARAMETRIC_REPRESENTATION_CONTEXT() REPRESENTATION_CONTEXT('2D SPACE',''
  ) );
#11986 = PCURVE('',#11987,#11992);
#11987 = PLANE('',#11988);
#11988 = AXIS2_PLACEMENT_3D('',#11989,#11990,#11991);
#11989 = CARTESIAN_POINT('',(4.801326233332,-35.42611700992,101.5));
#11990 = DIRECTION('',(0.,0.,1.));
#11991 = DIRECTION('',(1.,0.,0.));
#11992 = DEFINITIONAL_REPRESENTATION('',(#11993),#11997);
#11993 = CIRCLE('',#11994,0.25);
#11994 = AXIS2_PLACEMENT_2D('',#11995,#11996);
#11995 = CARTESIAN_POINT('',(0.,0.));
#11996 = DIRECTION('',(1.,0.));
#11997 = ( GEOMETRIC_REPRESENTATION_CONTEXT(2) 
PARAMETRIC_REPRESENTATION_CONTEXT() REPRESENTATION_CONTEXT('2D SPACE',''
  ) );
#11998 = ORIENTED_EDGE('',*,*,#11949,.T.);
#11999 = ADVANCED_FACE('',(#12000),#11937,.T.);
#12000 = FACE_BOUND('',#12001,.T.);
#12001 = EDGE_LOOP('',(#12002));
#12002 = ORIENTED_EDGE('',*,*,#11915,.T.);
#12003 = ADVANCED_FACE('',(#12004),#11987,.F.);
#12004 = FACE_BOUND('',#12005,.T.);
#12005 = EDGE_LOOP('',(#12006));
#12006 = ORIENTED_EDGE('',*,*,#11972,.F.);
#12007 = MANIFOLD_SOLID_BREP('',#12008);
#12008 = CLOSED_SHELL('',(#12009,#12097,#12101));
#12009 = ADVANCED_FACE('',(#12010),#12023,.T.);
#12010 = FACE_BOUND('',#12011,.T.);
#12011 = EDGE_LOOP('',(#12012,#12046,#12069,#12096));
#12012 = ORIENTED_EDGE('',*,*,#12013,.F.);
#12013 = EDGE_CURVE('',#12014,#12014,#12016,.T.);
#12014 = VERTEX_POINT('',#12015);
#12015 = CARTESIAN_POINT('',(0.137950687516,-35.74982440448,137.5));
#12016 = SURFACE_CURVE('',#12017,(#12022,#12034),.PCURVE_S1.);
#12017 = CIRCLE('',#12018,0.25);
#12018 = AXIS2_PLACEMENT_3D('',#12019,#12020,#12021);
#12019 = CARTESIAN_POINT('',(-0.112049312484,-35.74982440448,137.5));
#12020 = DIRECTION('',(0.,0.,1.));
#12021 = DIRECTION('',(1.,0.,0.));
#12022 = PCURVE('',#12023,#12028);
#12023 = CYLINDRICAL_SURFACE('',#12024,0.25);
#12024 = AXIS2_PLACEMENT_3D('',#12025,#12026,#12027);
#12025 = CARTESIAN_POINT('',(-0.112049312484,-35.74982440448,101.5));
#12026 = DIRECTION('',(0.,0.,1.));
#12027 = DIRECTION('',(1.,0.,0.));
#12028 = DEFINITIONAL_REPRESENTATION('',(#12029),#12033);
#12029 = LINE('',#12030,#12031);
#12030 = CARTESIAN_POINT('',(0.,36.));
#12031 = VECTOR('',#12032,1.);
#12032 = DIRECTION('',(1.,0.));
#12033 = ( GEOMETRIC_REPRESENTATION_CONTEXT(2) 
PARAMETRIC_REPRESENTATION_CONTEXT() REPRESENTATION_CONTEXT('2D SPACE',''
  ) );
#12034 = PCURVE('',#12035,#12040);
#12035 = PLANE('',#12036);
#12036 = AXIS2_PLACEMENT_3D('',#12037,#12038,#12039);
#12037 = CARTESIAN_POINT('',(-0.112049312484,-35.74982440448,137.5));
#12038 = DIRECTION('',(0.,0.,1.));
#12039 = DIRECTION('',(1.,0.,0.));
#12040 = DEFINITIONAL_REPRESENTATION('',(#12041),#12045);
#12041 = CIRCLE('',#12042,0.25);
#12042 = AXIS2_PLACEMENT_2D('',#12043,#12044);
#12043 = CARTESIAN_POINT('',(0.,0.));
#12044 = DIRECTION('',(1.,0.));
#12045 = ( GEOMETRIC_REPRESENTATION_CONTEXT(2) 
PARAMETRIC_REPRESENTATION_CONTEXT() REPRESENTATION_CONTEXT('2D SPACE',''
  ) );
#12046 = ORIENTED_EDGE('',*,*,#12047,.F.);
#12047 = EDGE_CURVE('',#12048,#12014,#12050,.T.);
#12048 = VERTEX_POINT('',#12049);
#12049 = CARTESIAN_POINT('',(0.137950687516,-35.74982440448,101.5));
#12050 = SEAM_CURVE('',#12051,(#12055,#12062),.PCURVE_S1.);
#12051 = LINE('',#12052,#12053);
#12052 = CARTESIAN_POINT('',(0.137950687516,-35.74982440448,101.5));
#12053 = VECTOR('',#12054,1.);
#12054 = DIRECTION('',(0.,0.,1.));
#12055 = PCURVE('',#12023,#12056);
#12056 = DEFINITIONAL_REPRESENTATION('',(#12057),#12061);
#12057 = LINE('',#12058,#12059);
#12058 = CARTESIAN_POINT('',(6.28318530718,-0.));
#12059 = VECTOR('',#12060,1.);
#12060 = DIRECTION('',(0.,1.));
#12061 = ( GEOMETRIC_REPRESENTATION_CONTEXT(2) 
PARAMETRIC_REPRESENTATION_CONTEXT() REPRESENTATION_CONTEXT('2D SPACE',''
  ) );
#12062 = PCURVE('',#12023,#12063);
#12063 = DEFINITIONAL_REPRESENTATION('',(#12064),#12068);
#12064 = LINE('',#12065,#12066);
#12065 = CARTESIAN_POINT('',(0.,-0.));
#12066 = VECTOR('',#12067,1.);
#12067 = DIRECTION('',(0.,1.));
#12068 = ( GEOMETRIC_REPRESENTATION_CONTEXT(2) 
PARAMETRIC_REPRESENTATION_CONTEXT() REPRESENTATION_CONTEXT('2D SPACE',''
  ) );
#12069 = ORIENTED_EDGE('',*,*,#12070,.T.);
#12070 = EDGE_CURVE('',#12048,#12048,#12071,.T.);
#12071 = SURFACE_CURVE('',#12072,(#12077,#12084),.PCURVE_S1.);
#12072 = CIRCLE('',#12073,0.25);
#12073 = AXIS2_PLACEMENT_3D('',#12074,#12075,#12076);
#12074 = CARTESIAN_POINT('',(-0.112049312484,-35.74982440448,101.5));
#12075 = DIRECTION('',(0.,0.,1.));
#12076 = DIRECTION('',(1.,0.,0.));
#12077 = PCURVE('',#12023,#12078);
#12078 = DEFINITIONAL_REPRESENTATION('',(#12079),#12083);
#12079 = LINE('',#12080,#12081);
#12080 = CARTESIAN_POINT('',(0.,0.));
#12081 = VECTOR('',#12082,1.);
#12082 = DIRECTION('',(1.,0.));
#12083 = ( GEOMETRIC_REPRESENTATION_CONTEXT(2) 
PARAMETRIC_REPRESENTATION_CONTEXT() REPRESENTATION_CONTEXT('2D SPACE',''
  ) );
#12084 = PCURVE('',#12085,#12090);
#12085 = PLANE('',#12086);
#12086 = AXIS2_PLACEMENT_3D('',#12087,#12088,#12089);
#12087 = CARTESIAN_POINT('',(-0.112049312484,-35.74982440448,101.5));
#12088 = DIRECTION('',(0.,0.,1.));
#12089 = DIRECTION('',(1.,0.,0.));
#12090 = DEFINITIONAL_REPRESENTATION('',(#12091),#12095);
#12091 = CIRCLE('',#12092,0.25);
#12092 = AXIS2_PLACEMENT_2D('',#12093,#12094);
#12093 = CARTESIAN_POINT('',(0.,0.));
#12094 = DIRECTION('',(1.,0.));
#12095 = ( GEOMETRIC_REPRESENTATION_CONTEXT(2) 
PARAMETRIC_REPRESENTATION_CONTEXT() REPRESENTATION_CONTEXT('2D SPACE',''
  ) );
#12096 = ORIENTED_EDGE('',*,*,#12047,.T.);
#12097 = ADVANCED_FACE('',(#12098),#12035,.T.);
#12098 = FACE_BOUND('',#12099,.T.);
#12099 = EDGE_LOOP('',(#12100));
#12100 = ORIENTED_EDGE('',*,*,#12013,.T.);
#12101 = ADVANCED_FACE('',(#12102),#12085,.F.);
#12102 = FACE_BOUND('',#12103,.T.);
#12103 = EDGE_LOOP('',(#12104));
#12104 = ORIENTED_EDGE('',*,*,#12070,.F.);
#12105 = MANIFOLD_SOLID_BREP('',#12106);
#12106 = CLOSED_SHELL('',(#12107,#12195,#12199));
#12107 = ADVANCED_FACE('',(#12108),#12121,.T.);
#12108 = FACE_BOUND('',#12109,.T.);
#12109 = EDGE_LOOP('',(#12110,#12144,#12167,#12194));
#12110 = ORIENTED_EDGE('',*,*,#12111,.F.);
#12111 = EDGE_CURVE('',#12112,#12112,#12114,.T.);
#12112 = VERTEX_POINT('',#12113);
#12113 = CARTESIAN_POINT('',(-4.773299177627,-35.39532406084,137.5));
#12114 = SURFACE_CURVE('',#12115,(#12120,#12132),.PCURVE_S1.);
#12115 = CIRCLE('',#12116,0.25);
#12116 = AXIS2_PLACEMENT_3D('',#12117,#12118,#12119);
#12117 = CARTESIAN_POINT('',(-5.023299177627,-35.39532406084,137.5));
#12118 = DIRECTION('',(0.,0.,1.));
#12119 = DIRECTION('',(1.,0.,0.));
#12120 = PCURVE('',#12121,#12126);
#12121 = CYLINDRICAL_SURFACE('',#12122,0.25);
#12122 = AXIS2_PLACEMENT_3D('',#12123,#12124,#12125);
#12123 = CARTESIAN_POINT('',(-5.023299177627,-35.39532406084,101.5));
#12124 = DIRECTION('',(0.,0.,1.));
#12125 = DIRECTION('',(1.,0.,0.));
#12126 = DEFINITIONAL_REPRESENTATION('',(#12127),#12131);
#12127 = LINE('',#12128,#12129);
#12128 = CARTESIAN_POINT('',(0.,36.));
#12129 = VECTOR('',#12130,1.);
#12130 = DIRECTION('',(1.,0.));
#12131 = ( GEOMETRIC_REPRESENTATION_CONTEXT(2) 
PARAMETRIC_REPRESENTATION_CONTEXT() REPRESENTATION_CONTEXT('2D SPACE',''
  ) );
#12132 = PCURVE('',#12133,#12138);
#12133 = PLANE('',#12134);
#12134 = AXIS2_PLACEMENT_3D('',#12135,#12136,#12137);
#12135 = CARTESIAN_POINT('',(-5.023299177627,-35.39532406084,137.5));
#12136 = DIRECTION('',(0.,0.,1.));
#12137 = DIRECTION('',(1.,0.,0.));
#12138 = DEFINITIONAL_REPRESENTATION('',(#12139),#12143);
#12139 = CIRCLE('',#12140,0.25);
#12140 = AXIS2_PLACEMENT_2D('',#12141,#12142);
#12141 = CARTESIAN_POINT('',(0.,0.));
#12142 = DIRECTION('',(1.,0.));
#12143 = ( GEOMETRIC_REPRESENTATION_CONTEXT(2) 
PARAMETRIC_REPRESENTATION_CONTEXT() REPRESENTATION_CONTEXT('2D SPACE',''
  ) );
#12144 = ORIENTED_EDGE('',*,*,#12145,.F.);
#12145 = EDGE_CURVE('',#12146,#12112,#12148,.T.);
#12146 = VERTEX_POINT('',#12147);
#12147 = CARTESIAN_POINT('',(-4.773299177627,-35.39532406084,101.5));
#12148 = SEAM_CURVE('',#12149,(#12153,#12160),.PCURVE_S1.);
#12149 = LINE('',#12150,#12151);
#12150 = CARTESIAN_POINT('',(-4.773299177627,-35.39532406084,101.5));
#12151 = VECTOR('',#12152,1.);
#12152 = DIRECTION('',(0.,0.,1.));
#12153 = PCURVE('',#12121,#12154);
#12154 = DEFINITIONAL_REPRESENTATION('',(#12155),#12159);
#12155 = LINE('',#12156,#12157);
#12156 = CARTESIAN_POINT('',(6.28318530718,-0.));
#12157 = VECTOR('',#12158,1.);
#12158 = DIRECTION('',(0.,1.));
#12159 = ( GEOMETRIC_REPRESENTATION_CONTEXT(2) 
PARAMETRIC_REPRESENTATION_CONTEXT() REPRESENTATION_CONTEXT('2D SPACE',''
  ) );
#12160 = PCURVE('',#12121,#12161);
#12161 = DEFINITIONAL_REPRESENTATION('',(#12162),#12166);
#12162 = LINE('',#12163,#12164);
#12163 = CARTESIAN_POINT('',(0.,-0.));
#12164 = VECTOR('',#12165,1.);
#12165 = DIRECTION('',(0.,1.));
#12166 = ( GEOMETRIC_REPRESENTATION_CONTEXT(2) 
PARAMETRIC_REPRESENTATION_CONTEXT() REPRESENTATION_CONTEXT('2D SPACE',''
  ) );
#12167 = ORIENTED_EDGE('',*,*,#12168,.T.);
#12168 = EDGE_CURVE('',#12146,#12146,#12169,.T.);
#12169 = SURFACE_CURVE('',#12170,(#12175,#12182),.PCURVE_S1.);
#12170 = CIRCLE('',#12171,0.25);
#12171 = AXIS2_PLACEMENT_3D('',#12172,#12173,#12174);
#12172 = CARTESIAN_POINT('',(-5.023299177627,-35.39532406084,101.5));
#12173 = DIRECTION('',(0.,0.,1.));
#12174 = DIRECTION('',(1.,0.,0.));
#12175 = PCURVE('',#12121,#12176);
#12176 = DEFINITIONAL_REPRESENTATION('',(#12177),#12181);
#12177 = LINE('',#12178,#12179);
#12178 = CARTESIAN_POINT('',(0.,0.));
#12179 = VECTOR('',#12180,1.);
#12180 = DIRECTION('',(1.,0.));
#12181 = ( GEOMETRIC_REPRESENTATION_CONTEXT(2) 
PARAMETRIC_REPRESENTATION_CONTEXT() REPRESENTATION_CONTEXT('2D SPACE',''
  ) );
#12182 = PCURVE('',#12183,#12188);
#12183 = PLANE('',#12184);
#12184 = AXIS2_PLACEMENT_3D('',#12185,#12186,#12187);
#12185 = CARTESIAN_POINT('',(-5.023299177627,-35.39532406084,101.5));
#12186 = DIRECTION('',(0.,0.,1.));
#12187 = DIRECTION('',(1.,0.,0.));
#12188 = DEFINITIONAL_REPRESENTATION('',(#12189),#12193);
#12189 = CIRCLE('',#12190,0.25);
#12190 = AXIS2_PLACEMENT_2D('',#12191,#12192);
#12191 = CARTESIAN_POINT('',(0.,0.));
#12192 = DIRECTION('',(1.,0.));
#12193 = ( GEOMETRIC_REPRESENTATION_CONTEXT(2) 
PARAMETRIC_REPRESENTATION_CONTEXT() REPRESENTATION_CONTEXT('2D SPACE',''
  ) );
#12194 = ORIENTED_EDGE('',*,*,#12145,.T.);
#12195 = ADVANCED_FACE('',(#12196),#12133,.T.);
#12196 = FACE_BOUND('',#12197,.T.);
#12197 = EDGE_LOOP('',(#12198));
#12198 = ORIENTED_EDGE('',*,*,#12111,.T.);
#12199 = ADVANCED_FACE('',(#12200),#12183,.F.);
#12200 = FACE_BOUND('',#12201,.T.);
#12201 = EDGE_LOOP('',(#12202));
#12202 = ORIENTED_EDGE('',*,*,#12168,.F.);
#12203 = MANIFOLD_SOLID_BREP('',#12204);
#12204 = CLOSED_SHELL('',(#12205,#12293,#12297));
#12205 = ADVANCED_FACE('',(#12206),#12219,.T.);
#12206 = FACE_BOUND('',#12207,.T.);
#12207 = EDGE_LOOP('',(#12208,#12242,#12265,#12292));
#12208 = ORIENTED_EDGE('',*,*,#12209,.F.);
#12209 = EDGE_CURVE('',#12210,#12210,#12212,.T.);
#12210 = VERTEX_POINT('',#12211);
#12211 = CARTESIAN_POINT('',(-9.589252340469,-34.36934118339,137.5));
#12212 = SURFACE_CURVE('',#12213,(#12218,#12230),.PCURVE_S1.);
#12213 = CIRCLE('',#12214,0.25);
#12214 = AXIS2_PLACEMENT_3D('',#12215,#12216,#12217);
#12215 = CARTESIAN_POINT('',(-9.839252340469,-34.36934118339,137.5));
#12216 = DIRECTION('',(0.,0.,1.));
#12217 = DIRECTION('',(1.,0.,0.));
#12218 = PCURVE('',#12219,#12224);
#12219 = CYLINDRICAL_SURFACE('',#12220,0.25);
#12220 = AXIS2_PLACEMENT_3D('',#12221,#12222,#12223);
#12221 = CARTESIAN_POINT('',(-9.839252340469,-34.36934118339,101.5));
#12222 = DIRECTION('',(0.,0.,1.));
#12223 = DIRECTION('',(1.,0.,0.));
#12224 = DEFINITIONAL_REPRESENTATION('',(#12225),#12229);
#12225 = LINE('',#12226,#12227);
#12226 = CARTESIAN_POINT('',(0.,36.));
#12227 = VECTOR('',#12228,1.);
#12228 = DIRECTION('',(1.,0.));
#12229 = ( GEOMETRIC_REPRESENTATION_CONTEXT(2) 
PARAMETRIC_REPRESENTATION_CONTEXT() REPRESENTATION_CONTEXT('2D SPACE',''
  ) );
#12230 = PCURVE('',#12231,#12236);
#12231 = PLANE('',#12232);
#12232 = AXIS2_PLACEMENT_3D('',#12233,#12234,#12235);
#12233 = CARTESIAN_POINT('',(-9.839252340469,-34.36934118339,137.5));
#12234 = DIRECTION('',(0.,0.,1.));
#12235 = DIRECTION('',(1.,0.,0.));
#12236 = DEFINITIONAL_REPRESENTATION('',(#12237),#12241);
#12237 = CIRCLE('',#12238,0.25);
#12238 = AXIS2_PLACEMENT_2D('',#12239,#12240);
#12239 = CARTESIAN_POINT('',(0.,0.));
#12240 = DIRECTION('',(1.,0.));
#12241 = ( GEOMETRIC_REPRESENTATION_CONTEXT(2) 
PARAMETRIC_REPRESENTATION_CONTEXT() REPRESENTATION_CONTEXT('2D SPACE',''
  ) );
#12242 = ORIENTED_EDGE('',*,*,#12243,.F.);
#12243 = EDGE_CURVE('',#12244,#12210,#12246,.T.);
#12244 = VERTEX_POINT('',#12245);
#12245 = CARTESIAN_POINT('',(-9.589252340469,-34.36934118339,101.5));
#12246 = SEAM_CURVE('',#12247,(#12251,#12258),.PCURVE_S1.);
#12247 = LINE('',#12248,#12249);
#12248 = CARTESIAN_POINT('',(-9.589252340469,-34.36934118339,101.5));
#12249 = VECTOR('',#12250,1.);
#12250 = DIRECTION('',(0.,0.,1.));
#12251 = PCURVE('',#12219,#12252);
#12252 = DEFINITIONAL_REPRESENTATION('',(#12253),#12257);
#12253 = LINE('',#12254,#12255);
#12254 = CARTESIAN_POINT('',(6.28318530718,-0.));
#12255 = VECTOR('',#12256,1.);
#12256 = DIRECTION('',(0.,1.));
#12257 = ( GEOMETRIC_REPRESENTATION_CONTEXT(2) 
PARAMETRIC_REPRESENTATION_CONTEXT() REPRESENTATION_CONTEXT('2D SPACE',''
  ) );
#12258 = PCURVE('',#12219,#12259);
#12259 = DEFINITIONAL_REPRESENTATION('',(#12260),#12264);
#12260 = LINE('',#12261,#12262);
#12261 = CARTESIAN_POINT('',(0.,-0.));
#12262 = VECTOR('',#12263,1.);
#12263 = DIRECTION('',(0.,1.));
#12264 = ( GEOMETRIC_REPRESENTATION_CONTEXT(2) 
PARAMETRIC_REPRESENTATION_CONTEXT() REPRESENTATION_CONTEXT('2D SPACE',''
  ) );
#12265 = ORIENTED_EDGE('',*,*,#12266,.T.);
#12266 = EDGE_CURVE('',#12244,#12244,#12267,.T.);
#12267 = SURFACE_CURVE('',#12268,(#12273,#12280),.PCURVE_S1.);
#12268 = CIRCLE('',#12269,0.25);
#12269 = AXIS2_PLACEMENT_3D('',#12270,#12271,#12272);
#12270 = CARTESIAN_POINT('',(-9.839252340469,-34.36934118339,101.5));
#12271 = DIRECTION('',(0.,0.,1.));
#12272 = DIRECTION('',(1.,0.,0.));
#12273 = PCURVE('',#12219,#12274);
#12274 = DEFINITIONAL_REPRESENTATION('',(#12275),#12279);
#12275 = LINE('',#12276,#12277);
#12276 = CARTESIAN_POINT('',(0.,0.));
#12277 = VECTOR('',#12278,1.);
#12278 = DIRECTION('',(1.,0.));
#12279 = ( GEOMETRIC_REPRESENTATION_CONTEXT(2) 
PARAMETRIC_REPRESENTATION_CONTEXT() REPRESENTATION_CONTEXT('2D SPACE',''
  ) );
#12280 = PCURVE('',#12281,#12286);
#12281 = PLANE('',#12282);
#12282 = AXIS2_PLACEMENT_3D('',#12283,#12284,#12285);
#12283 = CARTESIAN_POINT('',(-9.839252340469,-34.36934118339,101.5));
#12284 = DIRECTION('',(0.,0.,1.));
#12285 = DIRECTION('',(1.,0.,0.));
#12286 = DEFINITIONAL_REPRESENTATION('',(#12287),#12291);
#12287 = CIRCLE('',#12288,0.25);
#12288 = AXIS2_PLACEMENT_2D('',#12289,#12290);
#12289 = CARTESIAN_POINT('',(0.,0.));
#12290 = DIRECTION('',(1.,0.));
#12291 = ( GEOMETRIC_REPRESENTATION_CONTEXT(2) 
PARAMETRIC_REPRESENTATION_CONTEXT() REPRESENTATION_CONTEXT('2D SPACE',''
  ) );
#12292 = ORIENTED_EDGE('',*,*,#12243,.T.);
#12293 = ADVANCED_FACE('',(#12294),#12231,.T.);
#12294 = FACE_BOUND('',#12295,.T.);
#12295 = EDGE_LOOP('',(#12296));
#12296 = ORIENTED_EDGE('',*,*,#12209,.T.);
#12297 = ADVANCED_FACE('',(#12298),#12281,.F.);
#12298 = FACE_BOUND('',#12299,.T.);
#12299 = EDGE_LOOP('',(#12300));
#12300 = ORIENTED_EDGE('',*,*,#12266,.F.);
#12301 = MANIFOLD_SOLID_BREP('',#12302);
#12302 = CLOSED_SHELL('',(#12303,#12391,#12395));
#12303 = ADVANCED_FACE('',(#12304),#12317,.T.);
#12304 = FACE_BOUND('',#12305,.T.);
#12305 = EDGE_LOOP('',(#12306,#12340,#12363,#12390));
#12306 = ORIENTED_EDGE('',*,*,#12307,.F.);
#12307 = EDGE_CURVE('',#12308,#12308,#12310,.T.);
#12308 = VERTEX_POINT('',#12309);
#12309 = CARTESIAN_POINT('',(-14.21854564731,-32.69133963072,144.75));
#12310 = SURFACE_CURVE('',#12311,(#12316,#12328),.PCURVE_S1.);
#12311 = CIRCLE('',#12312,0.25);
#12312 = AXIS2_PLACEMENT_3D('',#12313,#12314,#12315);
#12313 = CARTESIAN_POINT('',(-14.46854564731,-32.69133963072,144.75));
#12314 = DIRECTION('',(0.,0.,1.));
#12315 = DIRECTION('',(1.,0.,0.));
#12316 = PCURVE('',#12317,#12322);
#12317 = CYLINDRICAL_SURFACE('',#12318,0.25);
#12318 = AXIS2_PLACEMENT_3D('',#12319,#12320,#12321);
#12319 = CARTESIAN_POINT('',(-14.46854564731,-32.69133963072,108.75));
#12320 = DIRECTION('',(0.,0.,1.));
#12321 = DIRECTION('',(1.,0.,0.));
#12322 = DEFINITIONAL_REPRESENTATION('',(#12323),#12327);
#12323 = LINE('',#12324,#12325);
#12324 = CARTESIAN_POINT('',(0.,36.));
#12325 = VECTOR('',#12326,1.);
#12326 = DIRECTION('',(1.,0.));
#12327 = ( GEOMETRIC_REPRESENTATION_CONTEXT(2) 
PARAMETRIC_REPRESENTATION_CONTEXT() REPRESENTATION_CONTEXT('2D SPACE',''
  ) );
#12328 = PCURVE('',#12329,#12334);
#12329 = PLANE('',#12330);
#12330 = AXIS2_PLACEMENT_3D('',#12331,#12332,#12333);
#12331 = CARTESIAN_POINT('',(-14.46854564731,-32.69133963072,144.75));
#12332 = DIRECTION('',(0.,0.,1.));
#12333 = DIRECTION('',(1.,0.,0.));
#12334 = DEFINITIONAL_REPRESENTATION('',(#12335),#12339);
#12335 = CIRCLE('',#12336,0.25);
#12336 = AXIS2_PLACEMENT_2D('',#12337,#12338);
#12337 = CARTESIAN_POINT('',(0.,0.));
#12338 = DIRECTION('',(1.,0.));
#12339 = ( GEOMETRIC_REPRESENTATION_CONTEXT(2) 
PARAMETRIC_REPRESENTATION_CONTEXT() REPRESENTATION_CONTEXT('2D SPACE',''
  ) );
#12340 = ORIENTED_EDGE('',*,*,#12341,.F.);
#12341 = EDGE_CURVE('',#12342,#12308,#12344,.T.);
#12342 = VERTEX_POINT('',#12343);
#12343 = CARTESIAN_POINT('',(-14.21854564731,-32.69133963072,108.75));
#12344 = SEAM_CURVE('',#12345,(#12349,#12356),.PCURVE_S1.);
#12345 = LINE('',#12346,#12347);
#12346 = CARTESIAN_POINT('',(-14.21854564731,-32.69133963072,108.75));
#12347 = VECTOR('',#12348,1.);
#12348 = DIRECTION('',(0.,0.,1.));
#12349 = PCURVE('',#12317,#12350);
#12350 = DEFINITIONAL_REPRESENTATION('',(#12351),#12355);
#12351 = LINE('',#12352,#12353);
#12352 = CARTESIAN_POINT('',(6.28318530718,-0.));
#12353 = VECTOR('',#12354,1.);
#12354 = DIRECTION('',(0.,1.));
#12355 = ( GEOMETRIC_REPRESENTATION_CONTEXT(2) 
PARAMETRIC_REPRESENTATION_CONTEXT() REPRESENTATION_CONTEXT('2D SPACE',''
  ) );
#12356 = PCURVE('',#12317,#12357);
#12357 = DEFINITIONAL_REPRESENTATION('',(#12358),#12362);
#12358 = LINE('',#12359,#12360);
#12359 = CARTESIAN_POINT('',(0.,-0.));
#12360 = VECTOR('',#12361,1.);
#12361 = DIRECTION('',(0.,1.));
#12362 = ( GEOMETRIC_REPRESENTATION_CONTEXT(2) 
PARAMETRIC_REPRESENTATION_CONTEXT() REPRESENTATION_CONTEXT('2D SPACE',''
  ) );
#12363 = ORIENTED_EDGE('',*,*,#12364,.T.);
#12364 = EDGE_CURVE('',#12342,#12342,#12365,.T.);
#12365 = SURFACE_CURVE('',#12366,(#12371,#12378),.PCURVE_S1.);
#12366 = CIRCLE('',#12367,0.25);
#12367 = AXIS2_PLACEMENT_3D('',#12368,#12369,#12370);
#12368 = CARTESIAN_POINT('',(-14.46854564731,-32.69133963072,108.75));
#12369 = DIRECTION('',(0.,0.,1.));
#12370 = DIRECTION('',(1.,0.,0.));
#12371 = PCURVE('',#12317,#12372);
#12372 = DEFINITIONAL_REPRESENTATION('',(#12373),#12377);
#12373 = LINE('',#12374,#12375);
#12374 = CARTESIAN_POINT('',(0.,0.));
#12375 = VECTOR('',#12376,1.);
#12376 = DIRECTION('',(1.,0.));
#12377 = ( GEOMETRIC_REPRESENTATION_CONTEXT(2) 
PARAMETRIC_REPRESENTATION_CONTEXT() REPRESENTATION_CONTEXT('2D SPACE',''
  ) );
#12378 = PCURVE('',#12379,#12384);
#12379 = PLANE('',#12380);
#12380 = AXIS2_PLACEMENT_3D('',#12381,#12382,#12383);
#12381 = CARTESIAN_POINT('',(-14.46854564731,-32.69133963072,108.75));
#12382 = DIRECTION('',(0.,0.,1.));
#12383 = DIRECTION('',(1.,0.,0.));
#12384 = DEFINITIONAL_REPRESENTATION('',(#12385),#12389);
#12385 = CIRCLE('',#12386,0.25);
#12386 = AXIS2_PLACEMENT_2D('',#12387,#12388);
#12387 = CARTESIAN_POINT('',(0.,0.));
#12388 = DIRECTION('',(1.,0.));
#12389 = ( GEOMETRIC_REPRESENTATION_CONTEXT(2) 
PARAMETRIC_REPRESENTATION_CONTEXT() REPRESENTATION_CONTEXT('2D SPACE',''
  ) );
#12390 = ORIENTED_EDGE('',*,*,#12341,.T.);
#12391 = ADVANCED_FACE('',(#12392),#12329,.T.);
#12392 = FACE_BOUND('',#12393,.T.);
#12393 = EDGE_LOOP('',(#12394));
#12394 = ORIENTED_EDGE('',*,*,#12307,.T.);
#12395 = ADVANCED_FACE('',(#12396),#12379,.F.);
#12396 = FACE_BOUND('',#12397,.T.);
#12397 = EDGE_LOOP('',(#12398));
#12398 = ORIENTED_EDGE('',*,*,#12364,.F.);
#12399 = MANIFOLD_SOLID_BREP('',#12400);
#12400 = CLOSED_SHELL('',(#12401,#12489,#12493));
#12401 = ADVANCED_FACE('',(#12402),#12415,.T.);
#12402 = FACE_BOUND('',#12403,.T.);
#12403 = EDGE_LOOP('',(#12404,#12438,#12461,#12488));
#12404 = ORIENTED_EDGE('',*,*,#12405,.F.);
#12405 = EDGE_CURVE('',#12406,#12406,#12408,.T.);
#12406 = VERTEX_POINT('',#12407);
#12407 = CARTESIAN_POINT('',(-18.57335705719,-30.39315266795,144.75));
#12408 = SURFACE_CURVE('',#12409,(#12414,#12426),.PCURVE_S1.);
#12409 = CIRCLE('',#12410,0.25);
#12410 = AXIS2_PLACEMENT_3D('',#12411,#12412,#12413);
#12411 = CARTESIAN_POINT('',(-18.82335705719,-30.39315266795,144.75));
#12412 = DIRECTION('',(0.,0.,1.));
#12413 = DIRECTION('',(1.,0.,0.));
#12414 = PCURVE('',#12415,#12420);
#12415 = CYLINDRICAL_SURFACE('',#12416,0.25);
#12416 = AXIS2_PLACEMENT_3D('',#12417,#12418,#12419);
#12417 = CARTESIAN_POINT('',(-18.82335705719,-30.39315266795,108.75));
#12418 = DIRECTION('',(0.,0.,1.));
#12419 = DIRECTION('',(1.,0.,0.));
#12420 = DEFINITIONAL_REPRESENTATION('',(#12421),#12425);
#12421 = LINE('',#12422,#12423);
#12422 = CARTESIAN_POINT('',(0.,36.));
#12423 = VECTOR('',#12424,1.);
#12424 = DIRECTION('',(1.,0.));
#12425 = ( GEOMETRIC_REPRESENTATION_CONTEXT(2) 
PARAMETRIC_REPRESENTATION_CONTEXT() REPRESENTATION_CONTEXT('2D SPACE',''
  ) );
#12426 = PCURVE('',#12427,#12432);
#12427 = PLANE('',#12428);
#12428 = AXIS2_PLACEMENT_3D('',#12429,#12430,#12431);
#12429 = CARTESIAN_POINT('',(-18.82335705719,-30.39315266795,144.75));
#12430 = DIRECTION('',(0.,0.,1.));
#12431 = DIRECTION('',(1.,0.,0.));
#12432 = DEFINITIONAL_REPRESENTATION('',(#12433),#12437);
#12433 = CIRCLE('',#12434,0.25);
#12434 = AXIS2_PLACEMENT_2D('',#12435,#12436);
#12435 = CARTESIAN_POINT('',(0.,0.));
#12436 = DIRECTION('',(1.,0.));
#12437 = ( GEOMETRIC_REPRESENTATION_CONTEXT(2) 
PARAMETRIC_REPRESENTATION_CONTEXT() REPRESENTATION_CONTEXT('2D SPACE',''
  ) );
#12438 = ORIENTED_EDGE('',*,*,#12439,.F.);
#12439 = EDGE_CURVE('',#12440,#12406,#12442,.T.);
#12440 = VERTEX_POINT('',#12441);
#12441 = CARTESIAN_POINT('',(-18.57335705719,-30.39315266795,108.75));
#12442 = SEAM_CURVE('',#12443,(#12447,#12454),.PCURVE_S1.);
#12443 = LINE('',#12444,#12445);
#12444 = CARTESIAN_POINT('',(-18.57335705719,-30.39315266795,108.75));
#12445 = VECTOR('',#12446,1.);
#12446 = DIRECTION('',(0.,0.,1.));
#12447 = PCURVE('',#12415,#12448);
#12448 = DEFINITIONAL_REPRESENTATION('',(#12449),#12453);
#12449 = LINE('',#12450,#12451);
#12450 = CARTESIAN_POINT('',(6.28318530718,-0.));
#12451 = VECTOR('',#12452,1.);
#12452 = DIRECTION('',(0.,1.));
#12453 = ( GEOMETRIC_REPRESENTATION_CONTEXT(2) 
PARAMETRIC_REPRESENTATION_CONTEXT() REPRESENTATION_CONTEXT('2D SPACE',''
  ) );
#12454 = PCURVE('',#12415,#12455);
#12455 = DEFINITIONAL_REPRESENTATION('',(#12456),#12460);
#12456 = LINE('',#12457,#12458);
#12457 = CARTESIAN_POINT('',(0.,-0.));
#12458 = VECTOR('',#12459,1.);
#12459 = DIRECTION('',(0.,1.));
#12460 = ( GEOMETRIC_REPRESENTATION_CONTEXT(2) 
PARAMETRIC_REPRESENTATION_CONTEXT() REPRESENTATION_CONTEXT('2D SPACE',''
  ) );
#12461 = ORIENTED_EDGE('',*,*,#12462,.T.);
#12462 = EDGE_CURVE('',#12440,#12440,#12463,.T.);
#12463 = SURFACE_CURVE('',#12464,(#12469,#12476),.PCURVE_S1.);
#12464 = CIRCLE('',#12465,0.25);
#12465 = AXIS2_PLACEMENT_3D('',#12466,#12467,#12468);
#12466 = CARTESIAN_POINT('',(-18.82335705719,-30.39315266795,108.75));
#12467 = DIRECTION('',(0.,0.,1.));
#12468 = DIRECTION('',(1.,0.,0.));
#12469 = PCURVE('',#12415,#12470);
#12470 = DEFINITIONAL_REPRESENTATION('',(#12471),#12475);
#12471 = LINE('',#12472,#12473);
#12472 = CARTESIAN_POINT('',(0.,0.));
#12473 = VECTOR('',#12474,1.);
#12474 = DIRECTION('',(1.,0.));
#12475 = ( GEOMETRIC_REPRESENTATION_CONTEXT(2) 
PARAMETRIC_REPRESENTATION_CONTEXT() REPRESENTATION_CONTEXT('2D SPACE',''
  ) );
#12476 = PCURVE('',#12477,#12482);
#12477 = PLANE('',#12478);
#12478 = AXIS2_PLACEMENT_3D('',#12479,#12480,#12481);
#12479 = CARTESIAN_POINT('',(-18.82335705719,-30.39315266795,108.75));
#12480 = DIRECTION('',(0.,0.,1.));
#12481 = DIRECTION('',(1.,0.,0.));
#12482 = DEFINITIONAL_REPRESENTATION('',(#12483),#12487);
#12483 = CIRCLE('',#12484,0.25);
#12484 = AXIS2_PLACEMENT_2D('',#12485,#12486);
#12485 = CARTESIAN_POINT('',(0.,0.));
#12486 = DIRECTION('',(1.,0.));
#12487 = ( GEOMETRIC_REPRESENTATION_CONTEXT(2) 
PARAMETRIC_REPRESENTATION_CONTEXT() REPRESENTATION_CONTEXT('2D SPACE',''
  ) );
#12488 = ORIENTED_EDGE('',*,*,#12439,.T.);
#12489 = ADVANCED_FACE('',(#12490),#12427,.T.);
#12490 = FACE_BOUND('',#12491,.T.);
#12491 = EDGE_LOOP('',(#12492));
#12492 = ORIENTED_EDGE('',*,*,#12405,.T.);
#12493 = ADVANCED_FACE('',(#12494),#12477,.F.);
#12494 = FACE_BOUND('',#12495,.T.);
#12495 = EDGE_LOOP('',(#12496));
#12496 = ORIENTED_EDGE('',*,*,#12462,.F.);
#12497 = MANIFOLD_SOLID_BREP('',#12498);
#12498 = CLOSED_SHELL('',(#12499,#12587,#12591));
#12499 = ADVANCED_FACE('',(#12500),#12513,.T.);
#12500 = FACE_BOUND('',#12501,.T.);
#12501 = EDGE_LOOP('',(#12502,#12536,#12559,#12586));
#12502 = ORIENTED_EDGE('',*,*,#12503,.F.);
#12503 = EDGE_CURVE('',#12504,#12504,#12506,.T.);
#12504 = VERTEX_POINT('',#12505);
#12505 = CARTESIAN_POINT('',(-22.57107170848,-27.51837905975,144.75));
#12506 = SURFACE_CURVE('',#12507,(#12512,#12524),.PCURVE_S1.);
#12507 = CIRCLE('',#12508,0.25);
#12508 = AXIS2_PLACEMENT_3D('',#12509,#12510,#12511);
#12509 = CARTESIAN_POINT('',(-22.82107170848,-27.51837905975,144.75));
#12510 = DIRECTION('',(0.,0.,1.));
#12511 = DIRECTION('',(1.,0.,0.));
#12512 = PCURVE('',#12513,#12518);
#12513 = CYLINDRICAL_SURFACE('',#12514,0.25);
#12514 = AXIS2_PLACEMENT_3D('',#12515,#12516,#12517);
#12515 = CARTESIAN_POINT('',(-22.82107170848,-27.51837905975,108.75));
#12516 = DIRECTION('',(0.,0.,1.));
#12517 = DIRECTION('',(1.,0.,0.));
#12518 = DEFINITIONAL_REPRESENTATION('',(#12519),#12523);
#12519 = LINE('',#12520,#12521);
#12520 = CARTESIAN_POINT('',(0.,36.));
#12521 = VECTOR('',#12522,1.);
#12522 = DIRECTION('',(1.,0.));
#12523 = ( GEOMETRIC_REPRESENTATION_CONTEXT(2) 
PARAMETRIC_REPRESENTATION_CONTEXT() REPRESENTATION_CONTEXT('2D SPACE',''
  ) );
#12524 = PCURVE('',#12525,#12530);
#12525 = PLANE('',#12526);
#12526 = AXIS2_PLACEMENT_3D('',#12527,#12528,#12529);
#12527 = CARTESIAN_POINT('',(-22.82107170848,-27.51837905975,144.75));
#12528 = DIRECTION('',(0.,0.,1.));
#12529 = DIRECTION('',(1.,0.,0.));
#12530 = DEFINITIONAL_REPRESENTATION('',(#12531),#12535);
#12531 = CIRCLE('',#12532,0.25);
#12532 = AXIS2_PLACEMENT_2D('',#12533,#12534);
#12533 = CARTESIAN_POINT('',(0.,0.));
#12534 = DIRECTION('',(1.,0.));
#12535 = ( GEOMETRIC_REPRESENTATION_CONTEXT(2) 
PARAMETRIC_REPRESENTATION_CONTEXT() REPRESENTATION_CONTEXT('2D SPACE',''
  ) );
#12536 = ORIENTED_EDGE('',*,*,#12537,.F.);
#12537 = EDGE_CURVE('',#12538,#12504,#12540,.T.);
#12538 = VERTEX_POINT('',#12539);
#12539 = CARTESIAN_POINT('',(-22.57107170848,-27.51837905975,108.75));
#12540 = SEAM_CURVE('',#12541,(#12545,#12552),.PCURVE_S1.);
#12541 = LINE('',#12542,#12543);
#12542 = CARTESIAN_POINT('',(-22.57107170848,-27.51837905975,108.75));
#12543 = VECTOR('',#12544,1.);
#12544 = DIRECTION('',(0.,0.,1.));
#12545 = PCURVE('',#12513,#12546);
#12546 = DEFINITIONAL_REPRESENTATION('',(#12547),#12551);
#12547 = LINE('',#12548,#12549);
#12548 = CARTESIAN_POINT('',(6.28318530718,-0.));
#12549 = VECTOR('',#12550,1.);
#12550 = DIRECTION('',(0.,1.));
#12551 = ( GEOMETRIC_REPRESENTATION_CONTEXT(2) 
PARAMETRIC_REPRESENTATION_CONTEXT() REPRESENTATION_CONTEXT('2D SPACE',''
  ) );
#12552 = PCURVE('',#12513,#12553);
#12553 = DEFINITIONAL_REPRESENTATION('',(#12554),#12558);
#12554 = LINE('',#12555,#12556);
#12555 = CARTESIAN_POINT('',(0.,-0.));
#12556 = VECTOR('',#12557,1.);
#12557 = DIRECTION('',(0.,1.));
#12558 = ( GEOMETRIC_REPRESENTATION_CONTEXT(2) 
PARAMETRIC_REPRESENTATION_CONTEXT() REPRESENTATION_CONTEXT('2D SPACE',''
  ) );
#12559 = ORIENTED_EDGE('',*,*,#12560,.T.);
#12560 = EDGE_CURVE('',#12538,#12538,#12561,.T.);
#12561 = SURFACE_CURVE('',#12562,(#12567,#12574),.PCURVE_S1.);
#12562 = CIRCLE('',#12563,0.25);
#12563 = AXIS2_PLACEMENT_3D('',#12564,#12565,#12566);
#12564 = CARTESIAN_POINT('',(-22.82107170848,-27.51837905975,108.75));
#12565 = DIRECTION('',(0.,0.,1.));
#12566 = DIRECTION('',(1.,0.,0.));
#12567 = PCURVE('',#12513,#12568);
#12568 = DEFINITIONAL_REPRESENTATION('',(#12569),#12573);
#12569 = LINE('',#12570,#12571);
#12570 = CARTESIAN_POINT('',(0.,0.));
#12571 = VECTOR('',#12572,1.);
#12572 = DIRECTION('',(1.,0.));
#12573 = ( GEOMETRIC_REPRESENTATION_CONTEXT(2) 
PARAMETRIC_REPRESENTATION_CONTEXT() REPRESENTATION_CONTEXT('2D SPACE',''
  ) );
#12574 = PCURVE('',#12575,#12580);
#12575 = PLANE('',#12576);
#12576 = AXIS2_PLACEMENT_3D('',#12577,#12578,#12579);
#12577 = CARTESIAN_POINT('',(-22.82107170848,-27.51837905975,108.75));
#12578 = DIRECTION('',(0.,0.,1.));
#12579 = DIRECTION('',(1.,0.,0.));
#12580 = DEFINITIONAL_REPRESENTATION('',(#12581),#12585);
#12581 = CIRCLE('',#12582,0.25);
#12582 = AXIS2_PLACEMENT_2D('',#12583,#12584);
#12583 = CARTESIAN_POINT('',(0.,0.));
#12584 = DIRECTION('',(1.,0.));
#12585 = ( GEOMETRIC_REPRESENTATION_CONTEXT(2) 
PARAMETRIC_REPRESENTATION_CONTEXT() REPRESENTATION_CONTEXT('2D SPACE',''
  ) );
#12586 = ORIENTED_EDGE('',*,*,#12537,.T.);
#12587 = ADVANCED_FACE('',(#12588),#12525,.T.);
#12588 = FACE_BOUND('',#12589,.T.);
#12589 = EDGE_LOOP('',(#12590));
#12590 = ORIENTED_EDGE('',*,*,#12503,.T.);
#12591 = ADVANCED_FACE('',(#12592),#12575,.F.);
#12592 = FACE_BOUND('',#12593,.T.);
#12593 = EDGE_LOOP('',(#12594));
#12594 = ORIENTED_EDGE('',*,*,#12560,.F.);
#12595 = MANIFOLD_SOLID_BREP('',#12596);
#12596 = CLOSED_SHELL('',(#12597,#12685,#12689));
#12597 = ADVANCED_FACE('',(#12598),#12611,.T.);
#12598 = FACE_BOUND('',#12599,.T.);
#12599 = EDGE_LOOP('',(#12600,#12634,#12657,#12684));
#12600 = ORIENTED_EDGE('',*,*,#12601,.F.);
#12601 = EDGE_CURVE('',#12602,#12602,#12604,.T.);
#12602 = VERTEX_POINT('',#12603);
#12603 = CARTESIAN_POINT('',(-26.13584920036,-24.12155596091,144.75));
#12604 = SURFACE_CURVE('',#12605,(#12610,#12622),.PCURVE_S1.);
#12605 = CIRCLE('',#12606,0.25);
#12606 = AXIS2_PLACEMENT_3D('',#12607,#12608,#12609);
#12607 = CARTESIAN_POINT('',(-26.38584920036,-24.12155596091,144.75));
#12608 = DIRECTION('',(0.,0.,1.));
#12609 = DIRECTION('',(1.,0.,0.));
#12610 = PCURVE('',#12611,#12616);
#12611 = CYLINDRICAL_SURFACE('',#12612,0.25);
#12612 = AXIS2_PLACEMENT_3D('',#12613,#12614,#12615);
#12613 = CARTESIAN_POINT('',(-26.38584920036,-24.12155596091,108.75));
#12614 = DIRECTION('',(0.,0.,1.));
#12615 = DIRECTION('',(1.,0.,0.));
#12616 = DEFINITIONAL_REPRESENTATION('',(#12617),#12621);
#12617 = LINE('',#12618,#12619);
#12618 = CARTESIAN_POINT('',(0.,36.));
#12619 = VECTOR('',#12620,1.);
#12620 = DIRECTION('',(1.,0.));
#12621 = ( GEOMETRIC_REPRESENTATION_CONTEXT(2) 
PARAMETRIC_REPRESENTATION_CONTEXT() REPRESENTATION_CONTEXT('2D SPACE',''
  ) );
#12622 = PCURVE('',#12623,#12628);
#12623 = PLANE('',#12624);
#12624 = AXIS2_PLACEMENT_3D('',#12625,#12626,#12627);
#12625 = CARTESIAN_POINT('',(-26.38584920036,-24.12155596091,144.75));
#12626 = DIRECTION('',(0.,0.,1.));
#12627 = DIRECTION('',(1.,0.,0.));
#12628 = DEFINITIONAL_REPRESENTATION('',(#12629),#12633);
#12629 = CIRCLE('',#12630,0.25);
#12630 = AXIS2_PLACEMENT_2D('',#12631,#12632);
#12631 = CARTESIAN_POINT('',(0.,0.));
#12632 = DIRECTION('',(1.,0.));
#12633 = ( GEOMETRIC_REPRESENTATION_CONTEXT(2) 
PARAMETRIC_REPRESENTATION_CONTEXT() REPRESENTATION_CONTEXT('2D SPACE',''
  ) );
#12634 = ORIENTED_EDGE('',*,*,#12635,.F.);
#12635 = EDGE_CURVE('',#12636,#12602,#12638,.T.);
#12636 = VERTEX_POINT('',#12637);
#12637 = CARTESIAN_POINT('',(-26.13584920036,-24.12155596091,108.75));
#12638 = SEAM_CURVE('',#12639,(#12643,#12650),.PCURVE_S1.);
#12639 = LINE('',#12640,#12641);
#12640 = CARTESIAN_POINT('',(-26.13584920036,-24.12155596091,108.75));
#12641 = VECTOR('',#12642,1.);
#12642 = DIRECTION('',(0.,0.,1.));
#12643 = PCURVE('',#12611,#12644);
#12644 = DEFINITIONAL_REPRESENTATION('',(#12645),#12649);
#12645 = LINE('',#12646,#12647);
#12646 = CARTESIAN_POINT('',(6.28318530718,-0.));
#12647 = VECTOR('',#12648,1.);
#12648 = DIRECTION('',(0.,1.));
#12649 = ( GEOMETRIC_REPRESENTATION_CONTEXT(2) 
PARAMETRIC_REPRESENTATION_CONTEXT() REPRESENTATION_CONTEXT('2D SPACE',''
  ) );
#12650 = PCURVE('',#12611,#12651);
#12651 = DEFINITIONAL_REPRESENTATION('',(#12652),#12656);
#12652 = LINE('',#12653,#12654);
#12653 = CARTESIAN_POINT('',(0.,-0.));
#12654 = VECTOR('',#12655,1.);
#12655 = DIRECTION('',(0.,1.));
#12656 = ( GEOMETRIC_REPRESENTATION_CONTEXT(2) 
PARAMETRIC_REPRESENTATION_CONTEXT() REPRESENTATION_CONTEXT('2D SPACE',''
  ) );
#12657 = ORIENTED_EDGE('',*,*,#12658,.T.);
#12658 = EDGE_CURVE('',#12636,#12636,#12659,.T.);
#12659 = SURFACE_CURVE('',#12660,(#12665,#12672),.PCURVE_S1.);
#12660 = CIRCLE('',#12661,0.25);
#12661 = AXIS2_PLACEMENT_3D('',#12662,#12663,#12664);
#12662 = CARTESIAN_POINT('',(-26.38584920036,-24.12155596091,108.75));
#12663 = DIRECTION('',(0.,0.,1.));
#12664 = DIRECTION('',(1.,0.,0.));
#12665 = PCURVE('',#12611,#12666);
#12666 = DEFINITIONAL_REPRESENTATION('',(#12667),#12671);
#12667 = LINE('',#12668,#12669);
#12668 = CARTESIAN_POINT('',(0.,0.));
#12669 = VECTOR('',#12670,1.);
#12670 = DIRECTION('',(1.,0.));
#12671 = ( GEOMETRIC_REPRESENTATION_CONTEXT(2) 
PARAMETRIC_REPRESENTATION_CONTEXT() REPRESENTATION_CONTEXT('2D SPACE',''
  ) );
#12672 = PCURVE('',#12673,#12678);
#12673 = PLANE('',#12674);
#12674 = AXIS2_PLACEMENT_3D('',#12675,#12676,#12677);
#12675 = CARTESIAN_POINT('',(-26.38584920036,-24.12155596091,108.75));
#12676 = DIRECTION('',(0.,0.,1.));
#12677 = DIRECTION('',(1.,0.,0.));
#12678 = DEFINITIONAL_REPRESENTATION('',(#12679),#12683);
#12679 = CIRCLE('',#12680,0.25);
#12680 = AXIS2_PLACEMENT_2D('',#12681,#12682);
#12681 = CARTESIAN_POINT('',(0.,0.));
#12682 = DIRECTION('',(1.,0.));
#12683 = ( GEOMETRIC_REPRESENTATION_CONTEXT(2) 
PARAMETRIC_REPRESENTATION_CONTEXT() REPRESENTATION_CONTEXT('2D SPACE',''
  ) );
#12684 = ORIENTED_EDGE('',*,*,#12635,.T.);
#12685 = ADVANCED_FACE('',(#12686),#12623,.T.);
#12686 = FACE_BOUND('',#12687,.T.);
#12687 = EDGE_LOOP('',(#12688));
#12688 = ORIENTED_EDGE('',*,*,#12601,.T.);
#12689 = ADVANCED_FACE('',(#12690),#12673,.F.);
#12690 = FACE_BOUND('',#12691,.T.);
#12691 = EDGE_LOOP('',(#12692));
#12692 = ORIENTED_EDGE('',*,*,#12658,.F.);
#12693 = MANIFOLD_SOLID_BREP('',#12694);
#12694 = CLOSED_SHELL('',(#12695,#12783,#12787));
#12695 = ADVANCED_FACE('',(#12696),#12709,.T.);
#12696 = FACE_BOUND('',#12697,.T.);
#12697 = EDGE_LOOP('',(#12698,#12732,#12755,#12782));
#12698 = ORIENTED_EDGE('',*,*,#12699,.F.);
#12699 = EDGE_CURVE('',#12700,#12700,#12702,.T.);
#12700 = VERTEX_POINT('',#12701);
#12701 = CARTESIAN_POINT('',(-29.20006235649,-20.26712429524,152.));
#12702 = SURFACE_CURVE('',#12703,(#12708,#12720),.PCURVE_S1.);
#12703 = CIRCLE('',#12704,0.25);
#12704 = AXIS2_PLACEMENT_3D('',#12705,#12706,#12707);
#12705 = CARTESIAN_POINT('',(-29.45006235649,-20.26712429524,152.));
#12706 = DIRECTION('',(0.,0.,1.));
#12707 = DIRECTION('',(1.,0.,0.));
#12708 = PCURVE('',#12709,#12714);
#12709 = CYLINDRICAL_SURFACE('',#12710,0.25);
#12710 = AXIS2_PLACEMENT_3D('',#12711,#12712,#12713);
#12711 = CARTESIAN_POINT('',(-29.45006235649,-20.26712429524,116.));
#12712 = DIRECTION('',(0.,0.,1.));
#12713 = DIRECTION('',(1.,0.,0.));
#12714 = DEFINITIONAL_REPRESENTATION('',(#12715),#12719);
#12715 = LINE('',#12716,#12717);
#12716 = CARTESIAN_POINT('',(0.,36.));
#12717 = VECTOR('',#12718,1.);
#12718 = DIRECTION('',(1.,0.));
#12719 = ( GEOMETRIC_REPRESENTATION_CONTEXT(2) 
PARAMETRIC_REPRESENTATION_CONTEXT() REPRESENTATION_CONTEXT('2D SPACE',''
  ) );
#12720 = PCURVE('',#12721,#12726);
#12721 = PLANE('',#12722);
#12722 = AXIS2_PLACEMENT_3D('',#12723,#12724,#12725);
#12723 = CARTESIAN_POINT('',(-29.45006235649,-20.26712429524,152.));
#12724 = DIRECTION('',(0.,0.,1.));
#12725 = DIRECTION('',(1.,0.,0.));
#12726 = DEFINITIONAL_REPRESENTATION('',(#12727),#12731);
#12727 = CIRCLE('',#12728,0.25);
#12728 = AXIS2_PLACEMENT_2D('',#12729,#12730);
#12729 = CARTESIAN_POINT('',(0.,0.));
#12730 = DIRECTION('',(1.,0.));
#12731 = ( GEOMETRIC_REPRESENTATION_CONTEXT(2) 
PARAMETRIC_REPRESENTATION_CONTEXT() REPRESENTATION_CONTEXT('2D SPACE',''
  ) );
#12732 = ORIENTED_EDGE('',*,*,#12733,.F.);
#12733 = EDGE_CURVE('',#12734,#12700,#12736,.T.);
#12734 = VERTEX_POINT('',#12735);
#12735 = CARTESIAN_POINT('',(-29.20006235649,-20.26712429524,116.));
#12736 = SEAM_CURVE('',#12737,(#12741,#12748),.PCURVE_S1.);
#12737 = LINE('',#12738,#12739);
#12738 = CARTESIAN_POINT('',(-29.20006235649,-20.26712429524,116.));
#12739 = VECTOR('',#12740,1.);
#12740 = DIRECTION('',(0.,0.,1.));
#12741 = PCURVE('',#12709,#12742);
#12742 = DEFINITIONAL_REPRESENTATION('',(#12743),#12747);
#12743 = LINE('',#12744,#12745);
#12744 = CARTESIAN_POINT('',(6.28318530718,-0.));
#12745 = VECTOR('',#12746,1.);
#12746 = DIRECTION('',(0.,1.));
#12747 = ( GEOMETRIC_REPRESENTATION_CONTEXT(2) 
PARAMETRIC_REPRESENTATION_CONTEXT() REPRESENTATION_CONTEXT('2D SPACE',''
  ) );
#12748 = PCURVE('',#12709,#12749);
#12749 = DEFINITIONAL_REPRESENTATION('',(#12750),#12754);
#12750 = LINE('',#12751,#12752);
#12751 = CARTESIAN_POINT('',(0.,-0.));
#12752 = VECTOR('',#12753,1.);
#12753 = DIRECTION('',(0.,1.));
#12754 = ( GEOMETRIC_REPRESENTATION_CONTEXT(2) 
PARAMETRIC_REPRESENTATION_CONTEXT() REPRESENTATION_CONTEXT('2D SPACE',''
  ) );
#12755 = ORIENTED_EDGE('',*,*,#12756,.T.);
#12756 = EDGE_CURVE('',#12734,#12734,#12757,.T.);
#12757 = SURFACE_CURVE('',#12758,(#12763,#12770),.PCURVE_S1.);
#12758 = CIRCLE('',#12759,0.25);
#12759 = AXIS2_PLACEMENT_3D('',#12760,#12761,#12762);
#12760 = CARTESIAN_POINT('',(-29.45006235649,-20.26712429524,116.));
#12761 = DIRECTION('',(0.,0.,1.));
#12762 = DIRECTION('',(1.,0.,0.));
#12763 = PCURVE('',#12709,#12764);
#12764 = DEFINITIONAL_REPRESENTATION('',(#12765),#12769);
#12765 = LINE('',#12766,#12767);
#12766 = CARTESIAN_POINT('',(0.,0.));
#12767 = VECTOR('',#12768,1.);
#12768 = DIRECTION('',(1.,0.));
#12769 = ( GEOMETRIC_REPRESENTATION_CONTEXT(2) 
PARAMETRIC_REPRESENTATION_CONTEXT() REPRESENTATION_CONTEXT('2D SPACE',''
  ) );
#12770 = PCURVE('',#12771,#12776);
#12771 = PLANE('',#12772);
#12772 = AXIS2_PLACEMENT_3D('',#12773,#12774,#12775);
#12773 = CARTESIAN_POINT('',(-29.45006235649,-20.26712429524,116.));
#12774 = DIRECTION('',(0.,0.,1.));
#12775 = DIRECTION('',(1.,0.,0.));
#12776 = DEFINITIONAL_REPRESENTATION('',(#12777),#12781);
#12777 = CIRCLE('',#12778,0.25);
#12778 = AXIS2_PLACEMENT_2D('',#12779,#12780);
#12779 = CARTESIAN_POINT('',(0.,0.));
#12780 = DIRECTION('',(1.,0.));
#12781 = ( GEOMETRIC_REPRESENTATION_CONTEXT(2) 
PARAMETRIC_REPRESENTATION_CONTEXT() REPRESENTATION_CONTEXT('2D SPACE',''
  ) );
#12782 = ORIENTED_EDGE('',*,*,#12733,.T.);
#12783 = ADVANCED_FACE('',(#12784),#12721,.T.);
#12784 = FACE_BOUND('',#12785,.T.);
#12785 = EDGE_LOOP('',(#12786));
#12786 = ORIENTED_EDGE('',*,*,#12699,.T.);
#12787 = ADVANCED_FACE('',(#12788),#12771,.F.);
#12788 = FACE_BOUND('',#12789,.T.);
#12789 = EDGE_LOOP('',(#12790));
#12790 = ORIENTED_EDGE('',*,*,#12756,.F.);
#12791 = MANIFOLD_SOLID_BREP('',#12792);
#12792 = CLOSED_SHELL('',(#12793,#12881,#12885));
#12793 = ADVANCED_FACE('',(#12794),#12807,.T.);
#12794 = FACE_BOUND('',#12795,.T.);
#12795 = EDGE_LOOP('',(#12796,#12830,#12853,#12880));
#12796 = ORIENTED_EDGE('',*,*,#12797,.F.);
#12797 = EDGE_CURVE('',#12798,#12798,#12800,.T.);
#12798 = VERTEX_POINT('',#12799);
#12799 = CARTESIAN_POINT('',(-31.70558017597,-16.02820625076,152.));
#12800 = SURFACE_CURVE('',#12801,(#12806,#12818),.PCURVE_S1.);
#12801 = CIRCLE('',#12802,0.25);
#12802 = AXIS2_PLACEMENT_3D('',#12803,#12804,#12805);
#12803 = CARTESIAN_POINT('',(-31.95558017597,-16.02820625076,152.));
#12804 = DIRECTION('',(0.,0.,1.));
#12805 = DIRECTION('',(1.,0.,0.));
#12806 = PCURVE('',#12807,#12812);
#12807 = CYLINDRICAL_SURFACE('',#12808,0.25);
#12808 = AXIS2_PLACEMENT_3D('',#12809,#12810,#12811);
#12809 = CARTESIAN_POINT('',(-31.95558017597,-16.02820625076,116.));
#12810 = DIRECTION('',(0.,0.,1.));
#12811 = DIRECTION('',(1.,0.,0.));
#12812 = DEFINITIONAL_REPRESENTATION('',(#12813),#12817);
#12813 = LINE('',#12814,#12815);
#12814 = CARTESIAN_POINT('',(0.,36.));
#12815 = VECTOR('',#12816,1.);
#12816 = DIRECTION('',(1.,0.));
#12817 = ( GEOMETRIC_REPRESENTATION_CONTEXT(2) 
PARAMETRIC_REPRESENTATION_CONTEXT() REPRESENTATION_CONTEXT('2D SPACE',''
  ) );
#12818 = PCURVE('',#12819,#12824);
#12819 = PLANE('',#12820);
#12820 = AXIS2_PLACEMENT_3D('',#12821,#12822,#12823);
#12821 = CARTESIAN_POINT('',(-31.95558017597,-16.02820625076,152.));
#12822 = DIRECTION('',(0.,0.,1.));
#12823 = DIRECTION('',(1.,0.,0.));
#12824 = DEFINITIONAL_REPRESENTATION('',(#12825),#12829);
#12825 = CIRCLE('',#12826,0.25);
#12826 = AXIS2_PLACEMENT_2D('',#12827,#12828);
#12827 = CARTESIAN_POINT('',(0.,0.));
#12828 = DIRECTION('',(1.,0.));
#12829 = ( GEOMETRIC_REPRESENTATION_CONTEXT(2) 
PARAMETRIC_REPRESENTATION_CONTEXT() REPRESENTATION_CONTEXT('2D SPACE',''
  ) );
#12830 = ORIENTED_EDGE('',*,*,#12831,.F.);
#12831 = EDGE_CURVE('',#12832,#12798,#12834,.T.);
#12832 = VERTEX_POINT('',#12833);
#12833 = CARTESIAN_POINT('',(-31.70558017597,-16.02820625076,116.));
#12834 = SEAM_CURVE('',#12835,(#12839,#12846),.PCURVE_S1.);
#12835 = LINE('',#12836,#12837);
#12836 = CARTESIAN_POINT('',(-31.70558017597,-16.02820625076,116.));
#12837 = VECTOR('',#12838,1.);
#12838 = DIRECTION('',(0.,0.,1.));
#12839 = PCURVE('',#12807,#12840);
#12840 = DEFINITIONAL_REPRESENTATION('',(#12841),#12845);
#12841 = LINE('',#12842,#12843);
#12842 = CARTESIAN_POINT('',(6.28318530718,-0.));
#12843 = VECTOR('',#12844,1.);
#12844 = DIRECTION('',(0.,1.));
#12845 = ( GEOMETRIC_REPRESENTATION_CONTEXT(2) 
PARAMETRIC_REPRESENTATION_CONTEXT() REPRESENTATION_CONTEXT('2D SPACE',''
  ) );
#12846 = PCURVE('',#12807,#12847);
#12847 = DEFINITIONAL_REPRESENTATION('',(#12848),#12852);
#12848 = LINE('',#12849,#12850);
#12849 = CARTESIAN_POINT('',(0.,-0.));
#12850 = VECTOR('',#12851,1.);
#12851 = DIRECTION('',(0.,1.));
#12852 = ( GEOMETRIC_REPRESENTATION_CONTEXT(2) 
PARAMETRIC_REPRESENTATION_CONTEXT() REPRESENTATION_CONTEXT('2D SPACE',''
  ) );
#12853 = ORIENTED_EDGE('',*,*,#12854,.T.);
#12854 = EDGE_CURVE('',#12832,#12832,#12855,.T.);
#12855 = SURFACE_CURVE('',#12856,(#12861,#12868),.PCURVE_S1.);
#12856 = CIRCLE('',#12857,0.25);
#12857 = AXIS2_PLACEMENT_3D('',#12858,#12859,#12860);
#12858 = CARTESIAN_POINT('',(-31.95558017597,-16.02820625076,116.));
#12859 = DIRECTION('',(0.,0.,1.));
#12860 = DIRECTION('',(1.,0.,0.));
#12861 = PCURVE('',#12807,#12862);
#12862 = DEFINITIONAL_REPRESENTATION('',(#12863),#12867);
#12863 = LINE('',#12864,#12865);
#12864 = CARTESIAN_POINT('',(0.,0.));
#12865 = VECTOR('',#12866,1.);
#12866 = DIRECTION('',(1.,0.));
#12867 = ( GEOMETRIC_REPRESENTATION_CONTEXT(2) 
PARAMETRIC_REPRESENTATION_CONTEXT() REPRESENTATION_CONTEXT('2D SPACE',''
  ) );
#12868 = PCURVE('',#12869,#12874);
#12869 = PLANE('',#12870);
#12870 = AXIS2_PLACEMENT_3D('',#12871,#12872,#12873);
#12871 = CARTESIAN_POINT('',(-31.95558017597,-16.02820625076,116.));
#12872 = DIRECTION('',(0.,0.,1.));
#12873 = DIRECTION('',(1.,0.,0.));
#12874 = DEFINITIONAL_REPRESENTATION('',(#12875),#12879);
#12875 = CIRCLE('',#12876,0.25);
#12876 = AXIS2_PLACEMENT_2D('',#12877,#12878);
#12877 = CARTESIAN_POINT('',(0.,0.));
#12878 = DIRECTION('',(1.,0.));
#12879 = ( GEOMETRIC_REPRESENTATION_CONTEXT(2) 
PARAMETRIC_REPRESENTATION_CONTEXT() REPRESENTATION_CONTEXT('2D SPACE',''
  ) );
#12880 = ORIENTED_EDGE('',*,*,#12831,.T.);
#12881 = ADVANCED_FACE('',(#12882),#12819,.T.);
#12882 = FACE_BOUND('',#12883,.T.);
#12883 = EDGE_LOOP('',(#12884));
#12884 = ORIENTED_EDGE('',*,*,#12797,.T.);
#12885 = ADVANCED_FACE('',(#12886),#12869,.F.);
#12886 = FACE_BOUND('',#12887,.T.);
#12887 = EDGE_LOOP('',(#12888));
#12888 = ORIENTED_EDGE('',*,*,#12854,.F.);
#12889 = MANIFOLD_SOLID_BREP('',#12890);
#12890 = CLOSED_SHELL('',(#12891,#12979,#12983));
#12891 = ADVANCED_FACE('',(#12892),#12905,.T.);
#12892 = FACE_BOUND('',#12893,.T.);
#12893 = EDGE_LOOP('',(#12894,#12928,#12951,#12978));
#12894 = ORIENTED_EDGE('',*,*,#12895,.F.);
#12895 = EDGE_CURVE('',#12896,#12896,#12898,.T.);
#12896 = VERTEX_POINT('',#12897);
#12897 = CARTESIAN_POINT('',(-33.60487063307,-11.48521808315,152.));
#12898 = SURFACE_CURVE('',#12899,(#12904,#12916),.PCURVE_S1.);
#12899 = CIRCLE('',#12900,0.25);
#12900 = AXIS2_PLACEMENT_3D('',#12901,#12902,#12903);
#12901 = CARTESIAN_POINT('',(-33.85487063307,-11.48521808315,152.));
#12902 = DIRECTION('',(0.,0.,1.));
#12903 = DIRECTION('',(1.,0.,0.));
#12904 = PCURVE('',#12905,#12910);
#12905 = CYLINDRICAL_SURFACE('',#12906,0.25);
#12906 = AXIS2_PLACEMENT_3D('',#12907,#12908,#12909);
#12907 = CARTESIAN_POINT('',(-33.85487063307,-11.48521808315,116.));
#12908 = DIRECTION('',(0.,0.,1.));
#12909 = DIRECTION('',(1.,0.,0.));
#12910 = DEFINITIONAL_REPRESENTATION('',(#12911),#12915);
#12911 = LINE('',#12912,#12913);
#12912 = CARTESIAN_POINT('',(0.,36.));
#12913 = VECTOR('',#12914,1.);
#12914 = DIRECTION('',(1.,0.));
#12915 = ( GEOMETRIC_REPRESENTATION_CONTEXT(2) 
PARAMETRIC_REPRESENTATION_CONTEXT() REPRESENTATION_CONTEXT('2D SPACE',''
  ) );
#12916 = PCURVE('',#12917,#12922);
#12917 = PLANE('',#12918);
#12918 = AXIS2_PLACEMENT_3D('',#12919,#12920,#12921);
#12919 = CARTESIAN_POINT('',(-33.85487063307,-11.48521808315,152.));
#12920 = DIRECTION('',(0.,0.,1.));
#12921 = DIRECTION('',(1.,0.,0.));
#12922 = DEFINITIONAL_REPRESENTATION('',(#12923),#12927);
#12923 = CIRCLE('',#12924,0.25);
#12924 = AXIS2_PLACEMENT_2D('',#12925,#12926);
#12925 = CARTESIAN_POINT('',(0.,0.));
#12926 = DIRECTION('',(1.,0.));
#12927 = ( GEOMETRIC_REPRESENTATION_CONTEXT(2) 
PARAMETRIC_REPRESENTATION_CONTEXT() REPRESENTATION_CONTEXT('2D SPACE',''
  ) );
#12928 = ORIENTED_EDGE('',*,*,#12929,.F.);
#12929 = EDGE_CURVE('',#12930,#12896,#12932,.T.);
#12930 = VERTEX_POINT('',#12931);
#12931 = CARTESIAN_POINT('',(-33.60487063307,-11.48521808315,116.));
#12932 = SEAM_CURVE('',#12933,(#12937,#12944),.PCURVE_S1.);
#12933 = LINE('',#12934,#12935);
#12934 = CARTESIAN_POINT('',(-33.60487063307,-11.48521808315,116.));
#12935 = VECTOR('',#12936,1.);
#12936 = DIRECTION('',(0.,0.,1.));
#12937 = PCURVE('',#12905,#12938);
#12938 = DEFINITIONAL_REPRESENTATION('',(#12939),#12943);
#12939 = LINE('',#12940,#12941);
#12940 = CARTESIAN_POINT('',(6.28318530718,-0.));
#12941 = VECTOR('',#12942,1.);
#12942 = DIRECTION('',(0.,1.));
#12943 = ( GEOMETRIC_REPRESENTATION_CONTEXT(2) 
PARAMETRIC_REPRESENTATION_CONTEXT() REPRESENTATION_CONTEXT('2D SPACE',''
  ) );
#12944 = PCURVE('',#12905,#12945);
#12945 = DEFINITIONAL_REPRESENTATION('',(#12946),#12950);
#12946 = LINE('',#12947,#12948);
#12947 = CARTESIAN_POINT('',(0.,-0.));
#12948 = VECTOR('',#12949,1.);
#12949 = DIRECTION('',(0.,1.));
#12950 = ( GEOMETRIC_REPRESENTATION_CONTEXT(2) 
PARAMETRIC_REPRESENTATION_CONTEXT() REPRESENTATION_CONTEXT('2D SPACE',''
  ) );
#12951 = ORIENTED_EDGE('',*,*,#12952,.T.);
#12952 = EDGE_CURVE('',#12930,#12930,#12953,.T.);
#12953 = SURFACE_CURVE('',#12954,(#12959,#12966),.PCURVE_S1.);
#12954 = CIRCLE('',#12955,0.25);
#12955 = AXIS2_PLACEMENT_3D('',#12956,#12957,#12958);
#12956 = CARTESIAN_POINT('',(-33.85487063307,-11.48521808315,116.));
#12957 = DIRECTION('',(0.,0.,1.));
#12958 = DIRECTION('',(1.,0.,0.));
#12959 = PCURVE('',#12905,#12960);
#12960 = DEFINITIONAL_REPRESENTATION('',(#12961),#12965);
#12961 = LINE('',#12962,#12963);
#12962 = CARTESIAN_POINT('',(0.,0.));
#12963 = VECTOR('',#12964,1.);
#12964 = DIRECTION('',(1.,0.));
#12965 = ( GEOMETRIC_REPRESENTATION_CONTEXT(2) 
PARAMETRIC_REPRESENTATION_CONTEXT() REPRESENTATION_CONTEXT('2D SPACE',''
  ) );
#12966 = PCURVE('',#12967,#12972);
#12967 = PLANE('',#12968);
#12968 = AXIS2_PLACEMENT_3D('',#12969,#12970,#12971);
#12969 = CARTESIAN_POINT('',(-33.85487063307,-11.48521808315,116.));
#12970 = DIRECTION('',(0.,0.,1.));
#12971 = DIRECTION('',(1.,0.,0.));
#12972 = DEFINITIONAL_REPRESENTATION('',(#12973),#12977);
#12973 = CIRCLE('',#12974,0.25);
#12974 = AXIS2_PLACEMENT_2D('',#12975,#12976);
#12975 = CARTESIAN_POINT('',(0.,0.));
#12976 = DIRECTION('',(1.,0.));
#12977 = ( GEOMETRIC_REPRESENTATION_CONTEXT(2) 
PARAMETRIC_REPRESENTATION_CONTEXT() REPRESENTATION_CONTEXT('2D SPACE',''
  ) );
#12978 = ORIENTED_EDGE('',*,*,#12929,.T.);
#12979 = ADVANCED_FACE('',(#12980),#12917,.T.);
#12980 = FACE_BOUND('',#12981,.T.);
#12981 = EDGE_LOOP('',(#12982));
#12982 = ORIENTED_EDGE('',*,*,#12895,.T.);
#12983 = ADVANCED_FACE('',(#12984),#12967,.F.);
#12984 = FACE_BOUND('',#12985,.T.);
#12985 = EDGE_LOOP('',(#12986));
#12986 = ORIENTED_EDGE('',*,*,#12952,.F.);
#12987 = MANIFOLD_SOLID_BREP('',#12988);
#12988 = CLOSED_SHELL('',(#12989,#13077,#13081));
#12989 = ADVANCED_FACE('',(#12990),#13003,.T.);
#12990 = FACE_BOUND('',#12991,.T.);
#12991 = EDGE_LOOP('',(#12992,#13026,#13049,#13076));
#12992 = ORIENTED_EDGE('',*,*,#12993,.F.);
#12993 = EDGE_CURVE('',#12994,#12994,#12996,.T.);
#12994 = VERTEX_POINT('',#12995);
#12995 = CARTESIAN_POINT('',(-34.86190240439,-6.724344543832,152.));
#12996 = SURFACE_CURVE('',#12997,(#13002,#13014),.PCURVE_S1.);
#12997 = CIRCLE('',#12998,0.25);
#12998 = AXIS2_PLACEMENT_3D('',#12999,#13000,#13001);
#12999 = CARTESIAN_POINT('',(-35.11190240439,-6.724344543832,152.));
#13000 = DIRECTION('',(0.,0.,1.));
#13001 = DIRECTION('',(1.,0.,0.));
#13002 = PCURVE('',#13003,#13008);
#13003 = CYLINDRICAL_SURFACE('',#13004,0.25);
#13004 = AXIS2_PLACEMENT_3D('',#13005,#13006,#13007);
#13005 = CARTESIAN_POINT('',(-35.11190240439,-6.724344543832,116.));
#13006 = DIRECTION('',(0.,0.,1.));
#13007 = DIRECTION('',(1.,0.,0.));
#13008 = DEFINITIONAL_REPRESENTATION('',(#13009),#13013);
#13009 = LINE('',#13010,#13011);
#13010 = CARTESIAN_POINT('',(0.,36.));
#13011 = VECTOR('',#13012,1.);
#13012 = DIRECTION('',(1.,0.));
#13013 = ( GEOMETRIC_REPRESENTATION_CONTEXT(2) 
PARAMETRIC_REPRESENTATION_CONTEXT() REPRESENTATION_CONTEXT('2D SPACE',''
  ) );
#13014 = PCURVE('',#13015,#13020);
#13015 = PLANE('',#13016);
#13016 = AXIS2_PLACEMENT_3D('',#13017,#13018,#13019);
#13017 = CARTESIAN_POINT('',(-35.11190240439,-6.724344543832,152.));
#13018 = DIRECTION('',(0.,0.,1.));
#13019 = DIRECTION('',(1.,0.,0.));
#13020 = DEFINITIONAL_REPRESENTATION('',(#13021),#13025);
#13021 = CIRCLE('',#13022,0.25);
#13022 = AXIS2_PLACEMENT_2D('',#13023,#13024);
#13023 = CARTESIAN_POINT('',(0.,0.));
#13024 = DIRECTION('',(1.,0.));
#13025 = ( GEOMETRIC_REPRESENTATION_CONTEXT(2) 
PARAMETRIC_REPRESENTATION_CONTEXT() REPRESENTATION_CONTEXT('2D SPACE',''
  ) );
#13026 = ORIENTED_EDGE('',*,*,#13027,.F.);
#13027 = EDGE_CURVE('',#13028,#12994,#13030,.T.);
#13028 = VERTEX_POINT('',#13029);
#13029 = CARTESIAN_POINT('',(-34.86190240439,-6.724344543832,116.));
#13030 = SEAM_CURVE('',#13031,(#13035,#13042),.PCURVE_S1.);
#13031 = LINE('',#13032,#13033);
#13032 = CARTESIAN_POINT('',(-34.86190240439,-6.724344543832,116.));
#13033 = VECTOR('',#13034,1.);
#13034 = DIRECTION('',(0.,0.,1.));
#13035 = PCURVE('',#13003,#13036);
#13036 = DEFINITIONAL_REPRESENTATION('',(#13037),#13041);
#13037 = LINE('',#13038,#13039);
#13038 = CARTESIAN_POINT('',(6.28318530718,-0.));
#13039 = VECTOR('',#13040,1.);
#13040 = DIRECTION('',(0.,1.));
#13041 = ( GEOMETRIC_REPRESENTATION_CONTEXT(2) 
PARAMETRIC_REPRESENTATION_CONTEXT() REPRESENTATION_CONTEXT('2D SPACE',''
  ) );
#13042 = PCURVE('',#13003,#13043);
#13043 = DEFINITIONAL_REPRESENTATION('',(#13044),#13048);
#13044 = LINE('',#13045,#13046);
#13045 = CARTESIAN_POINT('',(0.,-0.));
#13046 = VECTOR('',#13047,1.);
#13047 = DIRECTION('',(0.,1.));
#13048 = ( GEOMETRIC_REPRESENTATION_CONTEXT(2) 
PARAMETRIC_REPRESENTATION_CONTEXT() REPRESENTATION_CONTEXT('2D SPACE',''
  ) );
#13049 = ORIENTED_EDGE('',*,*,#13050,.T.);
#13050 = EDGE_CURVE('',#13028,#13028,#13051,.T.);
#13051 = SURFACE_CURVE('',#13052,(#13057,#13064),.PCURVE_S1.);
#13052 = CIRCLE('',#13053,0.25);
#13053 = AXIS2_PLACEMENT_3D('',#13054,#13055,#13056);
#13054 = CARTESIAN_POINT('',(-35.11190240439,-6.724344543832,116.));
#13055 = DIRECTION('',(0.,0.,1.));
#13056 = DIRECTION('',(1.,0.,0.));
#13057 = PCURVE('',#13003,#13058);
#13058 = DEFINITIONAL_REPRESENTATION('',(#13059),#13063);
#13059 = LINE('',#13060,#13061);
#13060 = CARTESIAN_POINT('',(0.,0.));
#13061 = VECTOR('',#13062,1.);
#13062 = DIRECTION('',(1.,0.));
#13063 = ( GEOMETRIC_REPRESENTATION_CONTEXT(2) 
PARAMETRIC_REPRESENTATION_CONTEXT() REPRESENTATION_CONTEXT('2D SPACE',''
  ) );
#13064 = PCURVE('',#13065,#13070);
#13065 = PLANE('',#13066);
#13066 = AXIS2_PLACEMENT_3D('',#13067,#13068,#13069);
#13067 = CARTESIAN_POINT('',(-35.11190240439,-6.724344543832,116.));
#13068 = DIRECTION('',(0.,0.,1.));
#13069 = DIRECTION('',(1.,0.,0.));
#13070 = DEFINITIONAL_REPRESENTATION('',(#13071),#13075);
#13071 = CIRCLE('',#13072,0.25);
#13072 = AXIS2_PLACEMENT_2D('',#13073,#13074);
#13073 = CARTESIAN_POINT('',(0.,0.));
#13074 = DIRECTION('',(1.,0.));
#13075 = ( GEOMETRIC_REPRESENTATION_CONTEXT(2) 
PARAMETRIC_REPRESENTATION_CONTEXT() REPRESENTATION_CONTEXT('2D SPACE',''
  ) );
#13076 = ORIENTED_EDGE('',*,*,#13027,.T.);
#13077 = ADVANCED_FACE('',(#13078),#13015,.T.);
#13078 = FACE_BOUND('',#13079,.T.);
#13079 = EDGE_LOOP('',(#13080));
#13080 = ORIENTED_EDGE('',*,*,#12993,.T.);
#13081 = ADVANCED_FACE('',(#13082),#13065,.F.);
#13082 = FACE_BOUND('',#13083,.T.);
#13083 = EDGE_LOOP('',(#13084));
#13084 = ORIENTED_EDGE('',*,*,#13050,.F.);
#13085 = MANIFOLD_SOLID_BREP('',#13086);
#13086 = CLOSED_SHELL('',(#13087,#13175,#13179));
#13087 = ADVANCED_FACE('',(#13088),#13101,.T.);
#13088 = FACE_BOUND('',#13089,.T.);
#13089 = EDGE_LOOP('',(#13090,#13124,#13147,#13174));
#13090 = ORIENTED_EDGE('',*,*,#13091,.F.);
#13091 = EDGE_CURVE('',#13092,#13092,#13094,.T.);
#13092 = VERTEX_POINT('',#13093);
#13093 = CARTESIAN_POINT('',(-35.45282841686,-1.835903874324,159.25));
#13094 = SURFACE_CURVE('',#13095,(#13100,#13112),.PCURVE_S1.);
#13095 = CIRCLE('',#13096,0.25);
#13096 = AXIS2_PLACEMENT_3D('',#13097,#13098,#13099);
#13097 = CARTESIAN_POINT('',(-35.70282841686,-1.835903874324,159.25));
#13098 = DIRECTION('',(0.,0.,1.));
#13099 = DIRECTION('',(1.,0.,0.));
#13100 = PCURVE('',#13101,#13106);
#13101 = CYLINDRICAL_SURFACE('',#13102,0.25);
#13102 = AXIS2_PLACEMENT_3D('',#13103,#13104,#13105);
#13103 = CARTESIAN_POINT('',(-35.70282841686,-1.835903874324,123.25));
#13104 = DIRECTION('',(0.,0.,1.));
#13105 = DIRECTION('',(1.,0.,0.));
#13106 = DEFINITIONAL_REPRESENTATION('',(#13107),#13111);
#13107 = LINE('',#13108,#13109);
#13108 = CARTESIAN_POINT('',(0.,36.));
#13109 = VECTOR('',#13110,1.);
#13110 = DIRECTION('',(1.,0.));
#13111 = ( GEOMETRIC_REPRESENTATION_CONTEXT(2) 
PARAMETRIC_REPRESENTATION_CONTEXT() REPRESENTATION_CONTEXT('2D SPACE',''
  ) );
#13112 = PCURVE('',#13113,#13118);
#13113 = PLANE('',#13114);
#13114 = AXIS2_PLACEMENT_3D('',#13115,#13116,#13117);
#13115 = CARTESIAN_POINT('',(-35.70282841686,-1.835903874324,159.25));
#13116 = DIRECTION('',(0.,0.,1.));
#13117 = DIRECTION('',(1.,0.,0.));
#13118 = DEFINITIONAL_REPRESENTATION('',(#13119),#13123);
#13119 = CIRCLE('',#13120,0.25);
#13120 = AXIS2_PLACEMENT_2D('',#13121,#13122);
#13121 = CARTESIAN_POINT('',(0.,0.));
#13122 = DIRECTION('',(1.,0.));
#13123 = ( GEOMETRIC_REPRESENTATION_CONTEXT(2) 
PARAMETRIC_REPRESENTATION_CONTEXT() REPRESENTATION_CONTEXT('2D SPACE',''
  ) );
#13124 = ORIENTED_EDGE('',*,*,#13125,.F.);
#13125 = EDGE_CURVE('',#13126,#13092,#13128,.T.);
#13126 = VERTEX_POINT('',#13127);
#13127 = CARTESIAN_POINT('',(-35.45282841686,-1.835903874324,123.25));
#13128 = SEAM_CURVE('',#13129,(#13133,#13140),.PCURVE_S1.);
#13129 = LINE('',#13130,#13131);
#13130 = CARTESIAN_POINT('',(-35.45282841686,-1.835903874324,123.25));
#13131 = VECTOR('',#13132,1.);
#13132 = DIRECTION('',(0.,0.,1.));
#13133 = PCURVE('',#13101,#13134);
#13134 = DEFINITIONAL_REPRESENTATION('',(#13135),#13139);
#13135 = LINE('',#13136,#13137);
#13136 = CARTESIAN_POINT('',(6.28318530718,-0.));
#13137 = VECTOR('',#13138,1.);
#13138 = DIRECTION('',(0.,1.));
#13139 = ( GEOMETRIC_REPRESENTATION_CONTEXT(2) 
PARAMETRIC_REPRESENTATION_CONTEXT() REPRESENTATION_CONTEXT('2D SPACE',''
  ) );
#13140 = PCURVE('',#13101,#13141);
#13141 = DEFINITIONAL_REPRESENTATION('',(#13142),#13146);
#13142 = LINE('',#13143,#13144);
#13143 = CARTESIAN_POINT('',(0.,-0.));
#13144 = VECTOR('',#13145,1.);
#13145 = DIRECTION('',(0.,1.));
#13146 = ( GEOMETRIC_REPRESENTATION_CONTEXT(2) 
PARAMETRIC_REPRESENTATION_CONTEXT() REPRESENTATION_CONTEXT('2D SPACE',''
  ) );
#13147 = ORIENTED_EDGE('',*,*,#13148,.T.);
#13148 = EDGE_CURVE('',#13126,#13126,#13149,.T.);
#13149 = SURFACE_CURVE('',#13150,(#13155,#13162),.PCURVE_S1.);
#13150 = CIRCLE('',#13151,0.25);
#13151 = AXIS2_PLACEMENT_3D('',#13152,#13153,#13154);
#13152 = CARTESIAN_POINT('',(-35.70282841686,-1.835903874324,123.25));
#13153 = DIRECTION('',(0.,0.,1.));
#13154 = DIRECTION('',(1.,0.,0.));
#13155 = PCURVE('',#13101,#13156);
#13156 = DEFINITIONAL_REPRESENTATION('',(#13157),#13161);
#13157 = LINE('',#13158,#13159);
#13158 = CARTESIAN_POINT('',(0.,0.));
#13159 = VECTOR('',#13160,1.);
#13160 = DIRECTION('',(1.,0.));
#13161 = ( GEOMETRIC_REPRESENTATION_CONTEXT(2) 
PARAMETRIC_REPRESENTATION_CONTEXT() REPRESENTATION_CONTEXT('2D SPACE',''
  ) );
#13162 = PCURVE('',#13163,#13168);
#13163 = PLANE('',#13164);
#13164 = AXIS2_PLACEMENT_3D('',#13165,#13166,#13167);
#13165 = CARTESIAN_POINT('',(-35.70282841686,-1.835903874324,123.25));
#13166 = DIRECTION('',(0.,0.,1.));
#13167 = DIRECTION('',(1.,0.,0.));
#13168 = DEFINITIONAL_REPRESENTATION('',(#13169),#13173);
#13169 = CIRCLE('',#13170,0.25);
#13170 = AXIS2_PLACEMENT_2D('',#13171,#13172);
#13171 = CARTESIAN_POINT('',(0.,0.));
#13172 = DIRECTION('',(1.,0.));
#13173 = ( GEOMETRIC_REPRESENTATION_CONTEXT(2) 
PARAMETRIC_REPRESENTATION_CONTEXT() REPRESENTATION_CONTEXT('2D SPACE',''
  ) );
#13174 = ORIENTED_EDGE('',*,*,#13125,.T.);
#13175 = ADVANCED_FACE('',(#13176),#13113,.T.);
#13176 = FACE_BOUND('',#13177,.T.);
#13177 = EDGE_LOOP('',(#13178));
#13178 = ORIENTED_EDGE('',*,*,#13091,.T.);
#13179 = ADVANCED_FACE('',(#13180),#13163,.F.);
#13180 = FACE_BOUND('',#13181,.T.);
#13181 = EDGE_LOOP('',(#13182));
#13182 = ORIENTED_EDGE('',*,*,#13148,.F.);
#13183 = MANIFOLD_SOLID_BREP('',#13184);
#13184 = CLOSED_SHELL('',(#13185,#13273,#13277));
#13185 = ADVANCED_FACE('',(#13186),#13199,.T.);
#13186 = FACE_BOUND('',#13187,.T.);
#13187 = EDGE_LOOP('',(#13188,#13222,#13245,#13272));
#13188 = ORIENTED_EDGE('',*,*,#13189,.F.);
#13189 = EDGE_CURVE('',#13190,#13190,#13192,.T.);
#13190 = VERTEX_POINT('',#13191);
#13191 = CARTESIAN_POINT('',(-35.36643824915,3.087365615601,159.25));
#13192 = SURFACE_CURVE('',#13193,(#13198,#13210),.PCURVE_S1.);
#13193 = CIRCLE('',#13194,0.25);
#13194 = AXIS2_PLACEMENT_3D('',#13195,#13196,#13197);
#13195 = CARTESIAN_POINT('',(-35.61643824915,3.087365615601,159.25));
#13196 = DIRECTION('',(0.,0.,1.));
#13197 = DIRECTION('',(1.,0.,0.));
#13198 = PCURVE('',#13199,#13204);
#13199 = CYLINDRICAL_SURFACE('',#13200,0.25);
#13200 = AXIS2_PLACEMENT_3D('',#13201,#13202,#13203);
#13201 = CARTESIAN_POINT('',(-35.61643824915,3.087365615601,123.25));
#13202 = DIRECTION('',(0.,0.,1.));
#13203 = DIRECTION('',(1.,0.,0.));
#13204 = DEFINITIONAL_REPRESENTATION('',(#13205),#13209);
#13205 = LINE('',#13206,#13207);
#13206 = CARTESIAN_POINT('',(0.,36.));
#13207 = VECTOR('',#13208,1.);
#13208 = DIRECTION('',(1.,0.));
#13209 = ( GEOMETRIC_REPRESENTATION_CONTEXT(2) 
PARAMETRIC_REPRESENTATION_CONTEXT() REPRESENTATION_CONTEXT('2D SPACE',''
  ) );
#13210 = PCURVE('',#13211,#13216);
#13211 = PLANE('',#13212);
#13212 = AXIS2_PLACEMENT_3D('',#13213,#13214,#13215);
#13213 = CARTESIAN_POINT('',(-35.61643824915,3.087365615601,159.25));
#13214 = DIRECTION('',(0.,0.,1.));
#13215 = DIRECTION('',(1.,0.,0.));
#13216 = DEFINITIONAL_REPRESENTATION('',(#13217),#13221);
#13217 = CIRCLE('',#13218,0.25);
#13218 = AXIS2_PLACEMENT_2D('',#13219,#13220);
#13219 = CARTESIAN_POINT('',(0.,0.));
#13220 = DIRECTION('',(1.,0.));
#13221 = ( GEOMETRIC_REPRESENTATION_CONTEXT(2) 
PARAMETRIC_REPRESENTATION_CONTEXT() REPRESENTATION_CONTEXT('2D SPACE',''
  ) );
#13222 = ORIENTED_EDGE('',*,*,#13223,.F.);
#13223 = EDGE_CURVE('',#13224,#13190,#13226,.T.);
#13224 = VERTEX_POINT('',#13225);
#13225 = CARTESIAN_POINT('',(-35.36643824915,3.087365615601,123.25));
#13226 = SEAM_CURVE('',#13227,(#13231,#13238),.PCURVE_S1.);
#13227 = LINE('',#13228,#13229);
#13228 = CARTESIAN_POINT('',(-35.36643824915,3.087365615601,123.25));
#13229 = VECTOR('',#13230,1.);
#13230 = DIRECTION('',(0.,0.,1.));
#13231 = PCURVE('',#13199,#13232);
#13232 = DEFINITIONAL_REPRESENTATION('',(#13233),#13237);
#13233 = LINE('',#13234,#13235);
#13234 = CARTESIAN_POINT('',(6.28318530718,-0.));
#13235 = VECTOR('',#13236,1.);
#13236 = DIRECTION('',(0.,1.));
#13237 = ( GEOMETRIC_REPRESENTATION_CONTEXT(2) 
PARAMETRIC_REPRESENTATION_CONTEXT() REPRESENTATION_CONTEXT('2D SPACE',''
  ) );
#13238 = PCURVE('',#13199,#13239);
#13239 = DEFINITIONAL_REPRESENTATION('',(#13240),#13244);
#13240 = LINE('',#13241,#13242);
#13241 = CARTESIAN_POINT('',(0.,-0.));
#13242 = VECTOR('',#13243,1.);
#13243 = DIRECTION('',(0.,1.));
#13244 = ( GEOMETRIC_REPRESENTATION_CONTEXT(2) 
PARAMETRIC_REPRESENTATION_CONTEXT() REPRESENTATION_CONTEXT('2D SPACE',''
  ) );
#13245 = ORIENTED_EDGE('',*,*,#13246,.T.);
#13246 = EDGE_CURVE('',#13224,#13224,#13247,.T.);
#13247 = SURFACE_CURVE('',#13248,(#13253,#13260),.PCURVE_S1.);
#13248 = CIRCLE('',#13249,0.25);
#13249 = AXIS2_PLACEMENT_3D('',#13250,#13251,#13252);
#13250 = CARTESIAN_POINT('',(-35.61643824915,3.087365615601,123.25));
#13251 = DIRECTION('',(0.,0.,1.));
#13252 = DIRECTION('',(1.,0.,0.));
#13253 = PCURVE('',#13199,#13254);
#13254 = DEFINITIONAL_REPRESENTATION('',(#13255),#13259);
#13255 = LINE('',#13256,#13257);
#13256 = CARTESIAN_POINT('',(0.,0.));
#13257 = VECTOR('',#13258,1.);
#13258 = DIRECTION('',(1.,0.));
#13259 = ( GEOMETRIC_REPRESENTATION_CONTEXT(2) 
PARAMETRIC_REPRESENTATION_CONTEXT() REPRESENTATION_CONTEXT('2D SPACE',''
  ) );
#13260 = PCURVE('',#13261,#13266);
#13261 = PLANE('',#13262);
#13262 = AXIS2_PLACEMENT_3D('',#13263,#13264,#13265);
#13263 = CARTESIAN_POINT('',(-35.61643824915,3.087365615601,123.25));
#13264 = DIRECTION('',(0.,0.,1.));
#13265 = DIRECTION('',(1.,0.,0.));
#13266 = DEFINITIONAL_REPRESENTATION('',(#13267),#13271);
#13267 = CIRCLE('',#13268,0.25);
#13268 = AXIS2_PLACEMENT_2D('',#13269,#13270);
#13269 = CARTESIAN_POINT('',(0.,0.));
#13270 = DIRECTION('',(1.,0.));
#13271 = ( GEOMETRIC_REPRESENTATION_CONTEXT(2) 
PARAMETRIC_REPRESENTATION_CONTEXT() REPRESENTATION_CONTEXT('2D SPACE',''
  ) );
#13272 = ORIENTED_EDGE('',*,*,#13223,.T.);
#13273 = ADVANCED_FACE('',(#13274),#13211,.T.);
#13274 = FACE_BOUND('',#13275,.T.);
#13275 = EDGE_LOOP('',(#13276));
#13276 = ORIENTED_EDGE('',*,*,#13189,.T.);
#13277 = ADVANCED_FACE('',(#13278),#13261,.F.);
#13278 = FACE_BOUND('',#13279,.T.);
#13279 = EDGE_LOOP('',(#13280));
#13280 = ORIENTED_EDGE('',*,*,#13246,.F.);
#13281 = MANIFOLD_SOLID_BREP('',#13282);
#13282 = CLOSED_SHELL('',(#13283,#13371,#13375));
#13283 = ADVANCED_FACE('',(#13284),#13297,.T.);
#13284 = FACE_BOUND('',#13285,.T.);
#13285 = EDGE_LOOP('',(#13286,#13320,#13343,#13370));
#13286 = ORIENTED_EDGE('',*,*,#13287,.F.);
#13287 = EDGE_CURVE('',#13288,#13288,#13290,.T.);
#13288 = VERTEX_POINT('',#13289);
#13289 = CARTESIAN_POINT('',(-34.60437080385,7.952064880749,159.25));
#13290 = SURFACE_CURVE('',#13291,(#13296,#13308),.PCURVE_S1.);
#13291 = CIRCLE('',#13292,0.25);
#13292 = AXIS2_PLACEMENT_3D('',#13293,#13294,#13295);
#13293 = CARTESIAN_POINT('',(-34.85437080385,7.952064880749,159.25));
#13294 = DIRECTION('',(0.,0.,1.));
#13295 = DIRECTION('',(1.,0.,0.));
#13296 = PCURVE('',#13297,#13302);
#13297 = CYLINDRICAL_SURFACE('',#13298,0.25);
#13298 = AXIS2_PLACEMENT_3D('',#13299,#13300,#13301);
#13299 = CARTESIAN_POINT('',(-34.85437080385,7.952064880749,123.25));
#13300 = DIRECTION('',(0.,0.,1.));
#13301 = DIRECTION('',(1.,0.,0.));
#13302 = DEFINITIONAL_REPRESENTATION('',(#13303),#13307);
#13303 = LINE('',#13304,#13305);
#13304 = CARTESIAN_POINT('',(0.,36.));
#13305 = VECTOR('',#13306,1.);
#13306 = DIRECTION('',(1.,0.));
#13307 = ( GEOMETRIC_REPRESENTATION_CONTEXT(2) 
PARAMETRIC_REPRESENTATION_CONTEXT() REPRESENTATION_CONTEXT('2D SPACE',''
  ) );
#13308 = PCURVE('',#13309,#13314);
#13309 = PLANE('',#13310);
#13310 = AXIS2_PLACEMENT_3D('',#13311,#13312,#13313);
#13311 = CARTESIAN_POINT('',(-34.85437080385,7.952064880749,159.25));
#13312 = DIRECTION('',(0.,0.,1.));
#13313 = DIRECTION('',(1.,0.,0.));
#13314 = DEFINITIONAL_REPRESENTATION('',(#13315),#13319);
#13315 = CIRCLE('',#13316,0.25);
#13316 = AXIS2_PLACEMENT_2D('',#13317,#13318);
#13317 = CARTESIAN_POINT('',(0.,0.));
#13318 = DIRECTION('',(1.,0.));
#13319 = ( GEOMETRIC_REPRESENTATION_CONTEXT(2) 
PARAMETRIC_REPRESENTATION_CONTEXT() REPRESENTATION_CONTEXT('2D SPACE',''
  ) );
#13320 = ORIENTED_EDGE('',*,*,#13321,.F.);
#13321 = EDGE_CURVE('',#13322,#13288,#13324,.T.);
#13322 = VERTEX_POINT('',#13323);
#13323 = CARTESIAN_POINT('',(-34.60437080385,7.952064880749,123.25));
#13324 = SEAM_CURVE('',#13325,(#13329,#13336),.PCURVE_S1.);
#13325 = LINE('',#13326,#13327);
#13326 = CARTESIAN_POINT('',(-34.60437080385,7.952064880749,123.25));
#13327 = VECTOR('',#13328,1.);
#13328 = DIRECTION('',(0.,0.,1.));
#13329 = PCURVE('',#13297,#13330);
#13330 = DEFINITIONAL_REPRESENTATION('',(#13331),#13335);
#13331 = LINE('',#13332,#13333);
#13332 = CARTESIAN_POINT('',(6.28318530718,-0.));
#13333 = VECTOR('',#13334,1.);
#13334 = DIRECTION('',(0.,1.));
#13335 = ( GEOMETRIC_REPRESENTATION_CONTEXT(2) 
PARAMETRIC_REPRESENTATION_CONTEXT() REPRESENTATION_CONTEXT('2D SPACE',''
  ) );
#13336 = PCURVE('',#13297,#13337);
#13337 = DEFINITIONAL_REPRESENTATION('',(#13338),#13342);
#13338 = LINE('',#13339,#13340);
#13339 = CARTESIAN_POINT('',(0.,-0.));
#13340 = VECTOR('',#13341,1.);
#13341 = DIRECTION('',(0.,1.));
#13342 = ( GEOMETRIC_REPRESENTATION_CONTEXT(2) 
PARAMETRIC_REPRESENTATION_CONTEXT() REPRESENTATION_CONTEXT('2D SPACE',''
  ) );
#13343 = ORIENTED_EDGE('',*,*,#13344,.T.);
#13344 = EDGE_CURVE('',#13322,#13322,#13345,.T.);
#13345 = SURFACE_CURVE('',#13346,(#13351,#13358),.PCURVE_S1.);
#13346 = CIRCLE('',#13347,0.25);
#13347 = AXIS2_PLACEMENT_3D('',#13348,#13349,#13350);
#13348 = CARTESIAN_POINT('',(-34.85437080385,7.952064880749,123.25));
#13349 = DIRECTION('',(0.,0.,1.));
#13350 = DIRECTION('',(1.,0.,0.));
#13351 = PCURVE('',#13297,#13352);
#13352 = DEFINITIONAL_REPRESENTATION('',(#13353),#13357);
#13353 = LINE('',#13354,#13355);
#13354 = CARTESIAN_POINT('',(0.,0.));
#13355 = VECTOR('',#13356,1.);
#13356 = DIRECTION('',(1.,0.));
#13357 = ( GEOMETRIC_REPRESENTATION_CONTEXT(2) 
PARAMETRIC_REPRESENTATION_CONTEXT() REPRESENTATION_CONTEXT('2D SPACE',''
  ) );
#13358 = PCURVE('',#13359,#13364);
#13359 = PLANE('',#13360);
#13360 = AXIS2_PLACEMENT_3D('',#13361,#13362,#13363);
#13361 = CARTESIAN_POINT('',(-34.85437080385,7.952064880749,123.25));
#13362 = DIRECTION('',(0.,0.,1.));
#13363 = DIRECTION('',(1.,0.,0.));
#13364 = DEFINITIONAL_REPRESENTATION('',(#13365),#13369);
#13365 = CIRCLE('',#13366,0.25);
#13366 = AXIS2_PLACEMENT_2D('',#13367,#13368);
#13367 = CARTESIAN_POINT('',(0.,0.));
#13368 = DIRECTION('',(1.,0.));
#13369 = ( GEOMETRIC_REPRESENTATION_CONTEXT(2) 
PARAMETRIC_REPRESENTATION_CONTEXT() REPRESENTATION_CONTEXT('2D SPACE',''
  ) );
#13370 = ORIENTED_EDGE('',*,*,#13321,.T.);
#13371 = ADVANCED_FACE('',(#13372),#13309,.T.);
#13372 = FACE_BOUND('',#13373,.T.);
#13373 = EDGE_LOOP('',(#13374));
#13374 = ORIENTED_EDGE('',*,*,#13287,.T.);
#13375 = ADVANCED_FACE('',(#13376),#13359,.F.);
#13376 = FACE_BOUND('',#13377,.T.);
#13377 = EDGE_LOOP('',(#13378));
#13378 = ORIENTED_EDGE('',*,*,#13344,.F.);
#13379 = MANIFOLD_SOLID_BREP('',#13380);
#13380 = CLOSED_SHELL('',(#13381,#13469,#13473));
#13381 = ADVANCED_FACE('',(#13382),#13395,.T.);
#13382 = FACE_BOUND('',#13383,.T.);
#13383 = EDGE_LOOP('',(#13384,#13418,#13441,#13468));
#13384 = ORIENTED_EDGE('',*,*,#13385,.F.);
#13385 = EDGE_CURVE('',#13386,#13386,#13388,.T.);
#13386 = VERTEX_POINT('',#13387);
#13387 = CARTESIAN_POINT('',(-33.18108321598,12.665906008083,159.25));
#13388 = SURFACE_CURVE('',#13389,(#13394,#13406),.PCURVE_S1.);
#13389 = CIRCLE('',#13390,0.25);
#13390 = AXIS2_PLACEMENT_3D('',#13391,#13392,#13393);
#13391 = CARTESIAN_POINT('',(-33.43108321598,12.665906008083,159.25));
#13392 = DIRECTION('',(0.,0.,1.));
#13393 = DIRECTION('',(1.,0.,0.));
#13394 = PCURVE('',#13395,#13400);
#13395 = CYLINDRICAL_SURFACE('',#13396,0.25);
#13396 = AXIS2_PLACEMENT_3D('',#13397,#13398,#13399);
#13397 = CARTESIAN_POINT('',(-33.43108321598,12.665906008083,123.25));
#13398 = DIRECTION('',(0.,0.,1.));
#13399 = DIRECTION('',(1.,0.,0.));
#13400 = DEFINITIONAL_REPRESENTATION('',(#13401),#13405);
#13401 = LINE('',#13402,#13403);
#13402 = CARTESIAN_POINT('',(0.,36.));
#13403 = VECTOR('',#13404,1.);
#13404 = DIRECTION('',(1.,0.));
#13405 = ( GEOMETRIC_REPRESENTATION_CONTEXT(2) 
PARAMETRIC_REPRESENTATION_CONTEXT() REPRESENTATION_CONTEXT('2D SPACE',''
  ) );
#13406 = PCURVE('',#13407,#13412);
#13407 = PLANE('',#13408);
#13408 = AXIS2_PLACEMENT_3D('',#13409,#13410,#13411);
#13409 = CARTESIAN_POINT('',(-33.43108321598,12.665906008083,159.25));
#13410 = DIRECTION('',(0.,0.,1.));
#13411 = DIRECTION('',(1.,0.,0.));
#13412 = DEFINITIONAL_REPRESENTATION('',(#13413),#13417);
#13413 = CIRCLE('',#13414,0.25);
#13414 = AXIS2_PLACEMENT_2D('',#13415,#13416);
#13415 = CARTESIAN_POINT('',(0.,0.));
#13416 = DIRECTION('',(1.,0.));
#13417 = ( GEOMETRIC_REPRESENTATION_CONTEXT(2) 
PARAMETRIC_REPRESENTATION_CONTEXT() REPRESENTATION_CONTEXT('2D SPACE',''
  ) );
#13418 = ORIENTED_EDGE('',*,*,#13419,.F.);
#13419 = EDGE_CURVE('',#13420,#13386,#13422,.T.);
#13420 = VERTEX_POINT('',#13421);
#13421 = CARTESIAN_POINT('',(-33.18108321598,12.665906008083,123.25));
#13422 = SEAM_CURVE('',#13423,(#13427,#13434),.PCURVE_S1.);
#13423 = LINE('',#13424,#13425);
#13424 = CARTESIAN_POINT('',(-33.18108321598,12.665906008083,123.25));
#13425 = VECTOR('',#13426,1.);
#13426 = DIRECTION('',(0.,0.,1.));
#13427 = PCURVE('',#13395,#13428);
#13428 = DEFINITIONAL_REPRESENTATION('',(#13429),#13433);
#13429 = LINE('',#13430,#13431);
#13430 = CARTESIAN_POINT('',(6.28318530718,-0.));
#13431 = VECTOR('',#13432,1.);
#13432 = DIRECTION('',(0.,1.));
#13433 = ( GEOMETRIC_REPRESENTATION_CONTEXT(2) 
PARAMETRIC_REPRESENTATION_CONTEXT() REPRESENTATION_CONTEXT('2D SPACE',''
  ) );
#13434 = PCURVE('',#13395,#13435);
#13435 = DEFINITIONAL_REPRESENTATION('',(#13436),#13440);
#13436 = LINE('',#13437,#13438);
#13437 = CARTESIAN_POINT('',(0.,-0.));
#13438 = VECTOR('',#13439,1.);
#13439 = DIRECTION('',(0.,1.));
#13440 = ( GEOMETRIC_REPRESENTATION_CONTEXT(2) 
PARAMETRIC_REPRESENTATION_CONTEXT() REPRESENTATION_CONTEXT('2D SPACE',''
  ) );
#13441 = ORIENTED_EDGE('',*,*,#13442,.T.);
#13442 = EDGE_CURVE('',#13420,#13420,#13443,.T.);
#13443 = SURFACE_CURVE('',#13444,(#13449,#13456),.PCURVE_S1.);
#13444 = CIRCLE('',#13445,0.25);
#13445 = AXIS2_PLACEMENT_3D('',#13446,#13447,#13448);
#13446 = CARTESIAN_POINT('',(-33.43108321598,12.665906008083,123.25));
#13447 = DIRECTION('',(0.,0.,1.));
#13448 = DIRECTION('',(1.,0.,0.));
#13449 = PCURVE('',#13395,#13450);
#13450 = DEFINITIONAL_REPRESENTATION('',(#13451),#13455);
#13451 = LINE('',#13452,#13453);
#13452 = CARTESIAN_POINT('',(0.,0.));
#13453 = VECTOR('',#13454,1.);
#13454 = DIRECTION('',(1.,0.));
#13455 = ( GEOMETRIC_REPRESENTATION_CONTEXT(2) 
PARAMETRIC_REPRESENTATION_CONTEXT() REPRESENTATION_CONTEXT('2D SPACE',''
  ) );
#13456 = PCURVE('',#13457,#13462);
#13457 = PLANE('',#13458);
#13458 = AXIS2_PLACEMENT_3D('',#13459,#13460,#13461);
#13459 = CARTESIAN_POINT('',(-33.43108321598,12.665906008083,123.25));
#13460 = DIRECTION('',(0.,0.,1.));
#13461 = DIRECTION('',(1.,0.,0.));
#13462 = DEFINITIONAL_REPRESENTATION('',(#13463),#13467);
#13463 = CIRCLE('',#13464,0.25);
#13464 = AXIS2_PLACEMENT_2D('',#13465,#13466);
#13465 = CARTESIAN_POINT('',(0.,0.));
#13466 = DIRECTION('',(1.,0.));
#13467 = ( GEOMETRIC_REPRESENTATION_CONTEXT(2) 
PARAMETRIC_REPRESENTATION_CONTEXT() REPRESENTATION_CONTEXT('2D SPACE',''
  ) );
#13468 = ORIENTED_EDGE('',*,*,#13419,.T.);
#13469 = ADVANCED_FACE('',(#13470),#13407,.T.);
#13470 = FACE_BOUND('',#13471,.T.);
#13471 = EDGE_LOOP('',(#13472));
#13472 = ORIENTED_EDGE('',*,*,#13385,.T.);
#13473 = ADVANCED_FACE('',(#13474),#13457,.F.);
#13474 = FACE_BOUND('',#13475,.T.);
#13475 = EDGE_LOOP('',(#13476));
#13476 = ORIENTED_EDGE('',*,*,#13442,.F.);
#13477 = MANIFOLD_SOLID_BREP('',#13478);
#13478 = CLOSED_SHELL('',(#13479,#13567,#13571));
#13479 = ADVANCED_FACE('',(#13480),#13493,.T.);
#13480 = FACE_BOUND('',#13481,.T.);
#13481 = EDGE_LOOP('',(#13482,#13516,#13539,#13566));
#13482 = ORIENTED_EDGE('',*,*,#13483,.F.);
#13483 = EDGE_CURVE('',#13484,#13484,#13486,.T.);
#13484 = VERTEX_POINT('',#13485);
#13485 = CARTESIAN_POINT('',(-31.12357658758,17.1394630051,173.7));
#13486 = SURFACE_CURVE('',#13487,(#13492,#13504),.PCURVE_S1.);
#13487 = CIRCLE('',#13488,0.25);
#13488 = AXIS2_PLACEMENT_3D('',#13489,#13490,#13491);
#13489 = CARTESIAN_POINT('',(-31.37357658758,17.1394630051,173.7));
#13490 = DIRECTION('',(0.,0.,1.));
#13491 = DIRECTION('',(1.,0.,0.));
#13492 = PCURVE('',#13493,#13498);
#13493 = CYLINDRICAL_SURFACE('',#13494,0.25);
#13494 = AXIS2_PLACEMENT_3D('',#13495,#13496,#13497);
#13495 = CARTESIAN_POINT('',(-31.37357658758,17.1394630051,137.7));
#13496 = DIRECTION('',(0.,0.,1.));
#13497 = DIRECTION('',(1.,0.,0.));
#13498 = DEFINITIONAL_REPRESENTATION('',(#13499),#13503);
#13499 = LINE('',#13500,#13501);
#13500 = CARTESIAN_POINT('',(0.,36.));
#13501 = VECTOR('',#13502,1.);
#13502 = DIRECTION('',(1.,0.));
#13503 = ( GEOMETRIC_REPRESENTATION_CONTEXT(2) 
PARAMETRIC_REPRESENTATION_CONTEXT() REPRESENTATION_CONTEXT('2D SPACE',''
  ) );
#13504 = PCURVE('',#13505,#13510);
#13505 = PLANE('',#13506);
#13506 = AXIS2_PLACEMENT_3D('',#13507,#13508,#13509);
#13507 = CARTESIAN_POINT('',(-31.37357658758,17.1394630051,173.7));
#13508 = DIRECTION('',(0.,0.,1.));
#13509 = DIRECTION('',(1.,0.,0.));
#13510 = DEFINITIONAL_REPRESENTATION('',(#13511),#13515);
#13511 = CIRCLE('',#13512,0.25);
#13512 = AXIS2_PLACEMENT_2D('',#13513,#13514);
#13513 = CARTESIAN_POINT('',(0.,0.));
#13514 = DIRECTION('',(1.,0.));
#13515 = ( GEOMETRIC_REPRESENTATION_CONTEXT(2) 
PARAMETRIC_REPRESENTATION_CONTEXT() REPRESENTATION_CONTEXT('2D SPACE',''
  ) );
#13516 = ORIENTED_EDGE('',*,*,#13517,.F.);
#13517 = EDGE_CURVE('',#13518,#13484,#13520,.T.);
#13518 = VERTEX_POINT('',#13519);
#13519 = CARTESIAN_POINT('',(-31.12357658758,17.1394630051,137.7));
#13520 = SEAM_CURVE('',#13521,(#13525,#13532),.PCURVE_S1.);
#13521 = LINE('',#13522,#13523);
#13522 = CARTESIAN_POINT('',(-31.12357658758,17.1394630051,137.7));
#13523 = VECTOR('',#13524,1.);
#13524 = DIRECTION('',(0.,0.,1.));
#13525 = PCURVE('',#13493,#13526);
#13526 = DEFINITIONAL_REPRESENTATION('',(#13527),#13531);
#13527 = LINE('',#13528,#13529);
#13528 = CARTESIAN_POINT('',(6.28318530718,-0.));
#13529 = VECTOR('',#13530,1.);
#13530 = DIRECTION('',(0.,1.));
#13531 = ( GEOMETRIC_REPRESENTATION_CONTEXT(2) 
PARAMETRIC_REPRESENTATION_CONTEXT() REPRESENTATION_CONTEXT('2D SPACE',''
  ) );
#13532 = PCURVE('',#13493,#13533);
#13533 = DEFINITIONAL_REPRESENTATION('',(#13534),#13538);
#13534 = LINE('',#13535,#13536);
#13535 = CARTESIAN_POINT('',(0.,-0.));
#13536 = VECTOR('',#13537,1.);
#13537 = DIRECTION('',(0.,1.));
#13538 = ( GEOMETRIC_REPRESENTATION_CONTEXT(2) 
PARAMETRIC_REPRESENTATION_CONTEXT() REPRESENTATION_CONTEXT('2D SPACE',''
  ) );
#13539 = ORIENTED_EDGE('',*,*,#13540,.T.);
#13540 = EDGE_CURVE('',#13518,#13518,#13541,.T.);
#13541 = SURFACE_CURVE('',#13542,(#13547,#13554),.PCURVE_S1.);
#13542 = CIRCLE('',#13543,0.25);
#13543 = AXIS2_PLACEMENT_3D('',#13544,#13545,#13546);
#13544 = CARTESIAN_POINT('',(-31.37357658758,17.1394630051,137.7));
#13545 = DIRECTION('',(0.,0.,1.));
#13546 = DIRECTION('',(1.,0.,0.));
#13547 = PCURVE('',#13493,#13548);
#13548 = DEFINITIONAL_REPRESENTATION('',(#13549),#13553);
#13549 = LINE('',#13550,#13551);
#13550 = CARTESIAN_POINT('',(0.,0.));
#13551 = VECTOR('',#13552,1.);
#13552 = DIRECTION('',(1.,0.));
#13553 = ( GEOMETRIC_REPRESENTATION_CONTEXT(2) 
PARAMETRIC_REPRESENTATION_CONTEXT() REPRESENTATION_CONTEXT('2D SPACE',''
  ) );
#13554 = PCURVE('',#13555,#13560);
#13555 = PLANE('',#13556);
#13556 = AXIS2_PLACEMENT_3D('',#13557,#13558,#13559);
#13557 = CARTESIAN_POINT('',(-31.37357658758,17.1394630051,137.7));
#13558 = DIRECTION('',(0.,0.,1.));
#13559 = DIRECTION('',(1.,0.,0.));
#13560 = DEFINITIONAL_REPRESENTATION('',(#13561),#13565);
#13561 = CIRCLE('',#13562,0.25);
#13562 = AXIS2_PLACEMENT_2D('',#13563,#13564);
#13563 = CARTESIAN_POINT('',(0.,0.));
#13564 = DIRECTION('',(1.,0.));
#13565 = ( GEOMETRIC_REPRESENTATION_CONTEXT(2) 
PARAMETRIC_REPRESENTATION_CONTEXT() REPRESENTATION_CONTEXT('2D SPACE',''
  ) );
#13566 = ORIENTED_EDGE('',*,*,#13517,.T.);
#13567 = ADVANCED_FACE('',(#13568),#13505,.T.);
#13568 = FACE_BOUND('',#13569,.T.);
#13569 = EDGE_LOOP('',(#13570));
#13570 = ORIENTED_EDGE('',*,*,#13483,.T.);
#13571 = ADVANCED_FACE('',(#13572),#13555,.F.);
#13572 = FACE_BOUND('',#13573,.T.);
#13573 = EDGE_LOOP('',(#13574));
#13574 = ORIENTED_EDGE('',*,*,#13540,.F.);
#13575 = MANIFOLD_SOLID_BREP('',#13576);
#13576 = CLOSED_SHELL('',(#13577,#13665,#13669));
#13577 = ADVANCED_FACE('',(#13578),#13591,.T.);
#13578 = FACE_BOUND('',#13579,.T.);
#13579 = EDGE_LOOP('',(#13580,#13614,#13637,#13664));
#13580 = ORIENTED_EDGE('',*,*,#13581,.F.);
#13581 = EDGE_CURVE('',#13582,#13582,#13584,.T.);
#13582 = VERTEX_POINT('',#13583);
#13583 = CARTESIAN_POINT('',(-28.47088375137,21.287868294877,173.7));
#13584 = SURFACE_CURVE('',#13585,(#13590,#13602),.PCURVE_S1.);
#13585 = CIRCLE('',#13586,0.25);
#13586 = AXIS2_PLACEMENT_3D('',#13587,#13588,#13589);
#13587 = CARTESIAN_POINT('',(-28.72088375137,21.287868294877,173.7));
#13588 = DIRECTION('',(0.,0.,1.));
#13589 = DIRECTION('',(1.,0.,0.));
#13590 = PCURVE('',#13591,#13596);
#13591 = CYLINDRICAL_SURFACE('',#13592,0.25);
#13592 = AXIS2_PLACEMENT_3D('',#13593,#13594,#13595);
#13593 = CARTESIAN_POINT('',(-28.72088375137,21.287868294877,137.7));
#13594 = DIRECTION('',(0.,0.,1.));
#13595 = DIRECTION('',(1.,0.,0.));
#13596 = DEFINITIONAL_REPRESENTATION('',(#13597),#13601);
#13597 = LINE('',#13598,#13599);
#13598 = CARTESIAN_POINT('',(0.,36.));
#13599 = VECTOR('',#13600,1.);
#13600 = DIRECTION('',(1.,0.));
#13601 = ( GEOMETRIC_REPRESENTATION_CONTEXT(2) 
PARAMETRIC_REPRESENTATION_CONTEXT() REPRESENTATION_CONTEXT('2D SPACE',''
  ) );
#13602 = PCURVE('',#13603,#13608);
#13603 = PLANE('',#13604);
#13604 = AXIS2_PLACEMENT_3D('',#13605,#13606,#13607);
#13605 = CARTESIAN_POINT('',(-28.72088375137,21.287868294877,173.7));
#13606 = DIRECTION('',(0.,0.,1.));
#13607 = DIRECTION('',(1.,0.,0.));
#13608 = DEFINITIONAL_REPRESENTATION('',(#13609),#13613);
#13609 = CIRCLE('',#13610,0.25);
#13610 = AXIS2_PLACEMENT_2D('',#13611,#13612);
#13611 = CARTESIAN_POINT('',(0.,0.));
#13612 = DIRECTION('',(1.,0.));
#13613 = ( GEOMETRIC_REPRESENTATION_CONTEXT(2) 
PARAMETRIC_REPRESENTATION_CONTEXT() REPRESENTATION_CONTEXT('2D SPACE',''
  ) );
#13614 = ORIENTED_EDGE('',*,*,#13615,.F.);
#13615 = EDGE_CURVE('',#13616,#13582,#13618,.T.);
#13616 = VERTEX_POINT('',#13617);
#13617 = CARTESIAN_POINT('',(-28.47088375137,21.287868294877,137.7));
#13618 = SEAM_CURVE('',#13619,(#13623,#13630),.PCURVE_S1.);
#13619 = LINE('',#13620,#13621);
#13620 = CARTESIAN_POINT('',(-28.47088375137,21.287868294877,137.7));
#13621 = VECTOR('',#13622,1.);
#13622 = DIRECTION('',(0.,0.,1.));
#13623 = PCURVE('',#13591,#13624);
#13624 = DEFINITIONAL_REPRESENTATION('',(#13625),#13629);
#13625 = LINE('',#13626,#13627);
#13626 = CARTESIAN_POINT('',(6.28318530718,-0.));
#13627 = VECTOR('',#13628,1.);
#13628 = DIRECTION('',(0.,1.));
#13629 = ( GEOMETRIC_REPRESENTATION_CONTEXT(2) 
PARAMETRIC_REPRESENTATION_CONTEXT() REPRESENTATION_CONTEXT('2D SPACE',''
  ) );
#13630 = PCURVE('',#13591,#13631);
#13631 = DEFINITIONAL_REPRESENTATION('',(#13632),#13636);
#13632 = LINE('',#13633,#13634);
#13633 = CARTESIAN_POINT('',(0.,-0.));
#13634 = VECTOR('',#13635,1.);
#13635 = DIRECTION('',(0.,1.));
#13636 = ( GEOMETRIC_REPRESENTATION_CONTEXT(2) 
PARAMETRIC_REPRESENTATION_CONTEXT() REPRESENTATION_CONTEXT('2D SPACE',''
  ) );
#13637 = ORIENTED_EDGE('',*,*,#13638,.T.);
#13638 = EDGE_CURVE('',#13616,#13616,#13639,.T.);
#13639 = SURFACE_CURVE('',#13640,(#13645,#13652),.PCURVE_S1.);
#13640 = CIRCLE('',#13641,0.25);
#13641 = AXIS2_PLACEMENT_3D('',#13642,#13643,#13644);
#13642 = CARTESIAN_POINT('',(-28.72088375137,21.287868294877,137.7));
#13643 = DIRECTION('',(0.,0.,1.));
#13644 = DIRECTION('',(1.,0.,0.));
#13645 = PCURVE('',#13591,#13646);
#13646 = DEFINITIONAL_REPRESENTATION('',(#13647),#13651);
#13647 = LINE('',#13648,#13649);
#13648 = CARTESIAN_POINT('',(0.,0.));
#13649 = VECTOR('',#13650,1.);
#13650 = DIRECTION('',(1.,0.));
#13651 = ( GEOMETRIC_REPRESENTATION_CONTEXT(2) 
PARAMETRIC_REPRESENTATION_CONTEXT() REPRESENTATION_CONTEXT('2D SPACE',''
  ) );
#13652 = PCURVE('',#13653,#13658);
#13653 = PLANE('',#13654);
#13654 = AXIS2_PLACEMENT_3D('',#13655,#13656,#13657);
#13655 = CARTESIAN_POINT('',(-28.72088375137,21.287868294877,137.7));
#13656 = DIRECTION('',(0.,0.,1.));
#13657 = DIRECTION('',(1.,0.,0.));
#13658 = DEFINITIONAL_REPRESENTATION('',(#13659),#13663);
#13659 = CIRCLE('',#13660,0.25);
#13660 = AXIS2_PLACEMENT_2D('',#13661,#13662);
#13661 = CARTESIAN_POINT('',(0.,0.));
#13662 = DIRECTION('',(1.,0.));
#13663 = ( GEOMETRIC_REPRESENTATION_CONTEXT(2) 
PARAMETRIC_REPRESENTATION_CONTEXT() REPRESENTATION_CONTEXT('2D SPACE',''
  ) );
#13664 = ORIENTED_EDGE('',*,*,#13615,.T.);
#13665 = ADVANCED_FACE('',(#13666),#13603,.T.);
#13666 = FACE_BOUND('',#13667,.T.);
#13667 = EDGE_LOOP('',(#13668));
#13668 = ORIENTED_EDGE('',*,*,#13581,.T.);
#13669 = ADVANCED_FACE('',(#13670),#13653,.F.);
#13670 = FACE_BOUND('',#13671,.T.);
#13671 = EDGE_LOOP('',(#13672));
#13672 = ORIENTED_EDGE('',*,*,#13638,.F.);
#13673 = MANIFOLD_SOLID_BREP('',#13674);
#13674 = CLOSED_SHELL('',(#13675,#13763,#13767));
#13675 = ADVANCED_FACE('',(#13676),#13689,.T.);
#13676 = FACE_BOUND('',#13677,.T.);
#13677 = EDGE_LOOP('',(#13678,#13712,#13735,#13762));
#13678 = ORIENTED_EDGE('',*,*,#13679,.F.);
#13679 = EDGE_CURVE('',#13680,#13680,#13682,.T.);
#13680 = VERTEX_POINT('',#13681);
#13681 = CARTESIAN_POINT('',(-25.27332878136,25.032422733695,173.7));
#13682 = SURFACE_CURVE('',#13683,(#13688,#13700),.PCURVE_S1.);
#13683 = CIRCLE('',#13684,0.25);
#13684 = AXIS2_PLACEMENT_3D('',#13685,#13686,#13687);
#13685 = CARTESIAN_POINT('',(-25.52332878136,25.032422733695,173.7));
#13686 = DIRECTION('',(0.,0.,1.));
#13687 = DIRECTION('',(1.,0.,0.));
#13688 = PCURVE('',#13689,#13694);
#13689 = CYLINDRICAL_SURFACE('',#13690,0.25);
#13690 = AXIS2_PLACEMENT_3D('',#13691,#13692,#13693);
#13691 = CARTESIAN_POINT('',(-25.52332878136,25.032422733695,137.7));
#13692 = DIRECTION('',(0.,0.,1.));
#13693 = DIRECTION('',(1.,0.,0.));
#13694 = DEFINITIONAL_REPRESENTATION('',(#13695),#13699);
#13695 = LINE('',#13696,#13697);
#13696 = CARTESIAN_POINT('',(0.,36.));
#13697 = VECTOR('',#13698,1.);
#13698 = DIRECTION('',(1.,0.));
#13699 = ( GEOMETRIC_REPRESENTATION_CONTEXT(2) 
PARAMETRIC_REPRESENTATION_CONTEXT() REPRESENTATION_CONTEXT('2D SPACE',''
  ) );
#13700 = PCURVE('',#13701,#13706);
#13701 = PLANE('',#13702);
#13702 = AXIS2_PLACEMENT_3D('',#13703,#13704,#13705);
#13703 = CARTESIAN_POINT('',(-25.52332878136,25.032422733695,173.7));
#13704 = DIRECTION('',(0.,0.,1.));
#13705 = DIRECTION('',(1.,0.,0.));
#13706 = DEFINITIONAL_REPRESENTATION('',(#13707),#13711);
#13707 = CIRCLE('',#13708,0.25);
#13708 = AXIS2_PLACEMENT_2D('',#13709,#13710);
#13709 = CARTESIAN_POINT('',(0.,0.));
#13710 = DIRECTION('',(1.,0.));
#13711 = ( GEOMETRIC_REPRESENTATION_CONTEXT(2) 
PARAMETRIC_REPRESENTATION_CONTEXT() REPRESENTATION_CONTEXT('2D SPACE',''
  ) );
#13712 = ORIENTED_EDGE('',*,*,#13713,.F.);
#13713 = EDGE_CURVE('',#13714,#13680,#13716,.T.);
#13714 = VERTEX_POINT('',#13715);
#13715 = CARTESIAN_POINT('',(-25.27332878136,25.032422733695,137.7));
#13716 = SEAM_CURVE('',#13717,(#13721,#13728),.PCURVE_S1.);
#13717 = LINE('',#13718,#13719);
#13718 = CARTESIAN_POINT('',(-25.27332878136,25.032422733695,137.7));
#13719 = VECTOR('',#13720,1.);
#13720 = DIRECTION('',(0.,0.,1.));
#13721 = PCURVE('',#13689,#13722);
#13722 = DEFINITIONAL_REPRESENTATION('',(#13723),#13727);
#13723 = LINE('',#13724,#13725);
#13724 = CARTESIAN_POINT('',(6.28318530718,-0.));
#13725 = VECTOR('',#13726,1.);
#13726 = DIRECTION('',(0.,1.));
#13727 = ( GEOMETRIC_REPRESENTATION_CONTEXT(2) 
PARAMETRIC_REPRESENTATION_CONTEXT() REPRESENTATION_CONTEXT('2D SPACE',''
  ) );
#13728 = PCURVE('',#13689,#13729);
#13729 = DEFINITIONAL_REPRESENTATION('',(#13730),#13734);
#13730 = LINE('',#13731,#13732);
#13731 = CARTESIAN_POINT('',(0.,-0.));
#13732 = VECTOR('',#13733,1.);
#13733 = DIRECTION('',(0.,1.));
#13734 = ( GEOMETRIC_REPRESENTATION_CONTEXT(2) 
PARAMETRIC_REPRESENTATION_CONTEXT() REPRESENTATION_CONTEXT('2D SPACE',''
  ) );
#13735 = ORIENTED_EDGE('',*,*,#13736,.T.);
#13736 = EDGE_CURVE('',#13714,#13714,#13737,.T.);
#13737 = SURFACE_CURVE('',#13738,(#13743,#13750),.PCURVE_S1.);
#13738 = CIRCLE('',#13739,0.25);
#13739 = AXIS2_PLACEMENT_3D('',#13740,#13741,#13742);
#13740 = CARTESIAN_POINT('',(-25.52332878136,25.032422733695,137.7));
#13741 = DIRECTION('',(0.,0.,1.));
#13742 = DIRECTION('',(1.,0.,0.));
#13743 = PCURVE('',#13689,#13744);
#13744 = DEFINITIONAL_REPRESENTATION('',(#13745),#13749);
#13745 = LINE('',#13746,#13747);
#13746 = CARTESIAN_POINT('',(0.,0.));
#13747 = VECTOR('',#13748,1.);
#13748 = DIRECTION('',(1.,0.));
#13749 = ( GEOMETRIC_REPRESENTATION_CONTEXT(2) 
PARAMETRIC_REPRESENTATION_CONTEXT() REPRESENTATION_CONTEXT('2D SPACE',''
  ) );
#13750 = PCURVE('',#13751,#13756);
#13751 = PLANE('',#13752);
#13752 = AXIS2_PLACEMENT_3D('',#13753,#13754,#13755);
#13753 = CARTESIAN_POINT('',(-25.52332878136,25.032422733695,137.7));
#13754 = DIRECTION('',(0.,0.,1.));
#13755 = DIRECTION('',(1.,0.,0.));
#13756 = DEFINITIONAL_REPRESENTATION('',(#13757),#13761);
#13757 = CIRCLE('',#13758,0.25);
#13758 = AXIS2_PLACEMENT_2D('',#13759,#13760);
#13759 = CARTESIAN_POINT('',(0.,0.));
#13760 = DIRECTION('',(1.,0.));
#13761 = ( GEOMETRIC_REPRESENTATION_CONTEXT(2) 
PARAMETRIC_REPRESENTATION_CONTEXT() REPRESENTATION_CONTEXT('2D SPACE',''
  ) );
#13762 = ORIENTED_EDGE('',*,*,#13713,.T.);
#13763 = ADVANCED_FACE('',(#13764),#13701,.T.);
#13764 = FACE_BOUND('',#13765,.T.);
#13765 = EDGE_LOOP('',(#13766));
#13766 = ORIENTED_EDGE('',*,*,#13679,.T.);
#13767 = ADVANCED_FACE('',(#13768),#13751,.F.);
#13768 = FACE_BOUND('',#13769,.T.);
#13769 = EDGE_LOOP('',(#13770));
#13770 = ORIENTED_EDGE('',*,*,#13736,.F.);
#13771 = MANIFOLD_SOLID_BREP('',#13772);
#13772 = CLOSED_SHELL('',(#13773,#13861,#13865));
#13773 = ADVANCED_FACE('',(#13774),#13787,.T.);
#13774 = FACE_BOUND('',#13775,.T.);
#13775 = EDGE_LOOP('',(#13776,#13810,#13833,#13860));
#13776 = ORIENTED_EDGE('',*,*,#13777,.F.);
#13777 = EDGE_CURVE('',#13778,#13778,#13780,.T.);
#13778 = VERTEX_POINT('',#13779);
#13779 = CARTESIAN_POINT('',(-21.59157229784,28.302088607695,173.7));
#13780 = SURFACE_CURVE('',#13781,(#13786,#13798),.PCURVE_S1.);
#13781 = CIRCLE('',#13782,0.25);
#13782 = AXIS2_PLACEMENT_3D('',#13783,#13784,#13785);
#13783 = CARTESIAN_POINT('',(-21.84157229784,28.302088607695,173.7));
#13784 = DIRECTION('',(0.,0.,1.));
#13785 = DIRECTION('',(1.,0.,0.));
#13786 = PCURVE('',#13787,#13792);
#13787 = CYLINDRICAL_SURFACE('',#13788,0.25);
#13788 = AXIS2_PLACEMENT_3D('',#13789,#13790,#13791);
#13789 = CARTESIAN_POINT('',(-21.84157229784,28.302088607695,137.7));
#13790 = DIRECTION('',(0.,0.,1.));
#13791 = DIRECTION('',(1.,0.,0.));
#13792 = DEFINITIONAL_REPRESENTATION('',(#13793),#13797);
#13793 = LINE('',#13794,#13795);
#13794 = CARTESIAN_POINT('',(0.,36.));
#13795 = VECTOR('',#13796,1.);
#13796 = DIRECTION('',(1.,0.));
#13797 = ( GEOMETRIC_REPRESENTATION_CONTEXT(2) 
PARAMETRIC_REPRESENTATION_CONTEXT() REPRESENTATION_CONTEXT('2D SPACE',''
  ) );
#13798 = PCURVE('',#13799,#13804);
#13799 = PLANE('',#13800);
#13800 = AXIS2_PLACEMENT_3D('',#13801,#13802,#13803);
#13801 = CARTESIAN_POINT('',(-21.84157229784,28.302088607695,173.7));
#13802 = DIRECTION('',(0.,0.,1.));
#13803 = DIRECTION('',(1.,0.,0.));
#13804 = DEFINITIONAL_REPRESENTATION('',(#13805),#13809);
#13805 = CIRCLE('',#13806,0.25);
#13806 = AXIS2_PLACEMENT_2D('',#13807,#13808);
#13807 = CARTESIAN_POINT('',(0.,0.));
#13808 = DIRECTION('',(1.,0.));
#13809 = ( GEOMETRIC_REPRESENTATION_CONTEXT(2) 
PARAMETRIC_REPRESENTATION_CONTEXT() REPRESENTATION_CONTEXT('2D SPACE',''
  ) );
#13810 = ORIENTED_EDGE('',*,*,#13811,.F.);
#13811 = EDGE_CURVE('',#13812,#13778,#13814,.T.);
#13812 = VERTEX_POINT('',#13813);
#13813 = CARTESIAN_POINT('',(-21.59157229784,28.302088607695,137.7));
#13814 = SEAM_CURVE('',#13815,(#13819,#13826),.PCURVE_S1.);
#13815 = LINE('',#13816,#13817);
#13816 = CARTESIAN_POINT('',(-21.59157229784,28.302088607695,137.7));
#13817 = VECTOR('',#13818,1.);
#13818 = DIRECTION('',(0.,0.,1.));
#13819 = PCURVE('',#13787,#13820);
#13820 = DEFINITIONAL_REPRESENTATION('',(#13821),#13825);
#13821 = LINE('',#13822,#13823);
#13822 = CARTESIAN_POINT('',(6.28318530718,-0.));
#13823 = VECTOR('',#13824,1.);
#13824 = DIRECTION('',(0.,1.));
#13825 = ( GEOMETRIC_REPRESENTATION_CONTEXT(2) 
PARAMETRIC_REPRESENTATION_CONTEXT() REPRESENTATION_CONTEXT('2D SPACE',''
  ) );
#13826 = PCURVE('',#13787,#13827);
#13827 = DEFINITIONAL_REPRESENTATION('',(#13828),#13832);
#13828 = LINE('',#13829,#13830);
#13829 = CARTESIAN_POINT('',(0.,-0.));
#13830 = VECTOR('',#13831,1.);
#13831 = DIRECTION('',(0.,1.));
#13832 = ( GEOMETRIC_REPRESENTATION_CONTEXT(2) 
PARAMETRIC_REPRESENTATION_CONTEXT() REPRESENTATION_CONTEXT('2D SPACE',''
  ) );
#13833 = ORIENTED_EDGE('',*,*,#13834,.T.);
#13834 = EDGE_CURVE('',#13812,#13812,#13835,.T.);
#13835 = SURFACE_CURVE('',#13836,(#13841,#13848),.PCURVE_S1.);
#13836 = CIRCLE('',#13837,0.25);
#13837 = AXIS2_PLACEMENT_3D('',#13838,#13839,#13840);
#13838 = CARTESIAN_POINT('',(-21.84157229784,28.302088607695,137.7));
#13839 = DIRECTION('',(0.,0.,1.));
#13840 = DIRECTION('',(1.,0.,0.));
#13841 = PCURVE('',#13787,#13842);
#13842 = DEFINITIONAL_REPRESENTATION('',(#13843),#13847);
#13843 = LINE('',#13844,#13845);
#13844 = CARTESIAN_POINT('',(0.,0.));
#13845 = VECTOR('',#13846,1.);
#13846 = DIRECTION('',(1.,0.));
#13847 = ( GEOMETRIC_REPRESENTATION_CONTEXT(2) 
PARAMETRIC_REPRESENTATION_CONTEXT() REPRESENTATION_CONTEXT('2D SPACE',''
  ) );
#13848 = PCURVE('',#13849,#13854);
#13849 = PLANE('',#13850);
#13850 = AXIS2_PLACEMENT_3D('',#13851,#13852,#13853);
#13851 = CARTESIAN_POINT('',(-21.84157229784,28.302088607695,137.7));
#13852 = DIRECTION('',(0.,0.,1.));
#13853 = DIRECTION('',(1.,0.,0.));
#13854 = DEFINITIONAL_REPRESENTATION('',(#13855),#13859);
#13855 = CIRCLE('',#13856,0.25);
#13856 = AXIS2_PLACEMENT_2D('',#13857,#13858);
#13857 = CARTESIAN_POINT('',(0.,0.));
#13858 = DIRECTION('',(1.,0.));
#13859 = ( GEOMETRIC_REPRESENTATION_CONTEXT(2) 
PARAMETRIC_REPRESENTATION_CONTEXT() REPRESENTATION_CONTEXT('2D SPACE',''
  ) );
#13860 = ORIENTED_EDGE('',*,*,#13811,.T.);
#13861 = ADVANCED_FACE('',(#13862),#13799,.T.);
#13862 = FACE_BOUND('',#13863,.T.);
#13863 = EDGE_LOOP('',(#13864));
#13864 = ORIENTED_EDGE('',*,*,#13777,.T.);
#13865 = ADVANCED_FACE('',(#13866),#13849,.F.);
#13866 = FACE_BOUND('',#13867,.T.);
#13867 = EDGE_LOOP('',(#13868));
#13868 = ORIENTED_EDGE('',*,*,#13834,.F.);
#13869 = MANIFOLD_SOLID_BREP('',#13870);
#13870 = CLOSED_SHELL('',(#13871,#13959,#13963));
#13871 = ADVANCED_FACE('',(#13872),#13885,.T.);
#13872 = FACE_BOUND('',#13873,.T.);
#13873 = EDGE_LOOP('',(#13874,#13908,#13931,#13958));
#13874 = ORIENTED_EDGE('',*,*,#13875,.F.);
#13875 = EDGE_CURVE('',#13876,#13876,#13878,.T.);
#13876 = VERTEX_POINT('',#13877);
#13877 = CARTESIAN_POINT('',(-17.4954606785,31.034837285018,173.7));
#13878 = SURFACE_CURVE('',#13879,(#13884,#13896),.PCURVE_S1.);
#13879 = CIRCLE('',#13880,0.25);
#13880 = AXIS2_PLACEMENT_3D('',#13881,#13882,#13883);
#13881 = CARTESIAN_POINT('',(-17.7454606785,31.034837285018,173.7));
#13882 = DIRECTION('',(0.,0.,1.));
#13883 = DIRECTION('',(1.,0.,0.));
#13884 = PCURVE('',#13885,#13890);
#13885 = CYLINDRICAL_SURFACE('',#13886,0.25);
#13886 = AXIS2_PLACEMENT_3D('',#13887,#13888,#13889);
#13887 = CARTESIAN_POINT('',(-17.7454606785,31.034837285018,137.7));
#13888 = DIRECTION('',(0.,0.,1.));
#13889 = DIRECTION('',(1.,0.,0.));
#13890 = DEFINITIONAL_REPRESENTATION('',(#13891),#13895);
#13891 = LINE('',#13892,#13893);
#13892 = CARTESIAN_POINT('',(0.,36.));
#13893 = VECTOR('',#13894,1.);
#13894 = DIRECTION('',(1.,0.));
#13895 = ( GEOMETRIC_REPRESENTATION_CONTEXT(2) 
PARAMETRIC_REPRESENTATION_CONTEXT() REPRESENTATION_CONTEXT('2D SPACE',''
  ) );
#13896 = PCURVE('',#13897,#13902);
#13897 = PLANE('',#13898);
#13898 = AXIS2_PLACEMENT_3D('',#13899,#13900,#13901);
#13899 = CARTESIAN_POINT('',(-17.7454606785,31.034837285018,173.7));
#13900 = DIRECTION('',(0.,0.,1.));
#13901 = DIRECTION('',(1.,0.,0.));
#13902 = DEFINITIONAL_REPRESENTATION('',(#13903),#13907);
#13903 = CIRCLE('',#13904,0.25);
#13904 = AXIS2_PLACEMENT_2D('',#13905,#13906);
#13905 = CARTESIAN_POINT('',(0.,0.));
#13906 = DIRECTION('',(1.,0.));
#13907 = ( GEOMETRIC_REPRESENTATION_CONTEXT(2) 
PARAMETRIC_REPRESENTATION_CONTEXT() REPRESENTATION_CONTEXT('2D SPACE',''
  ) );
#13908 = ORIENTED_EDGE('',*,*,#13909,.F.);
#13909 = EDGE_CURVE('',#13910,#13876,#13912,.T.);
#13910 = VERTEX_POINT('',#13911);
#13911 = CARTESIAN_POINT('',(-17.4954606785,31.034837285018,137.7));
#13912 = SEAM_CURVE('',#13913,(#13917,#13924),.PCURVE_S1.);
#13913 = LINE('',#13914,#13915);
#13914 = CARTESIAN_POINT('',(-17.4954606785,31.034837285018,137.7));
#13915 = VECTOR('',#13916,1.);
#13916 = DIRECTION('',(0.,0.,1.));
#13917 = PCURVE('',#13885,#13918);
#13918 = DEFINITIONAL_REPRESENTATION('',(#13919),#13923);
#13919 = LINE('',#13920,#13921);
#13920 = CARTESIAN_POINT('',(6.28318530718,-0.));
#13921 = VECTOR('',#13922,1.);
#13922 = DIRECTION('',(0.,1.));
#13923 = ( GEOMETRIC_REPRESENTATION_CONTEXT(2) 
PARAMETRIC_REPRESENTATION_CONTEXT() REPRESENTATION_CONTEXT('2D SPACE',''
  ) );
#13924 = PCURVE('',#13885,#13925);
#13925 = DEFINITIONAL_REPRESENTATION('',(#13926),#13930);
#13926 = LINE('',#13927,#13928);
#13927 = CARTESIAN_POINT('',(0.,-0.));
#13928 = VECTOR('',#13929,1.);
#13929 = DIRECTION('',(0.,1.));
#13930 = ( GEOMETRIC_REPRESENTATION_CONTEXT(2) 
PARAMETRIC_REPRESENTATION_CONTEXT() REPRESENTATION_CONTEXT('2D SPACE',''
  ) );
#13931 = ORIENTED_EDGE('',*,*,#13932,.T.);
#13932 = EDGE_CURVE('',#13910,#13910,#13933,.T.);
#13933 = SURFACE_CURVE('',#13934,(#13939,#13946),.PCURVE_S1.);
#13934 = CIRCLE('',#13935,0.25);
#13935 = AXIS2_PLACEMENT_3D('',#13936,#13937,#13938);
#13936 = CARTESIAN_POINT('',(-17.7454606785,31.034837285018,137.7));
#13937 = DIRECTION('',(0.,0.,1.));
#13938 = DIRECTION('',(1.,0.,0.));
#13939 = PCURVE('',#13885,#13940);
#13940 = DEFINITIONAL_REPRESENTATION('',(#13941),#13945);
#13941 = LINE('',#13942,#13943);
#13942 = CARTESIAN_POINT('',(0.,0.));
#13943 = VECTOR('',#13944,1.);
#13944 = DIRECTION('',(1.,0.));
#13945 = ( GEOMETRIC_REPRESENTATION_CONTEXT(2) 
PARAMETRIC_REPRESENTATION_CONTEXT() REPRESENTATION_CONTEXT('2D SPACE',''
  ) );
#13946 = PCURVE('',#13947,#13952);
#13947 = PLANE('',#13948);
#13948 = AXIS2_PLACEMENT_3D('',#13949,#13950,#13951);
#13949 = CARTESIAN_POINT('',(-17.7454606785,31.034837285018,137.7));
#13950 = DIRECTION('',(0.,0.,1.));
#13951 = DIRECTION('',(1.,0.,0.));
#13952 = DEFINITIONAL_REPRESENTATION('',(#13953),#13957);
#13953 = CIRCLE('',#13954,0.25);
#13954 = AXIS2_PLACEMENT_2D('',#13955,#13956);
#13955 = CARTESIAN_POINT('',(0.,0.));
#13956 = DIRECTION('',(1.,0.));
#13957 = ( GEOMETRIC_REPRESENTATION_CONTEXT(2) 
PARAMETRIC_REPRESENTATION_CONTEXT() REPRESENTATION_CONTEXT('2D SPACE',''
  ) );
#13958 = ORIENTED_EDGE('',*,*,#13909,.T.);
#13959 = ADVANCED_FACE('',(#13960),#13897,.T.);
#13960 = FACE_BOUND('',#13961,.T.);
#13961 = EDGE_LOOP('',(#13962));
#13962 = ORIENTED_EDGE('',*,*,#13875,.T.);
#13963 = ADVANCED_FACE('',(#13964),#13947,.F.);
#13964 = FACE_BOUND('',#13965,.T.);
#13965 = EDGE_LOOP('',(#13966));
#13966 = ORIENTED_EDGE('',*,*,#13932,.F.);
#13967 = MANIFOLD_SOLID_BREP('',#13968);
#13968 = CLOSED_SHELL('',(#13969,#14058,#14114,#14170,#14226,#14282,
    #14338,#14394,#14450,#14506,#14562,#14618,#14674,#14730,#14786,
    #14842,#14898,#14954,#15010,#15066,#15122,#15178,#15234,#15290,
    #15346,#15402,#15458,#15514,#15570,#15626,#15682,#15738,#15794,
    #15850,#15906,#15962,#16018,#16074,#16130,#16186,#16242,#16298,
    #16354,#16410,#16466,#16522,#16578,#16634,#16690,#16746,#16802,
    #16858,#16914,#16970,#17026,#17082,#17138,#17194,#17250,#17306,
    #17362,#17418,#17474,#17530,#17586,#17642,#17698,#17754,#17810,
    #17866,#17922,#17978,#18034,#18090,#18146,#18202,#18256,#18260));
#13969 = ADVANCED_FACE('',(#13970),#13984,.T.);
#13970 = FACE_BOUND('',#13971,.T.);
#13971 = EDGE_LOOP('',(#13972,#14001,#14030,#14031));
#13972 = ORIENTED_EDGE('',*,*,#13973,.T.);
#13973 = EDGE_CURVE('',#13974,#13976,#13978,.T.);
#13974 = VERTEX_POINT('',#13975);
#13975 = CARTESIAN_POINT('',(36.498219360684,-5.16506369517E-02,36.));
#13976 = VERTEX_POINT('',#13977);
#13977 = CARTESIAN_POINT('',(36.159113825978,-4.963987470663,36.));
#13978 = SEAM_CURVE('',#13979,(#13983,#13994),.PCURVE_S1.);
#13979 = LINE('',#13980,#13981);
#13980 = CARTESIAN_POINT('',(36.498219360684,-5.16506369517E-02,36.));
#13981 = VECTOR('',#13982,1.);
#13982 = DIRECTION('',(-6.886751593559E-02,-0.997625814245,0.));
#13983 = PCURVE('',#13984,#13989);
#13984 = CYLINDRICAL_SURFACE('',#13985,0.75);
#13985 = AXIS2_PLACEMENT_3D('',#13986,#13987,#13988);
#13986 = CARTESIAN_POINT('',(35.75,0.,36.));
#13987 = DIRECTION('',(-6.886751593559E-02,-0.997625814245,0.));
#13988 = DIRECTION('',(0.997625814245,-6.886751593559E-02,0.));
#13989 = DEFINITIONAL_REPRESENTATION('',(#13990),#13993);
#13990 = B_SPLINE_CURVE_WITH_KNOTS('',1,(#13991,#13992),.UNSPECIFIED.,
  .F.,.F.,(2,2),(0.,4.924027389395),.PIECEWISE_BEZIER_KNOTS.);
#13991 = CARTESIAN_POINT('',(6.28318530718,0.));
#13992 = CARTESIAN_POINT('',(6.28318530718,4.924027389395));
#13993 = ( GEOMETRIC_REPRESENTATION_CONTEXT(2) 
PARAMETRIC_REPRESENTATION_CONTEXT() REPRESENTATION_CONTEXT('2D SPACE',''
  ) );
#13994 = PCURVE('',#13984,#13995);
#13995 = DEFINITIONAL_REPRESENTATION('',(#13996),#14000);
#13996 = LINE('',#13997,#13998);
#13997 = CARTESIAN_POINT('',(0.,0.));
#13998 = VECTOR('',#13999,1.);
#13999 = DIRECTION('',(0.,1.));
#14000 = ( GEOMETRIC_REPRESENTATION_CONTEXT(2) 
PARAMETRIC_REPRESENTATION_CONTEXT() REPRESENTATION_CONTEXT('2D SPACE',''
  ) );
#14001 = ORIENTED_EDGE('',*,*,#14002,.F.);
#14002 = EDGE_CURVE('',#13976,#13976,#14003,.T.);
#14003 = SURFACE_CURVE('',#14004,(#14009,#14016),.PCURVE_S1.);
#14004 = CIRCLE('',#14005,0.75);
#14005 = AXIS2_PLACEMENT_3D('',#14006,#14007,#14008);
#14006 = CARTESIAN_POINT('',(35.410894465294,-4.912336833712,36.));
#14007 = DIRECTION('',(-6.886751593559E-02,-0.997625814245,0.));
#14008 = DIRECTION('',(0.997625814245,-6.886751593559E-02,0.));
#14009 = PCURVE('',#13984,#14010);
#14010 = DEFINITIONAL_REPRESENTATION('',(#14011),#14015);
#14011 = LINE('',#14012,#14013);
#14012 = CARTESIAN_POINT('',(0.,4.924027389395));
#14013 = VECTOR('',#14014,1.);
#14014 = DIRECTION('',(1.,0.));
#14015 = ( GEOMETRIC_REPRESENTATION_CONTEXT(2) 
PARAMETRIC_REPRESENTATION_CONTEXT() REPRESENTATION_CONTEXT('2D SPACE',''
  ) );
#14016 = PCURVE('',#14017,#14025);
#14017 = SURFACE_OF_LINEAR_EXTRUSION('',#14018,#14023);
#14018 = CIRCLE('',#14019,0.75);
#14019 = AXIS2_PLACEMENT_3D('',#14020,#14021,#14022);
#14020 = CARTESIAN_POINT('',(35.410894465294,-4.912336833712,36.));
#14021 = DIRECTION('',(-6.886751593559E-02,-0.997625814245,0.));
#14022 = DIRECTION('',(0.997625814245,-6.886751593559E-02,0.));
#14023 = VECTOR('',#14024,1.);
#14024 = DIRECTION('',(-0.205296066363,-0.978699915774,0.));
#14025 = DEFINITIONAL_REPRESENTATION('',(#14026),#14029);
#14026 = B_SPLINE_CURVE_WITH_KNOTS('',1,(#14027,#14028),.UNSPECIFIED.,
  .F.,.F.,(2,2),(0.,6.28318530718),.PIECEWISE_BEZIER_KNOTS.);
#14027 = CARTESIAN_POINT('',(0.,0.));
#14028 = CARTESIAN_POINT('',(6.28318530718,0.));
#14029 = ( GEOMETRIC_REPRESENTATION_CONTEXT(2) 
PARAMETRIC_REPRESENTATION_CONTEXT() REPRESENTATION_CONTEXT('2D SPACE',''
  ) );
#14030 = ORIENTED_EDGE('',*,*,#13973,.F.);
#14031 = ORIENTED_EDGE('',*,*,#14032,.T.);
#14032 = EDGE_CURVE('',#13974,#13974,#14033,.T.);
#14033 = SURFACE_CURVE('',#14034,(#14039,#14046),.PCURVE_S1.);
#14034 = CIRCLE('',#14035,0.75);
#14035 = AXIS2_PLACEMENT_3D('',#14036,#14037,#14038);
#14036 = CARTESIAN_POINT('',(35.75,0.,36.));
#14037 = DIRECTION('',(-6.886751593559E-02,-0.997625814245,0.));
#14038 = DIRECTION('',(0.997625814245,-6.886751593559E-02,0.));
#14039 = PCURVE('',#13984,#14040);
#14040 = DEFINITIONAL_REPRESENTATION('',(#14041),#14045);
#14041 = LINE('',#14042,#14043);
#14042 = CARTESIAN_POINT('',(0.,0.));
#14043 = VECTOR('',#14044,1.);
#14044 = DIRECTION('',(1.,0.));
#14045 = ( GEOMETRIC_REPRESENTATION_CONTEXT(2) 
PARAMETRIC_REPRESENTATION_CONTEXT() REPRESENTATION_CONTEXT('2D SPACE',''
  ) );
#14046 = PCURVE('',#14047,#14052);
#14047 = PLANE('',#14048);
#14048 = AXIS2_PLACEMENT_3D('',#14049,#14050,#14051);
#14049 = CARTESIAN_POINT('',(35.75,-7.122084023643E-18,36.));
#14050 = DIRECTION('',(-6.886751593559E-02,-0.997625814245,-0.));
#14051 = DIRECTION('',(-0.997625814245,6.886751593559E-02,0.));
#14052 = DEFINITIONAL_REPRESENTATION('',(#14053),#14057);
#14053 = CIRCLE('',#14054,0.75);
#14054 = AXIS2_PLACEMENT_2D('',#14055,#14056);
#14055 = CARTESIAN_POINT('',(2.326217655248E-21,7.105427357601E-15));
#14056 = DIRECTION('',(-1.,0.));
#14057 = ( GEOMETRIC_REPRESENTATION_CONTEXT(2) 
PARAMETRIC_REPRESENTATION_CONTEXT() REPRESENTATION_CONTEXT('2D SPACE',''
  ) );
#14058 = ADVANCED_FACE('',(#14059),#14017,.T.);
#14059 = FACE_BOUND('',#14060,.T.);
#14060 = EDGE_LOOP('',(#14061,#14083,#14112,#14113));
#14061 = ORIENTED_EDGE('',*,*,#14062,.T.);
#14062 = EDGE_CURVE('',#13976,#14063,#14065,.T.);
#14063 = VERTEX_POINT('',#14064);
#14064 = CARTESIAN_POINT('',(35.148230372273,-9.783132661933,36.));
#14065 = SEAM_CURVE('',#14066,(#14070,#14076),.PCURVE_S1.);
#14066 = LINE('',#14067,#14068);
#14067 = CARTESIAN_POINT('',(36.159113825978,-4.963987470663,36.));
#14068 = VECTOR('',#14069,1.);
#14069 = DIRECTION('',(-0.205296066363,-0.978699915774,0.));
#14070 = PCURVE('',#14017,#14071);
#14071 = DEFINITIONAL_REPRESENTATION('',(#14072),#14075);
#14072 = B_SPLINE_CURVE_WITH_KNOTS('',1,(#14073,#14074),.UNSPECIFIED.,
  .F.,.F.,(2,2),(0.,4.924027389395),.PIECEWISE_BEZIER_KNOTS.);
#14073 = CARTESIAN_POINT('',(6.28318530718,0.));
#14074 = CARTESIAN_POINT('',(6.28318530718,4.924027389395));
#14075 = ( GEOMETRIC_REPRESENTATION_CONTEXT(2) 
PARAMETRIC_REPRESENTATION_CONTEXT() REPRESENTATION_CONTEXT('2D SPACE',''
  ) );
#14076 = PCURVE('',#14017,#14077);
#14077 = DEFINITIONAL_REPRESENTATION('',(#14078),#14082);
#14078 = LINE('',#14079,#14080);
#14079 = CARTESIAN_POINT('',(0.,0.));
#14080 = VECTOR('',#14081,1.);
#14081 = DIRECTION('',(0.,1.));
#14082 = ( GEOMETRIC_REPRESENTATION_CONTEXT(2) 
PARAMETRIC_REPRESENTATION_CONTEXT() REPRESENTATION_CONTEXT('2D SPACE',''
  ) );
#14083 = ORIENTED_EDGE('',*,*,#14084,.F.);
#14084 = EDGE_CURVE('',#14063,#14063,#14085,.T.);
#14085 = SURFACE_CURVE('',#14086,(#14091,#14098),.PCURVE_S1.);
#14086 = CIRCLE('',#14087,0.75);
#14087 = AXIS2_PLACEMENT_3D('',#14088,#14089,#14090);
#14088 = CARTESIAN_POINT('',(34.400011011589,-9.731482024981,36.));
#14089 = DIRECTION('',(-6.886751593559E-02,-0.997625814245,0.));
#14090 = DIRECTION('',(0.997625814245,-6.886751593559E-02,0.));
#14091 = PCURVE('',#14017,#14092);
#14092 = DEFINITIONAL_REPRESENTATION('',(#14093),#14097);
#14093 = LINE('',#14094,#14095);
#14094 = CARTESIAN_POINT('',(0.,4.924027389395));
#14095 = VECTOR('',#14096,1.);
#14096 = DIRECTION('',(1.,0.));
#14097 = ( GEOMETRIC_REPRESENTATION_CONTEXT(2) 
PARAMETRIC_REPRESENTATION_CONTEXT() REPRESENTATION_CONTEXT('2D SPACE',''
  ) );
#14098 = PCURVE('',#14099,#14107);
#14099 = SURFACE_OF_LINEAR_EXTRUSION('',#14100,#14105);
#14100 = CIRCLE('',#14101,0.75);
#14101 = AXIS2_PLACEMENT_3D('',#14102,#14103,#14104);
#14102 = CARTESIAN_POINT('',(34.400011011589,-9.731482024981,36.));
#14103 = DIRECTION('',(-6.886751593559E-02,-0.997625814245,0.));
#14104 = DIRECTION('',(0.997625814245,-6.886751593559E-02,0.));
#14105 = VECTOR('',#14106,1.);
#14106 = DIRECTION('',(-0.337829957637,-0.941207160897,0.));
#14107 = DEFINITIONAL_REPRESENTATION('',(#14108),#14111);
#14108 = B_SPLINE_CURVE_WITH_KNOTS('',1,(#14109,#14110),.UNSPECIFIED.,
  .F.,.F.,(2,2),(0.,6.28318530718),.PIECEWISE_BEZIER_KNOTS.);
#14109 = CARTESIAN_POINT('',(0.,0.));
#14110 = CARTESIAN_POINT('',(6.28318530718,0.));
#14111 = ( GEOMETRIC_REPRESENTATION_CONTEXT(2) 
PARAMETRIC_REPRESENTATION_CONTEXT() REPRESENTATION_CONTEXT('2D SPACE',''
  ) );
#14112 = ORIENTED_EDGE('',*,*,#14062,.F.);
#14113 = ORIENTED_EDGE('',*,*,#14002,.T.);
#14114 = ADVANCED_FACE('',(#14115),#14099,.T.);
#14115 = FACE_BOUND('',#14116,.T.);
#14116 = EDGE_LOOP('',(#14117,#14139,#14168,#14169));
#14117 = ORIENTED_EDGE('',*,*,#14118,.T.);
#14118 = EDGE_CURVE('',#14063,#14119,#14121,.T.);
#14119 = VERTEX_POINT('',#14120);
#14120 = CARTESIAN_POINT('',(33.484746407912,-14.41766250128,36.));
#14121 = SEAM_CURVE('',#14122,(#14126,#14132),.PCURVE_S1.);
#14122 = LINE('',#14123,#14124);
#14123 = CARTESIAN_POINT('',(35.148230372273,-9.783132661933,36.));
#14124 = VECTOR('',#14125,1.);
#14125 = DIRECTION('',(-0.337829957637,-0.941207160897,0.));
#14126 = PCURVE('',#14099,#14127);
#14127 = DEFINITIONAL_REPRESENTATION('',(#14128),#14131);
#14128 = B_SPLINE_CURVE_WITH_KNOTS('',1,(#14129,#14130),.UNSPECIFIED.,
  .F.,.F.,(2,2),(0.,4.924027389395),.PIECEWISE_BEZIER_KNOTS.);
#14129 = CARTESIAN_POINT('',(6.28318530718,0.));
#14130 = CARTESIAN_POINT('',(6.28318530718,4.924027389395));
#14131 = ( GEOMETRIC_REPRESENTATION_CONTEXT(2) 
PARAMETRIC_REPRESENTATION_CONTEXT() REPRESENTATION_CONTEXT('2D SPACE',''
  ) );
#14132 = PCURVE('',#14099,#14133);
#14133 = DEFINITIONAL_REPRESENTATION('',(#14134),#14138);
#14134 = LINE('',#14135,#14136);
#14135 = CARTESIAN_POINT('',(0.,0.));
#14136 = VECTOR('',#14137,1.);
#14137 = DIRECTION('',(0.,1.));
#14138 = ( GEOMETRIC_REPRESENTATION_CONTEXT(2) 
PARAMETRIC_REPRESENTATION_CONTEXT() REPRESENTATION_CONTEXT('2D SPACE',''
  ) );
#14139 = ORIENTED_EDGE('',*,*,#14140,.F.);
#14140 = EDGE_CURVE('',#14119,#14119,#14141,.T.);
#14141 = SURFACE_CURVE('',#14142,(#14147,#14154),.PCURVE_S1.);
#14142 = CIRCLE('',#14143,0.75);
#14143 = AXIS2_PLACEMENT_3D('',#14144,#14145,#14146);
#14144 = CARTESIAN_POINT('',(32.736527047228,-14.36601186433,36.));
#14145 = DIRECTION('',(-6.886751593559E-02,-0.997625814245,0.));
#14146 = DIRECTION('',(0.997625814245,-6.886751593559E-02,0.));
#14147 = PCURVE('',#14099,#14148);
#14148 = DEFINITIONAL_REPRESENTATION('',(#14149),#14153);
#14149 = LINE('',#14150,#14151);
#14150 = CARTESIAN_POINT('',(0.,4.924027389395));
#14151 = VECTOR('',#14152,1.);
#14152 = DIRECTION('',(1.,0.));
#14153 = ( GEOMETRIC_REPRESENTATION_CONTEXT(2) 
PARAMETRIC_REPRESENTATION_CONTEXT() REPRESENTATION_CONTEXT('2D SPACE',''
  ) );
#14154 = PCURVE('',#14155,#14163);
#14155 = SURFACE_OF_LINEAR_EXTRUSION('',#14156,#14161);
#14156 = CIRCLE('',#14157,0.75);
#14157 = AXIS2_PLACEMENT_3D('',#14158,#14159,#14160);
#14158 = CARTESIAN_POINT('',(32.736527047228,-14.36601186433,36.));
#14159 = DIRECTION('',(-6.886751593559E-02,-0.997625814245,0.));
#14160 = DIRECTION('',(0.997625814245,-6.886751593559E-02,
    -2.775557561563E-17));
#14161 = VECTOR('',#14162,1.);
#14162 = DIRECTION('',(-0.260670240224,-0.497714397095,0.827243256114));
#14163 = DEFINITIONAL_REPRESENTATION('',(#14164),#14167);
#14164 = B_SPLINE_CURVE_WITH_KNOTS('',1,(#14165,#14166),.UNSPECIFIED.,
  .F.,.F.,(2,2),(0.,6.28318530718),.PIECEWISE_BEZIER_KNOTS.);
#14165 = CARTESIAN_POINT('',(0.,0.));
#14166 = CARTESIAN_POINT('',(6.28318530718,0.));
#14167 = ( GEOMETRIC_REPRESENTATION_CONTEXT(2) 
PARAMETRIC_REPRESENTATION_CONTEXT() REPRESENTATION_CONTEXT('2D SPACE',''
  ) );
#14168 = ORIENTED_EDGE('',*,*,#14118,.F.);
#14169 = ORIENTED_EDGE('',*,*,#14084,.T.);
#14170 = ADVANCED_FACE('',(#14171),#14155,.T.);
#14171 = FACE_BOUND('',#14172,.T.);
#14172 = EDGE_LOOP('',(#14173,#14195,#14224,#14225));
#14173 = ORIENTED_EDGE('',*,*,#14174,.T.);
#14174 = EDGE_CURVE('',#14119,#14175,#14177,.T.);
#14175 = VERTEX_POINT('',#14176);
#14176 = CARTESIAN_POINT('',(31.200219785717,-18.77965560581,43.25));
#14177 = SEAM_CURVE('',#14178,(#14182,#14188),.PCURVE_S1.);
#14178 = LINE('',#14179,#14180);
#14179 = CARTESIAN_POINT('',(33.484746407912,-14.41766250128,36.));
#14180 = VECTOR('',#14181,1.);
#14181 = DIRECTION('',(-0.260670240224,-0.497714397095,0.827243256114));
#14182 = PCURVE('',#14155,#14183);
#14183 = DEFINITIONAL_REPRESENTATION('',(#14184),#14187);
#14184 = B_SPLINE_CURVE_WITH_KNOTS('',1,(#14185,#14186),.UNSPECIFIED.,
  .F.,.F.,(2,2),(0.,8.764048478387),.PIECEWISE_BEZIER_KNOTS.);
#14185 = CARTESIAN_POINT('',(6.28318530718,0.));
#14186 = CARTESIAN_POINT('',(6.28318530718,8.764048478387));
#14187 = ( GEOMETRIC_REPRESENTATION_CONTEXT(2) 
PARAMETRIC_REPRESENTATION_CONTEXT() REPRESENTATION_CONTEXT('2D SPACE',''
  ) );
#14188 = PCURVE('',#14155,#14189);
#14189 = DEFINITIONAL_REPRESENTATION('',(#14190),#14194);
#14190 = LINE('',#14191,#14192);
#14191 = CARTESIAN_POINT('',(0.,0.));
#14192 = VECTOR('',#14193,1.);
#14193 = DIRECTION('',(0.,1.));
#14194 = ( GEOMETRIC_REPRESENTATION_CONTEXT(2) 
PARAMETRIC_REPRESENTATION_CONTEXT() REPRESENTATION_CONTEXT('2D SPACE',''
  ) );
#14195 = ORIENTED_EDGE('',*,*,#14196,.F.);
#14196 = EDGE_CURVE('',#14175,#14175,#14197,.T.);
#14197 = SURFACE_CURVE('',#14198,(#14203,#14210),.PCURVE_S1.);
#14198 = CIRCLE('',#14199,0.75);
#14199 = AXIS2_PLACEMENT_3D('',#14200,#14201,#14202);
#14200 = CARTESIAN_POINT('',(30.452000425033,-18.72800496886,43.25));
#14201 = DIRECTION('',(-6.886751593559E-02,-0.997625814245,0.));
#14202 = DIRECTION('',(0.997625814245,-6.886751593559E-02,
    -2.775557561563E-17));
#14203 = PCURVE('',#14155,#14204);
#14204 = DEFINITIONAL_REPRESENTATION('',(#14205),#14209);
#14205 = LINE('',#14206,#14207);
#14206 = CARTESIAN_POINT('',(0.,8.764048478387));
#14207 = VECTOR('',#14208,1.);
#14208 = DIRECTION('',(1.,0.));
#14209 = ( GEOMETRIC_REPRESENTATION_CONTEXT(2) 
PARAMETRIC_REPRESENTATION_CONTEXT() REPRESENTATION_CONTEXT('2D SPACE',''
  ) );
#14210 = PCURVE('',#14211,#14219);
#14211 = SURFACE_OF_LINEAR_EXTRUSION('',#14212,#14217);
#14212 = CIRCLE('',#14213,0.75);
#14213 = AXIS2_PLACEMENT_3D('',#14214,#14215,#14216);
#14214 = CARTESIAN_POINT('',(30.452000425033,-18.72800496886,43.25));
#14215 = DIRECTION('',(-6.886751593559E-02,-0.997625814245,0.));
#14216 = DIRECTION('',(0.997625814245,-6.886751593559E-02,
    -2.775557561563E-17));
#14217 = VECTOR('',#14218,1.);
#14218 = DIRECTION('',(-0.581278177085,-0.813704910176,0.));
#14219 = DEFINITIONAL_REPRESENTATION('',(#14220),#14223);
#14220 = B_SPLINE_CURVE_WITH_KNOTS('',1,(#14221,#14222),.UNSPECIFIED.,
  .F.,.F.,(2,2),(0.,6.28318530718),.PIECEWISE_BEZIER_KNOTS.);
#14221 = CARTESIAN_POINT('',(0.,0.));
#14222 = CARTESIAN_POINT('',(6.28318530718,0.));
#14223 = ( GEOMETRIC_REPRESENTATION_CONTEXT(2) 
PARAMETRIC_REPRESENTATION_CONTEXT() REPRESENTATION_CONTEXT('2D SPACE',''
  ) );
#14224 = ORIENTED_EDGE('',*,*,#14174,.F.);
#14225 = ORIENTED_EDGE('',*,*,#14140,.T.);
#14226 = ADVANCED_FACE('',(#14227),#14211,.T.);
#14227 = FACE_BOUND('',#14228,.T.);
#14228 = EDGE_LOOP('',(#14229,#14251,#14280,#14281));
#14229 = ORIENTED_EDGE('',*,*,#14230,.T.);
#14230 = EDGE_CURVE('',#14175,#14231,#14233,.T.);
#14231 = VERTEX_POINT('',#14232);
#14232 = CARTESIAN_POINT('',(28.337990120892,-22.7863608704,43.25));
#14233 = SEAM_CURVE('',#14234,(#14238,#14244),.PCURVE_S1.);
#14234 = LINE('',#14235,#14236);
#14235 = CARTESIAN_POINT('',(31.200219785717,-18.77965560581,43.25));
#14236 = VECTOR('',#14237,1.);
#14237 = DIRECTION('',(-0.581278177085,-0.813704910176,0.));
#14238 = PCURVE('',#14211,#14239);
#14239 = DEFINITIONAL_REPRESENTATION('',(#14240),#14243);
#14240 = B_SPLINE_CURVE_WITH_KNOTS('',1,(#14241,#14242),.UNSPECIFIED.,
  .F.,.F.,(2,2),(0.,4.924027389395),.PIECEWISE_BEZIER_KNOTS.);
#14241 = CARTESIAN_POINT('',(6.28318530718,0.));
#14242 = CARTESIAN_POINT('',(6.28318530718,4.924027389395));
#14243 = ( GEOMETRIC_REPRESENTATION_CONTEXT(2) 
PARAMETRIC_REPRESENTATION_CONTEXT() REPRESENTATION_CONTEXT('2D SPACE',''
  ) );
#14244 = PCURVE('',#14211,#14245);
#14245 = DEFINITIONAL_REPRESENTATION('',(#14246),#14250);
#14246 = LINE('',#14247,#14248);
#14247 = CARTESIAN_POINT('',(0.,0.));
#14248 = VECTOR('',#14249,1.);
#14249 = DIRECTION('',(0.,1.));
#14250 = ( GEOMETRIC_REPRESENTATION_CONTEXT(2) 
PARAMETRIC_REPRESENTATION_CONTEXT() REPRESENTATION_CONTEXT('2D SPACE',''
  ) );
#14251 = ORIENTED_EDGE('',*,*,#14252,.F.);
#14252 = EDGE_CURVE('',#14231,#14231,#14253,.T.);
#14253 = SURFACE_CURVE('',#14254,(#14259,#14266),.PCURVE_S1.);
#14254 = CIRCLE('',#14255,0.75);
#14255 = AXIS2_PLACEMENT_3D('',#14256,#14257,#14258);
#14256 = CARTESIAN_POINT('',(27.589770760208,-22.73471023345,43.25));
#14257 = DIRECTION('',(-6.886751593559E-02,-0.997625814245,0.));
#14258 = DIRECTION('',(0.997625814245,-6.886751593559E-02,
    -2.775557561563E-17));
#14259 = PCURVE('',#14211,#14260);
#14260 = DEFINITIONAL_REPRESENTATION('',(#14261),#14265);
#14261 = LINE('',#14262,#14263);
#14262 = CARTESIAN_POINT('',(0.,4.924027389395));
#14263 = VECTOR('',#14264,1.);
#14264 = DIRECTION('',(1.,0.));
#14265 = ( GEOMETRIC_REPRESENTATION_CONTEXT(2) 
PARAMETRIC_REPRESENTATION_CONTEXT() REPRESENTATION_CONTEXT('2D SPACE',''
  ) );
#14266 = PCURVE('',#14267,#14275);
#14267 = SURFACE_OF_LINEAR_EXTRUSION('',#14268,#14273);
#14268 = CIRCLE('',#14269,0.75);
#14269 = AXIS2_PLACEMENT_3D('',#14270,#14271,#14272);
#14270 = CARTESIAN_POINT('',(27.589770760208,-22.73471023345,43.25));
#14271 = DIRECTION('',(-6.886751593559E-02,-0.997625814245,0.));
#14272 = DIRECTION('',(0.997625814245,-6.886751593559E-02,
    -2.775557561563E-17));
#14273 = VECTOR('',#14274,1.);
#14274 = DIRECTION('',(-0.687574063938,-0.726114251754,0.));
#14275 = DEFINITIONAL_REPRESENTATION('',(#14276),#14279);
#14276 = B_SPLINE_CURVE_WITH_KNOTS('',1,(#14277,#14278),.UNSPECIFIED.,
  .F.,.F.,(2,2),(0.,6.28318530718),.PIECEWISE_BEZIER_KNOTS.);
#14277 = CARTESIAN_POINT('',(0.,0.));
#14278 = CARTESIAN_POINT('',(6.28318530718,0.));
#14279 = ( GEOMETRIC_REPRESENTATION_CONTEXT(2) 
PARAMETRIC_REPRESENTATION_CONTEXT() REPRESENTATION_CONTEXT('2D SPACE',''
  ) );
#14280 = ORIENTED_EDGE('',*,*,#14230,.F.);
#14281 = ORIENTED_EDGE('',*,*,#14196,.T.);
#14282 = ADVANCED_FACE('',(#14283),#14267,.T.);
#14283 = FACE_BOUND('',#14284,.T.);
#14284 = EDGE_LOOP('',(#14285,#14307,#14336,#14337));
#14285 = ORIENTED_EDGE('',*,*,#14286,.T.);
#14286 = EDGE_CURVE('',#14231,#14287,#14289,.T.);
#14287 = VERTEX_POINT('',#14288);
#14288 = CARTESIAN_POINT('',(24.952356597825,-26.36176733387,43.25));
#14289 = SEAM_CURVE('',#14290,(#14294,#14300),.PCURVE_S1.);
#14290 = LINE('',#14291,#14292);
#14291 = CARTESIAN_POINT('',(28.337990120892,-22.7863608704,43.25));
#14292 = VECTOR('',#14293,1.);
#14293 = DIRECTION('',(-0.687574063938,-0.726114251754,0.));
#14294 = PCURVE('',#14267,#14295);
#14295 = DEFINITIONAL_REPRESENTATION('',(#14296),#14299);
#14296 = B_SPLINE_CURVE_WITH_KNOTS('',1,(#14297,#14298),.UNSPECIFIED.,
  .F.,.F.,(2,2),(0.,4.924027389395),.PIECEWISE_BEZIER_KNOTS.);
#14297 = CARTESIAN_POINT('',(6.28318530718,0.));
#14298 = CARTESIAN_POINT('',(6.28318530718,4.924027389395));
#14299 = ( GEOMETRIC_REPRESENTATION_CONTEXT(2) 
PARAMETRIC_REPRESENTATION_CONTEXT() REPRESENTATION_CONTEXT('2D SPACE',''
  ) );
#14300 = PCURVE('',#14267,#14301);
#14301 = DEFINITIONAL_REPRESENTATION('',(#14302),#14306);
#14302 = LINE('',#14303,#14304);
#14303 = CARTESIAN_POINT('',(0.,0.));
#14304 = VECTOR('',#14305,1.);
#14305 = DIRECTION('',(0.,1.));
#14306 = ( GEOMETRIC_REPRESENTATION_CONTEXT(2) 
PARAMETRIC_REPRESENTATION_CONTEXT() REPRESENTATION_CONTEXT('2D SPACE',''
  ) );
#14307 = ORIENTED_EDGE('',*,*,#14308,.F.);
#14308 = EDGE_CURVE('',#14287,#14287,#14309,.T.);
#14309 = SURFACE_CURVE('',#14310,(#14315,#14322),.PCURVE_S1.);
#14310 = CIRCLE('',#14311,0.75);
#14311 = AXIS2_PLACEMENT_3D('',#14312,#14313,#14314);
#14312 = CARTESIAN_POINT('',(24.204137237141,-26.31011669692,43.25));
#14313 = DIRECTION('',(-6.886751593559E-02,-0.997625814245,0.));
#14314 = DIRECTION('',(0.997625814245,-6.886751593559E-02,
    -2.775557561563E-17));
#14315 = PCURVE('',#14267,#14316);
#14316 = DEFINITIONAL_REPRESENTATION('',(#14317),#14321);
#14317 = LINE('',#14318,#14319);
#14318 = CARTESIAN_POINT('',(0.,4.924027389395));
#14319 = VECTOR('',#14320,1.);
#14320 = DIRECTION('',(1.,0.));
#14321 = ( GEOMETRIC_REPRESENTATION_CONTEXT(2) 
PARAMETRIC_REPRESENTATION_CONTEXT() REPRESENTATION_CONTEXT('2D SPACE',''
  ) );
#14322 = PCURVE('',#14323,#14331);
#14323 = SURFACE_OF_LINEAR_EXTRUSION('',#14324,#14329);
#14324 = CIRCLE('',#14325,0.75);
#14325 = AXIS2_PLACEMENT_3D('',#14326,#14327,#14328);
#14326 = CARTESIAN_POINT('',(24.204137237141,-26.31011669692,43.25));
#14327 = DIRECTION('',(-6.886751593559E-02,-0.997625814245,
    -3.851859888774E-34));
#14328 = DIRECTION('',(0.997625814245,-6.886751593559E-02,
    -2.775557561563E-17));
#14329 = VECTOR('',#14330,1.);
#14330 = DIRECTION('',(-0.780826025162,-0.624748524152,0.));
#14331 = DEFINITIONAL_REPRESENTATION('',(#14332),#14335);
#14332 = B_SPLINE_CURVE_WITH_KNOTS('',1,(#14333,#14334),.UNSPECIFIED.,
  .F.,.F.,(2,2),(0.,6.28318530718),.PIECEWISE_BEZIER_KNOTS.);
#14333 = CARTESIAN_POINT('',(0.,0.));
#14334 = CARTESIAN_POINT('',(6.28318530718,0.));
#14335 = ( GEOMETRIC_REPRESENTATION_CONTEXT(2) 
PARAMETRIC_REPRESENTATION_CONTEXT() REPRESENTATION_CONTEXT('2D SPACE',''
  ) );
#14336 = ORIENTED_EDGE('',*,*,#14286,.F.);
#14337 = ORIENTED_EDGE('',*,*,#14252,.T.);
#14338 = ADVANCED_FACE('',(#14339),#14323,.T.);
#14339 = FACE_BOUND('',#14340,.T.);
#14340 = EDGE_LOOP('',(#14341,#14363,#14392,#14393));
#14341 = ORIENTED_EDGE('',*,*,#14342,.T.);
#14342 = EDGE_CURVE('',#14287,#14343,#14345,.T.);
#14343 = VERTEX_POINT('',#14344);
#14344 = CARTESIAN_POINT('',(21.107547863575,-29.43804617828,43.25));
#14345 = SEAM_CURVE('',#14346,(#14350,#14356),.PCURVE_S1.);
#14346 = LINE('',#14347,#14348);
#14347 = CARTESIAN_POINT('',(24.952356597825,-26.36176733387,43.25));
#14348 = VECTOR('',#14349,1.);
#14349 = DIRECTION('',(-0.780826025162,-0.624748524152,0.));
#14350 = PCURVE('',#14323,#14351);
#14351 = DEFINITIONAL_REPRESENTATION('',(#14352),#14355);
#14352 = B_SPLINE_CURVE_WITH_KNOTS('',1,(#14353,#14354),.UNSPECIFIED.,
  .F.,.F.,(2,2),(0.,4.924027389395),.PIECEWISE_BEZIER_KNOTS.);
#14353 = CARTESIAN_POINT('',(6.28318530718,0.));
#14354 = CARTESIAN_POINT('',(6.28318530718,4.924027389395));
#14355 = ( GEOMETRIC_REPRESENTATION_CONTEXT(2) 
PARAMETRIC_REPRESENTATION_CONTEXT() REPRESENTATION_CONTEXT('2D SPACE',''
  ) );
#14356 = PCURVE('',#14323,#14357);
#14357 = DEFINITIONAL_REPRESENTATION('',(#14358),#14362);
#14358 = LINE('',#14359,#14360);
#14359 = CARTESIAN_POINT('',(0.,0.));
#14360 = VECTOR('',#14361,1.);
#14361 = DIRECTION('',(0.,1.));
#14362 = ( GEOMETRIC_REPRESENTATION_CONTEXT(2) 
PARAMETRIC_REPRESENTATION_CONTEXT() REPRESENTATION_CONTEXT('2D SPACE',''
  ) );
#14363 = ORIENTED_EDGE('',*,*,#14364,.F.);
#14364 = EDGE_CURVE('',#14343,#14343,#14365,.T.);
#14365 = SURFACE_CURVE('',#14366,(#14371,#14378),.PCURVE_S1.);
#14366 = CIRCLE('',#14367,0.75);
#14367 = AXIS2_PLACEMENT_3D('',#14368,#14369,#14370);
#14368 = CARTESIAN_POINT('',(20.359328502891,-29.38639554132,43.25));
#14369 = DIRECTION('',(-6.886751593559E-02,-0.997625814245,
    -3.851859888774E-34));
#14370 = DIRECTION('',(0.997625814245,-6.886751593559E-02,
    -2.775557561563E-17));
#14371 = PCURVE('',#14323,#14372);
#14372 = DEFINITIONAL_REPRESENTATION('',(#14373),#14377);
#14373 = LINE('',#14374,#14375);
#14374 = CARTESIAN_POINT('',(0.,4.924027389395));
#14375 = VECTOR('',#14376,1.);
#14376 = DIRECTION('',(1.,0.));
#14377 = ( GEOMETRIC_REPRESENTATION_CONTEXT(2) 
PARAMETRIC_REPRESENTATION_CONTEXT() REPRESENTATION_CONTEXT('2D SPACE',''
  ) );
#14378 = PCURVE('',#14379,#14387);
#14379 = SURFACE_OF_LINEAR_EXTRUSION('',#14380,#14385);
#14380 = CIRCLE('',#14381,0.75);
#14381 = AXIS2_PLACEMENT_3D('',#14382,#14383,#14384);
#14382 = CARTESIAN_POINT('',(20.359328502891,-29.38639554132,43.25));
#14383 = DIRECTION('',(-6.886751593559E-02,-0.997625814245,0.));
#14384 = DIRECTION('',(0.997625814245,-6.886751593559E-02,
    -5.551115123126E-17));
#14385 = VECTOR('',#14386,1.);
#14386 = DIRECTION('',(-0.482772810293,-0.287400432944,0.827243256114));
#14387 = DEFINITIONAL_REPRESENTATION('',(#14388),#14391);
#14388 = B_SPLINE_CURVE_WITH_KNOTS('',1,(#14389,#14390),.UNSPECIFIED.,
  .F.,.F.,(2,2),(0.,6.28318530718),.PIECEWISE_BEZIER_KNOTS.);
#14389 = CARTESIAN_POINT('',(0.,0.));
#14390 = CARTESIAN_POINT('',(6.28318530718,0.));
#14391 = ( GEOMETRIC_REPRESENTATION_CONTEXT(2) 
PARAMETRIC_REPRESENTATION_CONTEXT() REPRESENTATION_CONTEXT('2D SPACE',''
  ) );
#14392 = ORIENTED_EDGE('',*,*,#14342,.F.);
#14393 = ORIENTED_EDGE('',*,*,#14308,.T.);
#14394 = ADVANCED_FACE('',(#14395),#14379,.T.);
#14395 = FACE_BOUND('',#14396,.T.);
#14396 = EDGE_LOOP('',(#14397,#14419,#14448,#14449));
#14397 = ORIENTED_EDGE('',*,*,#14398,.T.);
#14398 = EDGE_CURVE('',#14343,#14399,#14401,.T.);
#14399 = VERTEX_POINT('',#14400);
#14400 = CARTESIAN_POINT('',(16.876503550123,-31.9568375053,50.5));
#14401 = SEAM_CURVE('',#14402,(#14406,#14412),.PCURVE_S1.);
#14402 = LINE('',#14403,#14404);
#14403 = CARTESIAN_POINT('',(21.107547863575,-29.43804617828,43.25));
#14404 = VECTOR('',#14405,1.);
#14405 = DIRECTION('',(-0.482772810293,-0.287400432944,0.827243256114));
#14406 = PCURVE('',#14379,#14407);
#14407 = DEFINITIONAL_REPRESENTATION('',(#14408),#14411);
#14408 = B_SPLINE_CURVE_WITH_KNOTS('',1,(#14409,#14410),.UNSPECIFIED.,
  .F.,.F.,(2,2),(0.,8.764048478387),.PIECEWISE_BEZIER_KNOTS.);
#14409 = CARTESIAN_POINT('',(6.28318530718,0.));
#14410 = CARTESIAN_POINT('',(6.28318530718,8.764048478387));
#14411 = ( GEOMETRIC_REPRESENTATION_CONTEXT(2) 
PARAMETRIC_REPRESENTATION_CONTEXT() REPRESENTATION_CONTEXT('2D SPACE',''
  ) );
#14412 = PCURVE('',#14379,#14413);
#14413 = DEFINITIONAL_REPRESENTATION('',(#14414),#14418);
#14414 = LINE('',#14415,#14416);
#14415 = CARTESIAN_POINT('',(0.,0.));
#14416 = VECTOR('',#14417,1.);
#14417 = DIRECTION('',(0.,1.));
#14418 = ( GEOMETRIC_REPRESENTATION_CONTEXT(2) 
PARAMETRIC_REPRESENTATION_CONTEXT() REPRESENTATION_CONTEXT('2D SPACE',''
  ) );
#14419 = ORIENTED_EDGE('',*,*,#14420,.F.);
#14420 = EDGE_CURVE('',#14399,#14399,#14421,.T.);
#14421 = SURFACE_CURVE('',#14422,(#14427,#14434),.PCURVE_S1.);
#14422 = CIRCLE('',#14423,0.75);
#14423 = AXIS2_PLACEMENT_3D('',#14424,#14425,#14426);
#14424 = CARTESIAN_POINT('',(16.128284189439,-31.90518686835,50.5));
#14425 = DIRECTION('',(-6.886751593559E-02,-0.997625814245,0.));
#14426 = DIRECTION('',(0.997625814245,-6.886751593559E-02,
    -5.551115123126E-17));
#14427 = PCURVE('',#14379,#14428);
#14428 = DEFINITIONAL_REPRESENTATION('',(#14429),#14433);
#14429 = LINE('',#14430,#14431);
#14430 = CARTESIAN_POINT('',(0.,8.764048478387));
#14431 = VECTOR('',#14432,1.);
#14432 = DIRECTION('',(1.,0.));
#14433 = ( GEOMETRIC_REPRESENTATION_CONTEXT(2) 
PARAMETRIC_REPRESENTATION_CONTEXT() REPRESENTATION_CONTEXT('2D SPACE',''
  ) );
#14434 = PCURVE('',#14435,#14443);
#14435 = SURFACE_OF_LINEAR_EXTRUSION('',#14436,#14441);
#14436 = CIRCLE('',#14437,0.75);
#14437 = AXIS2_PLACEMENT_3D('',#14438,#14439,#14440);
#14438 = CARTESIAN_POINT('',(16.128284189439,-31.90518686835,50.5));
#14439 = DIRECTION('',(-6.886751593559E-02,-0.997625814245,
    -7.703719777549E-34));
#14440 = DIRECTION('',(0.997625814245,-6.886751593559E-02,
    -5.551115123126E-17));
#14441 = VECTOR('',#14442,1.);
#14442 = DIRECTION('',(-0.921402878227,-0.388608718372,0.));
#14443 = DEFINITIONAL_REPRESENTATION('',(#14444),#14447);
#14444 = B_SPLINE_CURVE_WITH_KNOTS('',1,(#14445,#14446),.UNSPECIFIED.,
  .F.,.F.,(2,2),(0.,6.28318530718),.PIECEWISE_BEZIER_KNOTS.);
#14445 = CARTESIAN_POINT('',(0.,0.));
#14446 = CARTESIAN_POINT('',(6.28318530718,0.));
#14447 = ( GEOMETRIC_REPRESENTATION_CONTEXT(2) 
PARAMETRIC_REPRESENTATION_CONTEXT() REPRESENTATION_CONTEXT('2D SPACE',''
  ) );
#14448 = ORIENTED_EDGE('',*,*,#14398,.F.);
#14449 = ORIENTED_EDGE('',*,*,#14364,.T.);
#14450 = ADVANCED_FACE('',(#14451),#14435,.T.);
#14451 = FACE_BOUND('',#14452,.T.);
#14452 = EDGE_LOOP('',(#14453,#14475,#14504,#14505));
#14453 = ORIENTED_EDGE('',*,*,#14454,.T.);
#14454 = EDGE_CURVE('',#14399,#14455,#14457,.T.);
#14455 = VERTEX_POINT('',#14456);
#14456 = CARTESIAN_POINT('',(12.339490541064,-33.87035747832,50.5));
#14457 = SEAM_CURVE('',#14458,(#14462,#14468),.PCURVE_S1.);
#14458 = LINE('',#14459,#14460);
#14459 = CARTESIAN_POINT('',(16.876503550123,-31.9568375053,50.5));
#14460 = VECTOR('',#14461,1.);
#14461 = DIRECTION('',(-0.921402878227,-0.388608718372,0.));
#14462 = PCURVE('',#14435,#14463);
#14463 = DEFINITIONAL_REPRESENTATION('',(#14464),#14467);
#14464 = B_SPLINE_CURVE_WITH_KNOTS('',1,(#14465,#14466),.UNSPECIFIED.,
  .F.,.F.,(2,2),(0.,4.924027389395),.PIECEWISE_BEZIER_KNOTS.);
#14465 = CARTESIAN_POINT('',(6.28318530718,0.));
#14466 = CARTESIAN_POINT('',(6.28318530718,4.924027389395));
#14467 = ( GEOMETRIC_REPRESENTATION_CONTEXT(2) 
PARAMETRIC_REPRESENTATION_CONTEXT() REPRESENTATION_CONTEXT('2D SPACE',''
  ) );
#14468 = PCURVE('',#14435,#14469);
#14469 = DEFINITIONAL_REPRESENTATION('',(#14470),#14474);
#14470 = LINE('',#14471,#14472);
#14471 = CARTESIAN_POINT('',(0.,0.));
#14472 = VECTOR('',#14473,1.);
#14473 = DIRECTION('',(0.,1.));
#14474 = ( GEOMETRIC_REPRESENTATION_CONTEXT(2) 
PARAMETRIC_REPRESENTATION_CONTEXT() REPRESENTATION_CONTEXT('2D SPACE',''
  ) );
#14475 = ORIENTED_EDGE('',*,*,#14476,.F.);
#14476 = EDGE_CURVE('',#14455,#14455,#14477,.T.);
#14477 = SURFACE_CURVE('',#14478,(#14483,#14490),.PCURVE_S1.);
#14478 = CIRCLE('',#14479,0.75);
#14479 = AXIS2_PLACEMENT_3D('',#14480,#14481,#14482);
#14480 = CARTESIAN_POINT('',(11.59127118038,-33.81870684137,50.5));
#14481 = DIRECTION('',(-6.886751593559E-02,-0.997625814245,
    -7.703719777549E-34));
#14482 = DIRECTION('',(0.997625814245,-6.886751593559E-02,
    -5.551115123126E-17));
#14483 = PCURVE('',#14435,#14484);
#14484 = DEFINITIONAL_REPRESENTATION('',(#14485),#14489);
#14485 = LINE('',#14486,#14487);
#14486 = CARTESIAN_POINT('',(0.,4.924027389395));
#14487 = VECTOR('',#14488,1.);
#14488 = DIRECTION('',(1.,0.));
#14489 = ( GEOMETRIC_REPRESENTATION_CONTEXT(2) 
PARAMETRIC_REPRESENTATION_CONTEXT() REPRESENTATION_CONTEXT('2D SPACE',''
  ) );
#14490 = PCURVE('',#14491,#14499);
#14491 = SURFACE_OF_LINEAR_EXTRUSION('',#14492,#14497);
#14492 = CIRCLE('',#14493,0.75);
#14493 = AXIS2_PLACEMENT_3D('',#14494,#14495,#14496);
#14494 = CARTESIAN_POINT('',(11.59127118038,-33.81870684137,50.5));
#14495 = DIRECTION('',(-6.886751593559E-02,-0.997625814245,
    -7.703719777549E-34));
#14496 = DIRECTION('',(0.997625814245,-6.886751593559E-02,
    -5.551115123126E-17));
#14497 = VECTOR('',#14498,1.);
#14498 = DIRECTION('',(-0.966060895163,-0.258314434046,0.));
#14499 = DEFINITIONAL_REPRESENTATION('',(#14500),#14503);
#14500 = B_SPLINE_CURVE_WITH_KNOTS('',1,(#14501,#14502),.UNSPECIFIED.,
  .F.,.F.,(2,2),(0.,6.28318530718),.PIECEWISE_BEZIER_KNOTS.);
#14501 = CARTESIAN_POINT('',(0.,0.));
#14502 = CARTESIAN_POINT('',(6.28318530718,0.));
#14503 = ( GEOMETRIC_REPRESENTATION_CONTEXT(2) 
PARAMETRIC_REPRESENTATION_CONTEXT() REPRESENTATION_CONTEXT('2D SPACE',''
  ) );
#14504 = ORIENTED_EDGE('',*,*,#14454,.F.);
#14505 = ORIENTED_EDGE('',*,*,#14420,.T.);
#14506 = ADVANCED_FACE('',(#14507),#14491,.T.);
#14507 = FACE_BOUND('',#14508,.T.);
#14508 = EDGE_LOOP('',(#14509,#14531,#14560,#14561));
#14509 = ORIENTED_EDGE('',*,*,#14510,.T.);
#14510 = EDGE_CURVE('',#14455,#14511,#14513,.T.);
#14511 = VERTEX_POINT('',#14512);
#14512 = CARTESIAN_POINT('',(7.582580233458,-35.14230482664,50.5));
#14513 = SEAM_CURVE('',#14514,(#14518,#14524),.PCURVE_S1.);
#14514 = LINE('',#14515,#14516);
#14515 = CARTESIAN_POINT('',(12.339490541064,-33.87035747832,50.5));
#14516 = VECTOR('',#14517,1.);
#14517 = DIRECTION('',(-0.966060895163,-0.258314434046,0.));
#14518 = PCURVE('',#14491,#14519);
#14519 = DEFINITIONAL_REPRESENTATION('',(#14520),#14523);
#14520 = B_SPLINE_CURVE_WITH_KNOTS('',1,(#14521,#14522),.UNSPECIFIED.,
  .F.,.F.,(2,2),(0.,4.924027389395),.PIECEWISE_BEZIER_KNOTS.);
#14521 = CARTESIAN_POINT('',(6.28318530718,0.));
#14522 = CARTESIAN_POINT('',(6.28318530718,4.924027389395));
#14523 = ( GEOMETRIC_REPRESENTATION_CONTEXT(2) 
PARAMETRIC_REPRESENTATION_CONTEXT() REPRESENTATION_CONTEXT('2D SPACE',''
  ) );
#14524 = PCURVE('',#14491,#14525);
#14525 = DEFINITIONAL_REPRESENTATION('',(#14526),#14530);
#14526 = LINE('',#14527,#14528);
#14527 = CARTESIAN_POINT('',(0.,0.));
#14528 = VECTOR('',#14529,1.);
#14529 = DIRECTION('',(0.,1.));
#14530 = ( GEOMETRIC_REPRESENTATION_CONTEXT(2) 
PARAMETRIC_REPRESENTATION_CONTEXT() REPRESENTATION_CONTEXT('2D SPACE',''
  ) );
#14531 = ORIENTED_EDGE('',*,*,#14532,.F.);
#14532 = EDGE_CURVE('',#14511,#14511,#14533,.T.);
#14533 = SURFACE_CURVE('',#14534,(#14539,#14546),.PCURVE_S1.);
#14534 = CIRCLE('',#14535,0.75);
#14535 = AXIS2_PLACEMENT_3D('',#14536,#14537,#14538);
#14536 = CARTESIAN_POINT('',(6.834360872774,-35.09065418969,50.5));
#14537 = DIRECTION('',(-6.886751593559E-02,-0.997625814245,
    -7.703719777549E-34));
#14538 = DIRECTION('',(0.997625814245,-6.886751593559E-02,
    -5.551115123126E-17));
#14539 = PCURVE('',#14491,#14540);
#14540 = DEFINITIONAL_REPRESENTATION('',(#14541),#14545);
#14541 = LINE('',#14542,#14543);
#14542 = CARTESIAN_POINT('',(0.,4.924027389395));
#14543 = VECTOR('',#14544,1.);
#14544 = DIRECTION('',(1.,0.));
#14545 = ( GEOMETRIC_REPRESENTATION_CONTEXT(2) 
PARAMETRIC_REPRESENTATION_CONTEXT() REPRESENTATION_CONTEXT('2D SPACE',''
  ) );
#14546 = PCURVE('',#14547,#14555);
#14547 = SURFACE_OF_LINEAR_EXTRUSION('',#14548,#14553);
#14548 = CIRCLE('',#14549,0.75);
#14549 = AXIS2_PLACEMENT_3D('',#14550,#14551,#14552);
#14550 = CARTESIAN_POINT('',(6.834360872774,-35.09065418969,50.5));
#14551 = DIRECTION('',(-6.886751593559E-02,-0.997625814245,0.));
#14552 = DIRECTION('',(0.997625814245,-6.886751593559E-02,
    -5.551115123126E-17));
#14553 = VECTOR('',#14554,1.);
#14554 = DIRECTION('',(-0.992391829782,-0.123119682348,0.));
#14555 = DEFINITIONAL_REPRESENTATION('',(#14556),#14559);
#14556 = B_SPLINE_CURVE_WITH_KNOTS('',1,(#14557,#14558),.UNSPECIFIED.,
  .F.,.F.,(2,2),(0.,6.28318530718),.PIECEWISE_BEZIER_KNOTS.);
#14557 = CARTESIAN_POINT('',(0.,0.));
#14558 = CARTESIAN_POINT('',(6.28318530718,0.));
#14559 = ( GEOMETRIC_REPRESENTATION_CONTEXT(2) 
PARAMETRIC_REPRESENTATION_CONTEXT() REPRESENTATION_CONTEXT('2D SPACE',''
  ) );
#14560 = ORIENTED_EDGE('',*,*,#14510,.F.);
#14561 = ORIENTED_EDGE('',*,*,#14476,.T.);
#14562 = ADVANCED_FACE('',(#14563),#14547,.T.);
#14563 = FACE_BOUND('',#14564,.T.);
#14564 = EDGE_LOOP('',(#14565,#14587,#14616,#14617));
#14565 = ORIENTED_EDGE('',*,*,#14566,.T.);
#14566 = EDGE_CURVE('',#14511,#14567,#14569,.T.);
#14567 = VERTEX_POINT('',#14568);
#14568 = CARTESIAN_POINT('',(2.696015682598,-35.7485495147,50.5));
#14569 = SEAM_CURVE('',#14570,(#14574,#14580),.PCURVE_S1.);
#14570 = LINE('',#14571,#14572);
#14571 = CARTESIAN_POINT('',(7.582580233458,-35.14230482664,50.5));
#14572 = VECTOR('',#14573,1.);
#14573 = DIRECTION('',(-0.992391829782,-0.123119682348,0.));
#14574 = PCURVE('',#14547,#14575);
#14575 = DEFINITIONAL_REPRESENTATION('',(#14576),#14579);
#14576 = B_SPLINE_CURVE_WITH_KNOTS('',1,(#14577,#14578),.UNSPECIFIED.,
  .F.,.F.,(2,2),(0.,4.924027389395),.PIECEWISE_BEZIER_KNOTS.);
#14577 = CARTESIAN_POINT('',(6.28318530718,0.));
#14578 = CARTESIAN_POINT('',(6.28318530718,4.924027389395));
#14579 = ( GEOMETRIC_REPRESENTATION_CONTEXT(2) 
PARAMETRIC_REPRESENTATION_CONTEXT() REPRESENTATION_CONTEXT('2D SPACE',''
  ) );
#14580 = PCURVE('',#14547,#14581);
#14581 = DEFINITIONAL_REPRESENTATION('',(#14582),#14586);
#14582 = LINE('',#14583,#14584);
#14583 = CARTESIAN_POINT('',(0.,0.));
#14584 = VECTOR('',#14585,1.);
#14585 = DIRECTION('',(0.,1.));
#14586 = ( GEOMETRIC_REPRESENTATION_CONTEXT(2) 
PARAMETRIC_REPRESENTATION_CONTEXT() REPRESENTATION_CONTEXT('2D SPACE',''
  ) );
#14587 = ORIENTED_EDGE('',*,*,#14588,.F.);
#14588 = EDGE_CURVE('',#14567,#14567,#14589,.T.);
#14589 = SURFACE_CURVE('',#14590,(#14595,#14602),.PCURVE_S1.);
#14590 = CIRCLE('',#14591,0.75);
#14591 = AXIS2_PLACEMENT_3D('',#14592,#14593,#14594);
#14592 = CARTESIAN_POINT('',(1.947796321914,-35.69689887775,50.5));
#14593 = DIRECTION('',(-6.886751593559E-02,-0.997625814245,0.));
#14594 = DIRECTION('',(0.997625814245,-6.886751593559E-02,
    -5.551115123126E-17));
#14595 = PCURVE('',#14547,#14596);
#14596 = DEFINITIONAL_REPRESENTATION('',(#14597),#14601);
#14597 = LINE('',#14598,#14599);
#14598 = CARTESIAN_POINT('',(0.,4.924027389395));
#14599 = VECTOR('',#14600,1.);
#14600 = DIRECTION('',(1.,0.));
#14601 = ( GEOMETRIC_REPRESENTATION_CONTEXT(2) 
PARAMETRIC_REPRESENTATION_CONTEXT() REPRESENTATION_CONTEXT('2D SPACE',''
  ) );
#14602 = PCURVE('',#14603,#14611);
#14603 = SURFACE_OF_LINEAR_EXTRUSION('',#14604,#14609);
#14604 = CIRCLE('',#14605,0.75);
#14605 = AXIS2_PLACEMENT_3D('',#14606,#14607,#14608);
#14606 = CARTESIAN_POINT('',(1.947796321914,-35.69689887775,50.5));
#14607 = DIRECTION('',(-6.886751593559E-02,-0.997625814245,
    2.957612631916E-18));
#14608 = DIRECTION('',(0.997625814245,-6.886751593559E-02,
    5.551115123126E-17));
#14609 = VECTOR('',#14610,1.);
#14610 = DIRECTION('',(-0.561785582111,8.096600946509E-03,0.827243256114
    ));
#14611 = DEFINITIONAL_REPRESENTATION('',(#14612),#14615);
#14612 = B_SPLINE_CURVE_WITH_KNOTS('',1,(#14613,#14614),.UNSPECIFIED.,
  .F.,.F.,(2,2),(0.,6.28318530718),.PIECEWISE_BEZIER_KNOTS.);
#14613 = CARTESIAN_POINT('',(0.,0.));
#14614 = CARTESIAN_POINT('',(6.28318530718,0.));
#14615 = ( GEOMETRIC_REPRESENTATION_CONTEXT(2) 
PARAMETRIC_REPRESENTATION_CONTEXT() REPRESENTATION_CONTEXT('2D SPACE',''
  ) );
#14616 = ORIENTED_EDGE('',*,*,#14566,.F.);
#14617 = ORIENTED_EDGE('',*,*,#14532,.T.);
#14618 = ADVANCED_FACE('',(#14619),#14603,.T.);
#14619 = FACE_BOUND('',#14620,.T.);
#14620 = EDGE_LOOP('',(#14621,#14643,#14672,#14673));
#14621 = ORIENTED_EDGE('',*,*,#14622,.T.);
#14622 = EDGE_CURVE('',#14567,#14623,#14625,.T.);
#14623 = VERTEX_POINT('',#14624);
#14624 = CARTESIAN_POINT('',(-2.227500393477,-35.67759051149,57.75));
#14625 = SEAM_CURVE('',#14626,(#14630,#14636),.PCURVE_S1.);
#14626 = LINE('',#14627,#14628);
#14627 = CARTESIAN_POINT('',(2.696015682598,-35.7485495147,50.5));
#14628 = VECTOR('',#14629,1.);
#14629 = DIRECTION('',(-0.561785582111,8.096600946509E-03,0.827243256114
    ));
#14630 = PCURVE('',#14603,#14631);
#14631 = DEFINITIONAL_REPRESENTATION('',(#14632),#14635);
#14632 = B_SPLINE_CURVE_WITH_KNOTS('',1,(#14633,#14634),.UNSPECIFIED.,
  .F.,.F.,(2,2),(0.,8.764048478387),.PIECEWISE_BEZIER_KNOTS.);
#14633 = CARTESIAN_POINT('',(6.28318530718,0.));
#14634 = CARTESIAN_POINT('',(6.28318530718,8.764048478387));
#14635 = ( GEOMETRIC_REPRESENTATION_CONTEXT(2) 
PARAMETRIC_REPRESENTATION_CONTEXT() REPRESENTATION_CONTEXT('2D SPACE',''
  ) );
#14636 = PCURVE('',#14603,#14637);
#14637 = DEFINITIONAL_REPRESENTATION('',(#14638),#14642);
#14638 = LINE('',#14639,#14640);
#14639 = CARTESIAN_POINT('',(0.,0.));
#14640 = VECTOR('',#14641,1.);
#14641 = DIRECTION('',(0.,1.));
#14642 = ( GEOMETRIC_REPRESENTATION_CONTEXT(2) 
PARAMETRIC_REPRESENTATION_CONTEXT() REPRESENTATION_CONTEXT('2D SPACE',''
  ) );
#14643 = ORIENTED_EDGE('',*,*,#14644,.F.);
#14644 = EDGE_CURVE('',#14623,#14623,#14645,.T.);
#14645 = SURFACE_CURVE('',#14646,(#14651,#14658),.PCURVE_S1.);
#14646 = CIRCLE('',#14647,0.75);
#14647 = AXIS2_PLACEMENT_3D('',#14648,#14649,#14650);
#14648 = CARTESIAN_POINT('',(-2.975719754161,-35.62593987454,57.75));
#14649 = DIRECTION('',(-6.886751593559E-02,-0.997625814245,
    2.957612631916E-18));
#14650 = DIRECTION('',(0.997625814245,-6.886751593559E-02,
    5.551115123126E-17));
#14651 = PCURVE('',#14603,#14652);
#14652 = DEFINITIONAL_REPRESENTATION('',(#14653),#14657);
#14653 = LINE('',#14654,#14655);
#14654 = CARTESIAN_POINT('',(0.,8.764048478387));
#14655 = VECTOR('',#14656,1.);
#14656 = DIRECTION('',(1.,0.));
#14657 = ( GEOMETRIC_REPRESENTATION_CONTEXT(2) 
PARAMETRIC_REPRESENTATION_CONTEXT() REPRESENTATION_CONTEXT('2D SPACE',''
  ) );
#14658 = PCURVE('',#14659,#14667);
#14659 = SURFACE_OF_LINEAR_EXTRUSION('',#14660,#14665);
#14660 = CIRCLE('',#14661,0.75);
#14661 = AXIS2_PLACEMENT_3D('',#14662,#14663,#14664);
#14662 = CARTESIAN_POINT('',(-2.975719754161,-35.62593987454,57.75));
#14663 = DIRECTION('',(-6.886751593559E-02,-0.997625814245,
    2.957612631916E-18));
#14664 = DIRECTION('',(0.997625814245,-6.886751593559E-02,
    5.551115123126E-17));
#14665 = VECTOR('',#14666,1.);
#14666 = DIRECTION('',(-0.988431520224,0.151667827266,0.));
#14667 = DEFINITIONAL_REPRESENTATION('',(#14668),#14671);
#14668 = B_SPLINE_CURVE_WITH_KNOTS('',1,(#14669,#14670),.UNSPECIFIED.,
  .F.,.F.,(2,2),(0.,6.28318530718),.PIECEWISE_BEZIER_KNOTS.);
#14669 = CARTESIAN_POINT('',(0.,0.));
#14670 = CARTESIAN_POINT('',(6.28318530718,0.));
#14671 = ( GEOMETRIC_REPRESENTATION_CONTEXT(2) 
PARAMETRIC_REPRESENTATION_CONTEXT() REPRESENTATION_CONTEXT('2D SPACE',''
  ) );
#14672 = ORIENTED_EDGE('',*,*,#14622,.F.);
#14673 = ORIENTED_EDGE('',*,*,#14588,.T.);
#14674 = ADVANCED_FACE('',(#14675),#14659,.T.);
#14675 = FACE_BOUND('',#14676,.T.);
#14676 = EDGE_LOOP('',(#14677,#14699,#14728,#14729));
#14677 = ORIENTED_EDGE('',*,*,#14678,.T.);
#14678 = EDGE_CURVE('',#14623,#14679,#14681,.T.);
#14679 = VERTEX_POINT('',#14680);
#14680 = CARTESIAN_POINT('',(-7.094564271602,-34.93077397595,57.75));
#14681 = SEAM_CURVE('',#14682,(#14686,#14692),.PCURVE_S1.);
#14682 = LINE('',#14683,#14684);
#14683 = CARTESIAN_POINT('',(-2.227500393477,-35.67759051149,57.75));
#14684 = VECTOR('',#14685,1.);
#14685 = DIRECTION('',(-0.988431520224,0.151667827266,0.));
#14686 = PCURVE('',#14659,#14687);
#14687 = DEFINITIONAL_REPRESENTATION('',(#14688),#14691);
#14688 = B_SPLINE_CURVE_WITH_KNOTS('',1,(#14689,#14690),.UNSPECIFIED.,
  .F.,.F.,(2,2),(0.,4.924027389395),.PIECEWISE_BEZIER_KNOTS.);
#14689 = CARTESIAN_POINT('',(6.28318530718,0.));
#14690 = CARTESIAN_POINT('',(6.28318530718,4.924027389395));
#14691 = ( GEOMETRIC_REPRESENTATION_CONTEXT(2) 
PARAMETRIC_REPRESENTATION_CONTEXT() REPRESENTATION_CONTEXT('2D SPACE',''
  ) );
#14692 = PCURVE('',#14659,#14693);
#14693 = DEFINITIONAL_REPRESENTATION('',(#14694),#14698);
#14694 = LINE('',#14695,#14696);
#14695 = CARTESIAN_POINT('',(0.,0.));
#14696 = VECTOR('',#14697,1.);
#14697 = DIRECTION('',(0.,1.));
#14698 = ( GEOMETRIC_REPRESENTATION_CONTEXT(2) 
PARAMETRIC_REPRESENTATION_CONTEXT() REPRESENTATION_CONTEXT('2D SPACE',''
  ) );
#14699 = ORIENTED_EDGE('',*,*,#14700,.F.);
#14700 = EDGE_CURVE('',#14679,#14679,#14701,.T.);
#14701 = SURFACE_CURVE('',#14702,(#14707,#14714),.PCURVE_S1.);
#14702 = CIRCLE('',#14703,0.75);
#14703 = AXIS2_PLACEMENT_3D('',#14704,#14705,#14706);
#14704 = CARTESIAN_POINT('',(-7.842783632286,-34.879123339,57.75));
#14705 = DIRECTION('',(-6.886751593559E-02,-0.997625814245,
    2.957612631916E-18));
#14706 = DIRECTION('',(0.997625814245,-6.886751593559E-02,
    5.551115123126E-17));
#14707 = PCURVE('',#14659,#14708);
#14708 = DEFINITIONAL_REPRESENTATION('',(#14709),#14713);
#14709 = LINE('',#14710,#14711);
#14710 = CARTESIAN_POINT('',(0.,4.924027389395));
#14711 = VECTOR('',#14712,1.);
#14712 = DIRECTION('',(1.,0.));
#14713 = ( GEOMETRIC_REPRESENTATION_CONTEXT(2) 
PARAMETRIC_REPRESENTATION_CONTEXT() REPRESENTATION_CONTEXT('2D SPACE',''
  ) );
#14714 = PCURVE('',#14715,#14723);
#14715 = SURFACE_OF_LINEAR_EXTRUSION('',#14716,#14721);
#14716 = CIRCLE('',#14717,0.75);
#14717 = AXIS2_PLACEMENT_3D('',#14718,#14719,#14720);
#14718 = CARTESIAN_POINT('',(-7.842783632286,-34.879123339,57.75));
#14719 = DIRECTION('',(-6.886751593559E-02,-0.997625814245,
    2.957612631916E-18));
#14720 = DIRECTION('',(0.997625814245,-6.886751593559E-02,
    5.551115123126E-17));
#14721 = VECTOR('',#14722,1.);
#14722 = DIRECTION('',(-0.958215406838,0.286047608097,0.));
#14723 = DEFINITIONAL_REPRESENTATION('',(#14724),#14727);
#14724 = B_SPLINE_CURVE_WITH_KNOTS('',1,(#14725,#14726),.UNSPECIFIED.,
  .F.,.F.,(2,2),(0.,6.28318530718),.PIECEWISE_BEZIER_KNOTS.);
#14725 = CARTESIAN_POINT('',(0.,0.));
#14726 = CARTESIAN_POINT('',(6.28318530718,0.));
#14727 = ( GEOMETRIC_REPRESENTATION_CONTEXT(2) 
PARAMETRIC_REPRESENTATION_CONTEXT() REPRESENTATION_CONTEXT('2D SPACE',''
  ) );
#14728 = ORIENTED_EDGE('',*,*,#14678,.F.);
#14729 = ORIENTED_EDGE('',*,*,#14644,.T.);
#14730 = ADVANCED_FACE('',(#14731),#14715,.T.);
#14731 = FACE_BOUND('',#14732,.T.);
#14732 = EDGE_LOOP('',(#14733,#14755,#14784,#14785));
#14733 = ORIENTED_EDGE('',*,*,#14734,.T.);
#14734 = EDGE_CURVE('',#14679,#14735,#14737,.T.);
#14735 = VERTEX_POINT('',#14736);
#14736 = CARTESIAN_POINT('',(-11.81284317981,-33.522267719,57.75));
#14737 = SEAM_CURVE('',#14738,(#14742,#14748),.PCURVE_S1.);
#14738 = LINE('',#14739,#14740);
#14739 = CARTESIAN_POINT('',(-7.094564271602,-34.93077397595,57.75));
#14740 = VECTOR('',#14741,1.);
#14741 = DIRECTION('',(-0.958215406838,0.286047608097,0.));
#14742 = PCURVE('',#14715,#14743);
#14743 = DEFINITIONAL_REPRESENTATION('',(#14744),#14747);
#14744 = B_SPLINE_CURVE_WITH_KNOTS('',1,(#14745,#14746),.UNSPECIFIED.,
  .F.,.F.,(2,2),(0.,4.924027389395),.PIECEWISE_BEZIER_KNOTS.);
#14745 = CARTESIAN_POINT('',(6.28318530718,0.));
#14746 = CARTESIAN_POINT('',(6.28318530718,4.924027389395));
#14747 = ( GEOMETRIC_REPRESENTATION_CONTEXT(2) 
PARAMETRIC_REPRESENTATION_CONTEXT() REPRESENTATION_CONTEXT('2D SPACE',''
  ) );
#14748 = PCURVE('',#14715,#14749);
#14749 = DEFINITIONAL_REPRESENTATION('',(#14750),#14754);
#14750 = LINE('',#14751,#14752);
#14751 = CARTESIAN_POINT('',(0.,0.));
#14752 = VECTOR('',#14753,1.);
#14753 = DIRECTION('',(0.,1.));
#14754 = ( GEOMETRIC_REPRESENTATION_CONTEXT(2) 
PARAMETRIC_REPRESENTATION_CONTEXT() REPRESENTATION_CONTEXT('2D SPACE',''
  ) );
#14755 = ORIENTED_EDGE('',*,*,#14756,.F.);
#14756 = EDGE_CURVE('',#14735,#14735,#14757,.T.);
#14757 = SURFACE_CURVE('',#14758,(#14763,#14770),.PCURVE_S1.);
#14758 = CIRCLE('',#14759,0.75);
#14759 = AXIS2_PLACEMENT_3D('',#14760,#14761,#14762);
#14760 = CARTESIAN_POINT('',(-12.56106254049,-33.47061708205,57.75));
#14761 = DIRECTION('',(-6.886751593559E-02,-0.997625814245,
    2.957612631916E-18));
#14762 = DIRECTION('',(0.997625814245,-6.886751593559E-02,
    5.551115123126E-17));
#14763 = PCURVE('',#14715,#14764);
#14764 = DEFINITIONAL_REPRESENTATION('',(#14765),#14769);
#14765 = LINE('',#14766,#14767);
#14766 = CARTESIAN_POINT('',(0.,4.924027389395));
#14767 = VECTOR('',#14768,1.);
#14768 = DIRECTION('',(1.,0.));
#14769 = ( GEOMETRIC_REPRESENTATION_CONTEXT(2) 
PARAMETRIC_REPRESENTATION_CONTEXT() REPRESENTATION_CONTEXT('2D SPACE',''
  ) );
#14770 = PCURVE('',#14771,#14779);
#14771 = SURFACE_OF_LINEAR_EXTRUSION('',#14772,#14777);
#14772 = CIRCLE('',#14773,0.75);
#14773 = AXIS2_PLACEMENT_3D('',#14774,#14775,#14776);
#14774 = CARTESIAN_POINT('',(-12.56106254049,-33.47061708205,57.75));
#14775 = DIRECTION('',(-6.886751593559E-02,-0.997625814245,
    2.957612631916E-18));
#14776 = DIRECTION('',(0.997625814245,-6.886751593559E-02,
    5.551115123126E-17));
#14777 = VECTOR('',#14778,1.);
#14778 = DIRECTION('',(-0.909821047416,0.415000797203,0.));
#14779 = DEFINITIONAL_REPRESENTATION('',(#14780),#14783);
#14780 = B_SPLINE_CURVE_WITH_KNOTS('',1,(#14781,#14782),.UNSPECIFIED.,
  .F.,.F.,(2,2),(0.,6.28318530718),.PIECEWISE_BEZIER_KNOTS.);
#14781 = CARTESIAN_POINT('',(0.,0.));
#14782 = CARTESIAN_POINT('',(6.28318530718,0.));
#14783 = ( GEOMETRIC_REPRESENTATION_CONTEXT(2) 
PARAMETRIC_REPRESENTATION_CONTEXT() REPRESENTATION_CONTEXT('2D SPACE',''
  ) );
#14784 = ORIENTED_EDGE('',*,*,#14734,.F.);
#14785 = ORIENTED_EDGE('',*,*,#14700,.T.);
#14786 = ADVANCED_FACE('',(#14787),#14771,.T.);
#14787 = FACE_BOUND('',#14788,.T.);
#14788 = EDGE_LOOP('',(#14789,#14811,#14840,#14841));
#14789 = ORIENTED_EDGE('',*,*,#14790,.T.);
#14790 = EDGE_CURVE('',#14735,#14791,#14793,.T.);
#14791 = VERTEX_POINT('',#14792);
#14792 = CARTESIAN_POINT('',(-16.29282693673,-31.47879242695,57.75));
#14793 = SEAM_CURVE('',#14794,(#14798,#14804),.PCURVE_S1.);
#14794 = LINE('',#14795,#14796);
#14795 = CARTESIAN_POINT('',(-11.81284317981,-33.522267719,57.75));
#14796 = VECTOR('',#14797,1.);
#14797 = DIRECTION('',(-0.909821047416,0.415000797203,0.));
#14798 = PCURVE('',#14771,#14799);
#14799 = DEFINITIONAL_REPRESENTATION('',(#14800),#14803);
#14800 = B_SPLINE_CURVE_WITH_KNOTS('',1,(#14801,#14802),.UNSPECIFIED.,
  .F.,.F.,(2,2),(0.,4.924027389395),.PIECEWISE_BEZIER_KNOTS.);
#14801 = CARTESIAN_POINT('',(6.28318530718,0.));
#14802 = CARTESIAN_POINT('',(6.28318530718,4.924027389395));
#14803 = ( GEOMETRIC_REPRESENTATION_CONTEXT(2) 
PARAMETRIC_REPRESENTATION_CONTEXT() REPRESENTATION_CONTEXT('2D SPACE',''
  ) );
#14804 = PCURVE('',#14771,#14805);
#14805 = DEFINITIONAL_REPRESENTATION('',(#14806),#14810);
#14806 = LINE('',#14807,#14808);
#14807 = CARTESIAN_POINT('',(0.,0.));
#14808 = VECTOR('',#14809,1.);
#14809 = DIRECTION('',(0.,1.));
#14810 = ( GEOMETRIC_REPRESENTATION_CONTEXT(2) 
PARAMETRIC_REPRESENTATION_CONTEXT() REPRESENTATION_CONTEXT('2D SPACE',''
  ) );
#14811 = ORIENTED_EDGE('',*,*,#14812,.F.);
#14812 = EDGE_CURVE('',#14791,#14791,#14813,.T.);
#14813 = SURFACE_CURVE('',#14814,(#14819,#14826),.PCURVE_S1.);
#14814 = CIRCLE('',#14815,0.75);
#14815 = AXIS2_PLACEMENT_3D('',#14816,#14817,#14818);
#14816 = CARTESIAN_POINT('',(-17.04104629741,-31.42714179,57.75));
#14817 = DIRECTION('',(-6.886751593559E-02,-0.997625814245,
    2.957612631916E-18));
#14818 = DIRECTION('',(0.997625814245,-6.886751593559E-02,
    5.551115123126E-17));
#14819 = PCURVE('',#14771,#14820);
#14820 = DEFINITIONAL_REPRESENTATION('',(#14821),#14825);
#14821 = LINE('',#14822,#14823);
#14822 = CARTESIAN_POINT('',(0.,4.924027389395));
#14823 = VECTOR('',#14824,1.);
#14824 = DIRECTION('',(1.,0.));
#14825 = ( GEOMETRIC_REPRESENTATION_CONTEXT(2) 
PARAMETRIC_REPRESENTATION_CONTEXT() REPRESENTATION_CONTEXT('2D SPACE',''
  ) );
#14826 = PCURVE('',#14827,#14835);
#14827 = SURFACE_OF_LINEAR_EXTRUSION('',#14828,#14833);
#14828 = CIRCLE('',#14829,0.75);
#14829 = AXIS2_PLACEMENT_3D('',#14830,#14831,#14832);
#14830 = CARTESIAN_POINT('',(-17.04104629741,-31.42714179,57.75));
#14831 = DIRECTION('',(-6.886751593559E-02,-0.997625814245,
    3.822915092022E-18));
#14832 = DIRECTION('',(0.997625814245,-6.886751593559E-02,
    3.074171886318E-33));
#14833 = VECTOR('',#14834,1.);
#14834 = DIRECTION('',(-0.474289835034,0.301193870452,0.827243256114));
#14835 = DEFINITIONAL_REPRESENTATION('',(#14836),#14839);
#14836 = B_SPLINE_CURVE_WITH_KNOTS('',1,(#14837,#14838),.UNSPECIFIED.,
  .F.,.F.,(2,2),(0.,6.28318530718),.PIECEWISE_BEZIER_KNOTS.);
#14837 = CARTESIAN_POINT('',(0.,0.));
#14838 = CARTESIAN_POINT('',(6.28318530718,0.));
#14839 = ( GEOMETRIC_REPRESENTATION_CONTEXT(2) 
PARAMETRIC_REPRESENTATION_CONTEXT() REPRESENTATION_CONTEXT('2D SPACE',''
  ) );
#14840 = ORIENTED_EDGE('',*,*,#14790,.F.);
#14841 = ORIENTED_EDGE('',*,*,#14756,.T.);
#14842 = ADVANCED_FACE('',(#14843),#14827,.T.);
#14843 = FACE_BOUND('',#14844,.T.);
#14844 = EDGE_LOOP('',(#14845,#14867,#14896,#14897));
#14845 = ORIENTED_EDGE('',*,*,#14846,.T.);
#14846 = EDGE_CURVE('',#14791,#14847,#14849,.T.);
#14847 = VERTEX_POINT('',#14848);
#14848 = CARTESIAN_POINT('',(-20.44952604377,-28.83911474492,65.));
#14849 = SEAM_CURVE('',#14850,(#14854,#14860),.PCURVE_S1.);
#14850 = LINE('',#14851,#14852);
#14851 = CARTESIAN_POINT('',(-16.29282693673,-31.47879242695,57.75));
#14852 = VECTOR('',#14853,1.);
#14853 = DIRECTION('',(-0.474289835034,0.301193870452,0.827243256114));
#14854 = PCURVE('',#14827,#14855);
#14855 = DEFINITIONAL_REPRESENTATION('',(#14856),#14859);
#14856 = B_SPLINE_CURVE_WITH_KNOTS('',1,(#14857,#14858),.UNSPECIFIED.,
  .F.,.F.,(2,2),(0.,8.764048478387),.PIECEWISE_BEZIER_KNOTS.);
#14857 = CARTESIAN_POINT('',(6.28318530718,0.));
#14858 = CARTESIAN_POINT('',(6.28318530718,8.764048478387));
#14859 = ( GEOMETRIC_REPRESENTATION_CONTEXT(2) 
PARAMETRIC_REPRESENTATION_CONTEXT() REPRESENTATION_CONTEXT('2D SPACE',''
  ) );
#14860 = PCURVE('',#14827,#14861);
#14861 = DEFINITIONAL_REPRESENTATION('',(#14862),#14866);
#14862 = LINE('',#14863,#14864);
#14863 = CARTESIAN_POINT('',(0.,0.));
#14864 = VECTOR('',#14865,1.);
#14865 = DIRECTION('',(0.,1.));
#14866 = ( GEOMETRIC_REPRESENTATION_CONTEXT(2) 
PARAMETRIC_REPRESENTATION_CONTEXT() REPRESENTATION_CONTEXT('2D SPACE',''
  ) );
#14867 = ORIENTED_EDGE('',*,*,#14868,.F.);
#14868 = EDGE_CURVE('',#14847,#14847,#14869,.T.);
#14869 = SURFACE_CURVE('',#14870,(#14875,#14882),.PCURVE_S1.);
#14870 = CIRCLE('',#14871,0.75);
#14871 = AXIS2_PLACEMENT_3D('',#14872,#14873,#14874);
#14872 = CARTESIAN_POINT('',(-21.19774540445,-28.78746410797,65.));
#14873 = DIRECTION('',(-6.886751593559E-02,-0.997625814245,
    3.822915092022E-18));
#14874 = DIRECTION('',(0.997625814245,-6.886751593559E-02,
    3.074171886318E-33));
#14875 = PCURVE('',#14827,#14876);
#14876 = DEFINITIONAL_REPRESENTATION('',(#14877),#14881);
#14877 = LINE('',#14878,#14879);
#14878 = CARTESIAN_POINT('',(0.,8.764048478387));
#14879 = VECTOR('',#14880,1.);
#14880 = DIRECTION('',(1.,0.));
#14881 = ( GEOMETRIC_REPRESENTATION_CONTEXT(2) 
PARAMETRIC_REPRESENTATION_CONTEXT() REPRESENTATION_CONTEXT('2D SPACE',''
  ) );
#14882 = PCURVE('',#14883,#14891);
#14883 = SURFACE_OF_LINEAR_EXTRUSION('',#14884,#14889);
#14884 = CIRCLE('',#14885,0.75);
#14885 = AXIS2_PLACEMENT_3D('',#14886,#14887,#14888);
#14886 = CARTESIAN_POINT('',(-21.19774540445,-28.78746410797,65.));
#14887 = DIRECTION('',(-6.886751593559E-02,-0.997625814245,
    3.822915092022E-18));
#14888 = DIRECTION('',(0.997625814245,-6.886751593559E-02,
    1.56540433772E-32));
#14889 = VECTOR('',#14890,1.);
#14890 = DIRECTION('',(-0.76249737766,0.646991305245,0.));
#14891 = DEFINITIONAL_REPRESENTATION('',(#14892),#14895);
#14892 = B_SPLINE_CURVE_WITH_KNOTS('',1,(#14893,#14894),.UNSPECIFIED.,
  .F.,.F.,(2,2),(0.,6.28318530718),.PIECEWISE_BEZIER_KNOTS.);
#14893 = CARTESIAN_POINT('',(0.,0.));
#14894 = CARTESIAN_POINT('',(6.28318530718,0.));
#14895 = ( GEOMETRIC_REPRESENTATION_CONTEXT(2) 
PARAMETRIC_REPRESENTATION_CONTEXT() REPRESENTATION_CONTEXT('2D SPACE',''
  ) );
#14896 = ORIENTED_EDGE('',*,*,#14846,.F.);
#14897 = ORIENTED_EDGE('',*,*,#14812,.T.);
#14898 = ADVANCED_FACE('',(#14899),#14883,.T.);
#14899 = FACE_BOUND('',#14900,.T.);
#14900 = EDGE_LOOP('',(#14901,#14923,#14952,#14953));
#14901 = ORIENTED_EDGE('',*,*,#14902,.T.);
#14902 = EDGE_CURVE('',#14847,#14903,#14905,.T.);
#14903 = VERTEX_POINT('',#14904);
#14904 = CARTESIAN_POINT('',(-24.20408401571,-25.65331183719,65.));
#14905 = SEAM_CURVE('',#14906,(#14910,#14916),.PCURVE_S1.);
#14906 = LINE('',#14907,#14908);
#14907 = CARTESIAN_POINT('',(-20.44952604377,-28.83911474492,65.));
#14908 = VECTOR('',#14909,1.);
#14909 = DIRECTION('',(-0.76249737766,0.646991305245,0.));
#14910 = PCURVE('',#14883,#14911);
#14911 = DEFINITIONAL_REPRESENTATION('',(#14912),#14915);
#14912 = B_SPLINE_CURVE_WITH_KNOTS('',1,(#14913,#14914),.UNSPECIFIED.,
  .F.,.F.,(2,2),(0.,4.924027389395),.PIECEWISE_BEZIER_KNOTS.);
#14913 = CARTESIAN_POINT('',(6.28318530718,0.));
#14914 = CARTESIAN_POINT('',(6.28318530718,4.924027389395));
#14915 = ( GEOMETRIC_REPRESENTATION_CONTEXT(2) 
PARAMETRIC_REPRESENTATION_CONTEXT() REPRESENTATION_CONTEXT('2D SPACE',''
  ) );
#14916 = PCURVE('',#14883,#14917);
#14917 = DEFINITIONAL_REPRESENTATION('',(#14918),#14922);
#14918 = LINE('',#14919,#14920);
#14919 = CARTESIAN_POINT('',(0.,0.));
#14920 = VECTOR('',#14921,1.);
#14921 = DIRECTION('',(0.,1.));
#14922 = ( GEOMETRIC_REPRESENTATION_CONTEXT(2) 
PARAMETRIC_REPRESENTATION_CONTEXT() REPRESENTATION_CONTEXT('2D SPACE',''
  ) );
#14923 = ORIENTED_EDGE('',*,*,#14924,.F.);
#14924 = EDGE_CURVE('',#14903,#14903,#14925,.T.);
#14925 = SURFACE_CURVE('',#14926,(#14931,#14938),.PCURVE_S1.);
#14926 = CIRCLE('',#14927,0.75);
#14927 = AXIS2_PLACEMENT_3D('',#14928,#14929,#14930);
#14928 = CARTESIAN_POINT('',(-24.95230337639,-25.60166120024,65.));
#14929 = DIRECTION('',(-6.886751593559E-02,-0.997625814245,
    3.822915092022E-18));
#14930 = DIRECTION('',(0.997625814245,-6.886751593559E-02,
    1.56540433772E-32));
#14931 = PCURVE('',#14883,#14932);
#14932 = DEFINITIONAL_REPRESENTATION('',(#14933),#14937);
#14933 = LINE('',#14934,#14935);
#14934 = CARTESIAN_POINT('',(0.,4.924027389395));
#14935 = VECTOR('',#14936,1.);
#14936 = DIRECTION('',(1.,0.));
#14937 = ( GEOMETRIC_REPRESENTATION_CONTEXT(2) 
PARAMETRIC_REPRESENTATION_CONTEXT() REPRESENTATION_CONTEXT('2D SPACE',''
  ) );
#14938 = PCURVE('',#14939,#14947);
#14939 = SURFACE_OF_LINEAR_EXTRUSION('',#14940,#14945);
#14940 = CIRCLE('',#14941,0.75);
#14941 = AXIS2_PLACEMENT_3D('',#14942,#14943,#14944);
#14942 = CARTESIAN_POINT('',(-24.95230337639,-25.60166120024,65.));
#14943 = DIRECTION('',(-6.886751593559E-02,-0.997625814245,
    3.822915092022E-18));
#14944 = DIRECTION('',(0.997625814245,-6.886751593559E-02,
    1.651865422023E-32));
#14945 = VECTOR('',#14946,1.);
#14946 = DIRECTION('',(-0.666362935679,0.745627546402,0.));
#14947 = DEFINITIONAL_REPRESENTATION('',(#14948),#14951);
#14948 = B_SPLINE_CURVE_WITH_KNOTS('',1,(#14949,#14950),.UNSPECIFIED.,
  .F.,.F.,(2,2),(0.,6.28318530718),.PIECEWISE_BEZIER_KNOTS.);
#14949 = CARTESIAN_POINT('',(0.,0.));
#14950 = CARTESIAN_POINT('',(6.28318530718,0.));
#14951 = ( GEOMETRIC_REPRESENTATION_CONTEXT(2) 
PARAMETRIC_REPRESENTATION_CONTEXT() REPRESENTATION_CONTEXT('2D SPACE',''
  ) );
#14952 = ORIENTED_EDGE('',*,*,#14902,.F.);
#14953 = ORIENTED_EDGE('',*,*,#14868,.T.);
#14954 = ADVANCED_FACE('',(#14955),#14939,.T.);
#14955 = FACE_BOUND('',#14956,.T.);
#14956 = EDGE_LOOP('',(#14957,#14979,#15008,#15009));
#14957 = ORIENTED_EDGE('',*,*,#14958,.T.);
#14958 = EDGE_CURVE('',#14903,#14959,#14961,.T.);
#14959 = VERTEX_POINT('',#14960);
#14960 = CARTESIAN_POINT('',(-27.48527336227,-21.98182137642,65.));
#14961 = SEAM_CURVE('',#14962,(#14966,#14972),.PCURVE_S1.);
#14962 = LINE('',#14963,#14964);
#14963 = CARTESIAN_POINT('',(-24.20408401571,-25.65331183719,65.));
#14964 = VECTOR('',#14965,1.);
#14965 = DIRECTION('',(-0.666362935679,0.745627546402,0.));
#14966 = PCURVE('',#14939,#14967);
#14967 = DEFINITIONAL_REPRESENTATION('',(#14968),#14971);
#14968 = B_SPLINE_CURVE_WITH_KNOTS('',1,(#14969,#14970),.UNSPECIFIED.,
  .F.,.F.,(2,2),(0.,4.924027389395),.PIECEWISE_BEZIER_KNOTS.);
#14969 = CARTESIAN_POINT('',(6.28318530718,0.));
#14970 = CARTESIAN_POINT('',(6.28318530718,4.924027389395));
#14971 = ( GEOMETRIC_REPRESENTATION_CONTEXT(2) 
PARAMETRIC_REPRESENTATION_CONTEXT() REPRESENTATION_CONTEXT('2D SPACE',''
  ) );
#14972 = PCURVE('',#14939,#14973);
#14973 = DEFINITIONAL_REPRESENTATION('',(#14974),#14978);
#14974 = LINE('',#14975,#14976);
#14975 = CARTESIAN_POINT('',(0.,0.));
#14976 = VECTOR('',#14977,1.);
#14977 = DIRECTION('',(0.,1.));
#14978 = ( GEOMETRIC_REPRESENTATION_CONTEXT(2) 
PARAMETRIC_REPRESENTATION_CONTEXT() REPRESENTATION_CONTEXT('2D SPACE',''
  ) );
#14979 = ORIENTED_EDGE('',*,*,#14980,.F.);
#14980 = EDGE_CURVE('',#14959,#14959,#14981,.T.);
#14981 = SURFACE_CURVE('',#14982,(#14987,#14994),.PCURVE_S1.);
#14982 = CIRCLE('',#14983,0.75);
#14983 = AXIS2_PLACEMENT_3D('',#14984,#14985,#14986);
#14984 = CARTESIAN_POINT('',(-28.23349272295,-21.93017073947,65.));
#14985 = DIRECTION('',(-6.886751593559E-02,-0.997625814245,
    3.822915092022E-18));
#14986 = DIRECTION('',(0.997625814245,-6.886751593559E-02,
    1.651865422023E-32));
#14987 = PCURVE('',#14939,#14988);
#14988 = DEFINITIONAL_REPRESENTATION('',(#14989),#14993);
#14989 = LINE('',#14990,#14991);
#14990 = CARTESIAN_POINT('',(0.,4.924027389395));
#14991 = VECTOR('',#14992,1.);
#14992 = DIRECTION('',(1.,0.));
#14993 = ( GEOMETRIC_REPRESENTATION_CONTEXT(2) 
PARAMETRIC_REPRESENTATION_CONTEXT() REPRESENTATION_CONTEXT('2D SPACE',''
  ) );
#14994 = PCURVE('',#14995,#15003);
#14995 = SURFACE_OF_LINEAR_EXTRUSION('',#14996,#15001);
#14996 = CIRCLE('',#14997,0.75);
#14997 = AXIS2_PLACEMENT_3D('',#14998,#14999,#15000);
#14998 = CARTESIAN_POINT('',(-28.23349272295,-21.93017073947,65.));
#14999 = DIRECTION('',(-6.886751593559E-02,-0.997625814245,
    3.822915092022E-18));
#15000 = DIRECTION('',(0.997625814245,-6.886751593559E-02,
    1.719112932036E-32));
#15001 = VECTOR('',#15002,1.);
#15002 = DIRECTION('',(-0.557586963091,0.830118532856,0.));
#15003 = DEFINITIONAL_REPRESENTATION('',(#15004),#15007);
#15004 = B_SPLINE_CURVE_WITH_KNOTS('',1,(#15005,#15006),.UNSPECIFIED.,
  .F.,.F.,(2,2),(0.,6.28318530718),.PIECEWISE_BEZIER_KNOTS.);
#15005 = CARTESIAN_POINT('',(0.,0.));
#15006 = CARTESIAN_POINT('',(6.28318530718,0.));
#15007 = ( GEOMETRIC_REPRESENTATION_CONTEXT(2) 
PARAMETRIC_REPRESENTATION_CONTEXT() REPRESENTATION_CONTEXT('2D SPACE',''
  ) );
#15008 = ORIENTED_EDGE('',*,*,#14958,.F.);
#15009 = ORIENTED_EDGE('',*,*,#14924,.T.);
#15010 = ADVANCED_FACE('',(#15011),#14995,.T.);
#15011 = FACE_BOUND('',#15012,.T.);
#15012 = EDGE_LOOP('',(#15013,#15035,#15064,#15065));
#15013 = ORIENTED_EDGE('',*,*,#15014,.T.);
#15014 = EDGE_CURVE('',#14959,#15015,#15017,.T.);
#15015 = VERTEX_POINT('',#15016);
#15016 = CARTESIAN_POINT('',(-30.2308468405,-17.8942949842,65.));
#15017 = SEAM_CURVE('',#15018,(#15022,#15028),.PCURVE_S1.);
#15018 = LINE('',#15019,#15020);
#15019 = CARTESIAN_POINT('',(-27.48527336227,-21.98182137642,65.));
#15020 = VECTOR('',#15021,1.);
#15021 = DIRECTION('',(-0.557586963091,0.830118532856,0.));
#15022 = PCURVE('',#14995,#15023);
#15023 = DEFINITIONAL_REPRESENTATION('',(#15024),#15027);
#15024 = B_SPLINE_CURVE_WITH_KNOTS('',1,(#15025,#15026),.UNSPECIFIED.,
  .F.,.F.,(2,2),(0.,4.924027389395),.PIECEWISE_BEZIER_KNOTS.);
#15025 = CARTESIAN_POINT('',(6.28318530718,0.));
#15026 = CARTESIAN_POINT('',(6.28318530718,4.924027389395));
#15027 = ( GEOMETRIC_REPRESENTATION_CONTEXT(2) 
PARAMETRIC_REPRESENTATION_CONTEXT() REPRESENTATION_CONTEXT('2D SPACE',''
  ) );
#15028 = PCURVE('',#14995,#15029);
#15029 = DEFINITIONAL_REPRESENTATION('',(#15030),#15034);
#15030 = LINE('',#15031,#15032);
#15031 = CARTESIAN_POINT('',(0.,0.));
#15032 = VECTOR('',#15033,1.);
#15033 = DIRECTION('',(0.,1.));
#15034 = ( GEOMETRIC_REPRESENTATION_CONTEXT(2) 
PARAMETRIC_REPRESENTATION_CONTEXT() REPRESENTATION_CONTEXT('2D SPACE',''
  ) );
#15035 = ORIENTED_EDGE('',*,*,#15036,.F.);
#15036 = EDGE_CURVE('',#15015,#15015,#15037,.T.);
#15037 = SURFACE_CURVE('',#15038,(#15043,#15050),.PCURVE_S1.);
#15038 = CIRCLE('',#15039,0.75);
#15039 = AXIS2_PLACEMENT_3D('',#15040,#15041,#15042);
#15040 = CARTESIAN_POINT('',(-30.97906620118,-17.84264434725,65.));
#15041 = DIRECTION('',(-6.886751593559E-02,-0.997625814245,
    3.822915092022E-18));
#15042 = DIRECTION('',(0.997625814245,-6.886751593559E-02,
    1.719112932036E-32));
#15043 = PCURVE('',#14995,#15044);
#15044 = DEFINITIONAL_REPRESENTATION('',(#15045),#15049);
#15045 = LINE('',#15046,#15047);
#15046 = CARTESIAN_POINT('',(0.,4.924027389395));
#15047 = VECTOR('',#15048,1.);
#15048 = DIRECTION('',(1.,0.));
#15049 = ( GEOMETRIC_REPRESENTATION_CONTEXT(2) 
PARAMETRIC_REPRESENTATION_CONTEXT() REPRESENTATION_CONTEXT('2D SPACE',''
  ) );
#15050 = PCURVE('',#15051,#15059);
#15051 = SURFACE_OF_LINEAR_EXTRUSION('',#15052,#15057);
#15052 = CIRCLE('',#15053,0.75);
#15053 = AXIS2_PLACEMENT_3D('',#15054,#15055,#15056);
#15054 = CARTESIAN_POINT('',(-30.97906620118,-17.84264434725,65.));
#15055 = DIRECTION('',(-6.886751593559E-02,-0.997625814245,
    -5.155644235476E-17));
#15056 = DIRECTION('',(0.997625814245,-6.886751593559E-02,
    2.775557561563E-17));
#15057 = VECTOR('',#15058,1.);
#15058 = DIRECTION('',(-0.246218572185,0.505019811419,0.827243256114));
#15059 = DEFINITIONAL_REPRESENTATION('',(#15060),#15063);
#15060 = B_SPLINE_CURVE_WITH_KNOTS('',1,(#15061,#15062),.UNSPECIFIED.,
  .F.,.F.,(2,2),(0.,6.28318530718),.PIECEWISE_BEZIER_KNOTS.);
#15061 = CARTESIAN_POINT('',(0.,0.));
#15062 = CARTESIAN_POINT('',(6.28318530718,0.));
#15063 = ( GEOMETRIC_REPRESENTATION_CONTEXT(2) 
PARAMETRIC_REPRESENTATION_CONTEXT() REPRESENTATION_CONTEXT('2D SPACE',''
  ) );
#15064 = ORIENTED_EDGE('',*,*,#15014,.F.);
#15065 = ORIENTED_EDGE('',*,*,#14980,.T.);
#15066 = ADVANCED_FACE('',(#15067),#15051,.T.);
#15067 = FACE_BOUND('',#15068,.T.);
#15068 = EDGE_LOOP('',(#15069,#15091,#15120,#15121));
#15069 = ORIENTED_EDGE('',*,*,#15070,.T.);
#15070 = EDGE_CURVE('',#15015,#15071,#15073,.T.);
#15071 = VERTEX_POINT('',#15072);
#15072 = CARTESIAN_POINT('',(-32.38871834341,-13.46827687438,72.25));
#15073 = SEAM_CURVE('',#15074,(#15078,#15084),.PCURVE_S1.);
#15074 = LINE('',#15075,#15076);
#15075 = CARTESIAN_POINT('',(-30.2308468405,-17.8942949842,65.));
#15076 = VECTOR('',#15077,1.);
#15077 = DIRECTION('',(-0.246218572185,0.505019811419,0.827243256114));
#15078 = PCURVE('',#15051,#15079);
#15079 = DEFINITIONAL_REPRESENTATION('',(#15080),#15083);
#15080 = B_SPLINE_CURVE_WITH_KNOTS('',1,(#15081,#15082),.UNSPECIFIED.,
  .F.,.F.,(2,2),(0.,8.764048478387),.PIECEWISE_BEZIER_KNOTS.);
#15081 = CARTESIAN_POINT('',(6.28318530718,0.));
#15082 = CARTESIAN_POINT('',(6.28318530718,8.764048478387));
#15083 = ( GEOMETRIC_REPRESENTATION_CONTEXT(2) 
PARAMETRIC_REPRESENTATION_CONTEXT() REPRESENTATION_CONTEXT('2D SPACE',''
  ) );
#15084 = PCURVE('',#15051,#15085);
#15085 = DEFINITIONAL_REPRESENTATION('',(#15086),#15090);
#15086 = LINE('',#15087,#15088);
#15087 = CARTESIAN_POINT('',(0.,0.));
#15088 = VECTOR('',#15089,1.);
#15089 = DIRECTION('',(0.,1.));
#15090 = ( GEOMETRIC_REPRESENTATION_CONTEXT(2) 
PARAMETRIC_REPRESENTATION_CONTEXT() REPRESENTATION_CONTEXT('2D SPACE',''
  ) );
#15091 = ORIENTED_EDGE('',*,*,#15092,.F.);
#15092 = EDGE_CURVE('',#15071,#15071,#15093,.T.);
#15093 = SURFACE_CURVE('',#15094,(#15099,#15106),.PCURVE_S1.);
#15094 = CIRCLE('',#15095,0.75);
#15095 = AXIS2_PLACEMENT_3D('',#15096,#15097,#15098);
#15096 = CARTESIAN_POINT('',(-33.13693770409,-13.41662623743,72.25));
#15097 = DIRECTION('',(-6.886751593559E-02,-0.997625814245,
    -5.155644235476E-17));
#15098 = DIRECTION('',(0.997625814245,-6.886751593559E-02,
    2.775557561563E-17));
#15099 = PCURVE('',#15051,#15100);
#15100 = DEFINITIONAL_REPRESENTATION('',(#15101),#15105);
#15101 = LINE('',#15102,#15103);
#15102 = CARTESIAN_POINT('',(0.,8.764048478387));
#15103 = VECTOR('',#15104,1.);
#15104 = DIRECTION('',(1.,0.));
#15105 = ( GEOMETRIC_REPRESENTATION_CONTEXT(2) 
PARAMETRIC_REPRESENTATION_CONTEXT() REPRESENTATION_CONTEXT('2D SPACE',''
  ) );
#15106 = PCURVE('',#15107,#15115);
#15107 = SURFACE_OF_LINEAR_EXTRUSION('',#15108,#15113);
#15108 = CIRCLE('',#15109,0.75);
#15109 = AXIS2_PLACEMENT_3D('',#15110,#15111,#15112);
#15110 = CARTESIAN_POINT('',(-33.13693770409,-13.41662623743,72.25));
#15111 = DIRECTION('',(-6.886751593559E-02,-0.997625814245,
    -5.155644235476E-17));
#15112 = DIRECTION('',(0.997625814245,-6.886751593559E-02,
    2.775557561563E-17));
#15113 = VECTOR('',#15114,1.);
#15114 = DIRECTION('',(-0.310565429067,0.950552005031,0.));
#15115 = DEFINITIONAL_REPRESENTATION('',(#15116),#15119);
#15116 = B_SPLINE_CURVE_WITH_KNOTS('',1,(#15117,#15118),.UNSPECIFIED.,
  .F.,.F.,(2,2),(0.,6.28318530718),.PIECEWISE_BEZIER_KNOTS.);
#15117 = CARTESIAN_POINT('',(0.,0.));
#15118 = CARTESIAN_POINT('',(6.28318530718,0.));
#15119 = ( GEOMETRIC_REPRESENTATION_CONTEXT(2) 
PARAMETRIC_REPRESENTATION_CONTEXT() REPRESENTATION_CONTEXT('2D SPACE',''
  ) );
#15120 = ORIENTED_EDGE('',*,*,#15070,.F.);
#15121 = ORIENTED_EDGE('',*,*,#15036,.T.);
#15122 = ADVANCED_FACE('',(#15123),#15107,.T.);
#15123 = FACE_BOUND('',#15124,.T.);
#15124 = EDGE_LOOP('',(#15125,#15147,#15176,#15177));
#15125 = ORIENTED_EDGE('',*,*,#15126,.T.);
#15126 = EDGE_CURVE('',#15071,#15127,#15129,.T.);
#15127 = VERTEX_POINT('',#15128);
#15128 = CARTESIAN_POINT('',(-33.91795102233,-8.787732766566,72.25));
#15129 = SEAM_CURVE('',#15130,(#15134,#15140),.PCURVE_S1.);
#15130 = LINE('',#15131,#15132);
#15131 = CARTESIAN_POINT('',(-32.38871834341,-13.46827687438,72.25));
#15132 = VECTOR('',#15133,1.);
#15133 = DIRECTION('',(-0.310565429067,0.950552005031,0.));
#15134 = PCURVE('',#15107,#15135);
#15135 = DEFINITIONAL_REPRESENTATION('',(#15136),#15139);
#15136 = B_SPLINE_CURVE_WITH_KNOTS('',1,(#15137,#15138),.UNSPECIFIED.,
  .F.,.F.,(2,2),(0.,4.924027389395),.PIECEWISE_BEZIER_KNOTS.);
#15137 = CARTESIAN_POINT('',(6.28318530718,0.));
#15138 = CARTESIAN_POINT('',(6.28318530718,4.924027389395));
#15139 = ( GEOMETRIC_REPRESENTATION_CONTEXT(2) 
PARAMETRIC_REPRESENTATION_CONTEXT() REPRESENTATION_CONTEXT('2D SPACE',''
  ) );
#15140 = PCURVE('',#15107,#15141);
#15141 = DEFINITIONAL_REPRESENTATION('',(#15142),#15146);
#15142 = LINE('',#15143,#15144);
#15143 = CARTESIAN_POINT('',(0.,0.));
#15144 = VECTOR('',#15145,1.);
#15145 = DIRECTION('',(0.,1.));
#15146 = ( GEOMETRIC_REPRESENTATION_CONTEXT(2) 
PARAMETRIC_REPRESENTATION_CONTEXT() REPRESENTATION_CONTEXT('2D SPACE',''
  ) );
#15147 = ORIENTED_EDGE('',*,*,#15148,.F.);
#15148 = EDGE_CURVE('',#15127,#15127,#15149,.T.);
#15149 = SURFACE_CURVE('',#15150,(#15155,#15162),.PCURVE_S1.);
#15150 = CIRCLE('',#15151,0.75);
#15151 = AXIS2_PLACEMENT_3D('',#15152,#15153,#15154);
#15152 = CARTESIAN_POINT('',(-34.66617038302,-8.736082129614,72.25));
#15153 = DIRECTION('',(-6.886751593559E-02,-0.997625814245,
    -5.155644235476E-17));
#15154 = DIRECTION('',(0.997625814245,-6.886751593559E-02,
    2.775557561563E-17));
#15155 = PCURVE('',#15107,#15156);
#15156 = DEFINITIONAL_REPRESENTATION('',(#15157),#15161);
#15157 = LINE('',#15158,#15159);
#15158 = CARTESIAN_POINT('',(0.,4.924027389395));
#15159 = VECTOR('',#15160,1.);
#15160 = DIRECTION('',(1.,0.));
#15161 = ( GEOMETRIC_REPRESENTATION_CONTEXT(2) 
PARAMETRIC_REPRESENTATION_CONTEXT() REPRESENTATION_CONTEXT('2D SPACE',''
  ) );
#15162 = PCURVE('',#15163,#15171);
#15163 = SURFACE_OF_LINEAR_EXTRUSION('',#15164,#15169);
#15164 = CIRCLE('',#15165,0.75);
#15165 = AXIS2_PLACEMENT_3D('',#15166,#15167,#15168);
#15166 = CARTESIAN_POINT('',(-34.66617038302,-8.736082129614,72.25));
#15167 = DIRECTION('',(-6.886751593559E-02,-0.997625814245,
    -5.155644235476E-17));
#15168 = DIRECTION('',(0.997625814245,-6.886751593559E-02,
    2.775557561563E-17));
#15169 = VECTOR('',#15170,1.);
#15170 = DIRECTION('',(-0.177006098087,0.984209754697,0.));
#15171 = DEFINITIONAL_REPRESENTATION('',(#15172),#15175);
#15172 = B_SPLINE_CURVE_WITH_KNOTS('',1,(#15173,#15174),.UNSPECIFIED.,
  .F.,.F.,(2,2),(0.,6.28318530718),.PIECEWISE_BEZIER_KNOTS.);
#15173 = CARTESIAN_POINT('',(0.,0.));
#15174 = CARTESIAN_POINT('',(6.28318530718,0.));
#15175 = ( GEOMETRIC_REPRESENTATION_CONTEXT(2) 
PARAMETRIC_REPRESENTATION_CONTEXT() REPRESENTATION_CONTEXT('2D SPACE',''
  ) );
#15176 = ORIENTED_EDGE('',*,*,#15126,.F.);
#15177 = ORIENTED_EDGE('',*,*,#15092,.T.);
#15178 = ADVANCED_FACE('',(#15179),#15163,.T.);
#15179 = FACE_BOUND('',#15180,.T.);
#15180 = EDGE_LOOP('',(#15181,#15203,#15232,#15233));
#15181 = ORIENTED_EDGE('',*,*,#15182,.T.);
#15182 = EDGE_CURVE('',#15127,#15183,#15185,.T.);
#15183 = VERTEX_POINT('',#15184);
#15184 = CARTESIAN_POINT('',(-34.7895338974,-3.94145697753,72.25));
#15185 = SEAM_CURVE('',#15186,(#15190,#15196),.PCURVE_S1.);
#15186 = LINE('',#15187,#15188);
#15187 = CARTESIAN_POINT('',(-33.91795102233,-8.787732766566,72.25));
#15188 = VECTOR('',#15189,1.);
#15189 = DIRECTION('',(-0.177006098087,0.984209754697,0.));
#15190 = PCURVE('',#15163,#15191);
#15191 = DEFINITIONAL_REPRESENTATION('',(#15192),#15195);
#15192 = B_SPLINE_CURVE_WITH_KNOTS('',1,(#15193,#15194),.UNSPECIFIED.,
  .F.,.F.,(2,2),(0.,4.924027389395),.PIECEWISE_BEZIER_KNOTS.);
#15193 = CARTESIAN_POINT('',(6.28318530718,0.));
#15194 = CARTESIAN_POINT('',(6.28318530718,4.924027389395));
#15195 = ( GEOMETRIC_REPRESENTATION_CONTEXT(2) 
PARAMETRIC_REPRESENTATION_CONTEXT() REPRESENTATION_CONTEXT('2D SPACE',''
  ) );
#15196 = PCURVE('',#15163,#15197);
#15197 = DEFINITIONAL_REPRESENTATION('',(#15198),#15202);
#15198 = LINE('',#15199,#15200);
#15199 = CARTESIAN_POINT('',(0.,0.));
#15200 = VECTOR('',#15201,1.);
#15201 = DIRECTION('',(0.,1.));
#15202 = ( GEOMETRIC_REPRESENTATION_CONTEXT(2) 
PARAMETRIC_REPRESENTATION_CONTEXT() REPRESENTATION_CONTEXT('2D SPACE',''
  ) );
#15203 = ORIENTED_EDGE('',*,*,#15204,.F.);
#15204 = EDGE_CURVE('',#15183,#15183,#15205,.T.);
#15205 = SURFACE_CURVE('',#15206,(#15211,#15218),.PCURVE_S1.);
#15206 = CIRCLE('',#15207,0.75);
#15207 = AXIS2_PLACEMENT_3D('',#15208,#15209,#15210);
#15208 = CARTESIAN_POINT('',(-35.53775325808,-3.889806340578,72.25));
#15209 = DIRECTION('',(-6.886751593559E-02,-0.997625814245,
    -5.155644235476E-17));
#15210 = DIRECTION('',(0.997625814245,-6.886751593559E-02,
    2.775557561563E-17));
#15211 = PCURVE('',#15163,#15212);
#15212 = DEFINITIONAL_REPRESENTATION('',(#15213),#15217);
#15213 = LINE('',#15214,#15215);
#15214 = CARTESIAN_POINT('',(0.,4.924027389395));
#15215 = VECTOR('',#15216,1.);
#15216 = DIRECTION('',(1.,0.));
#15217 = ( GEOMETRIC_REPRESENTATION_CONTEXT(2) 
PARAMETRIC_REPRESENTATION_CONTEXT() REPRESENTATION_CONTEXT('2D SPACE',''
  ) );
#15218 = PCURVE('',#15219,#15227);
#15219 = SURFACE_OF_LINEAR_EXTRUSION('',#15220,#15225);
#15220 = CIRCLE('',#15221,0.75);
#15221 = AXIS2_PLACEMENT_3D('',#15222,#15223,#15224);
#15222 = CARTESIAN_POINT('',(-35.53775325808,-3.889806340578,72.25));
#15223 = DIRECTION('',(-6.886751593559E-02,-0.997625814245,
    -5.155644235476E-17));
#15224 = DIRECTION('',(0.997625814245,-6.886751593559E-02,
    2.775557561563E-17));
#15225 = VECTOR('',#15226,1.);
#15226 = DIRECTION('',(-4.008879521565E-02,0.999196121138,0.));
#15227 = DEFINITIONAL_REPRESENTATION('',(#15228),#15231);
#15228 = B_SPLINE_CURVE_WITH_KNOTS('',1,(#15229,#15230),.UNSPECIFIED.,
  .F.,.F.,(2,2),(0.,6.28318530718),.PIECEWISE_BEZIER_KNOTS.);
#15229 = CARTESIAN_POINT('',(0.,0.));
#15230 = CARTESIAN_POINT('',(6.28318530718,0.));
#15231 = ( GEOMETRIC_REPRESENTATION_CONTEXT(2) 
PARAMETRIC_REPRESENTATION_CONTEXT() REPRESENTATION_CONTEXT('2D SPACE',''
  ) );
#15232 = ORIENTED_EDGE('',*,*,#15182,.F.);
#15233 = ORIENTED_EDGE('',*,*,#15148,.T.);
#15234 = ADVANCED_FACE('',(#15235),#15219,.T.);
#15235 = FACE_BOUND('',#15236,.T.);
#15236 = EDGE_LOOP('',(#15237,#15259,#15288,#15289));
#15237 = ORIENTED_EDGE('',*,*,#15238,.T.);
#15238 = EDGE_CURVE('',#15183,#15239,#15241,.T.);
#15239 = VERTEX_POINT('',#15240);
#15240 = CARTESIAN_POINT('',(-34.98693222305,0.978612090333,72.25));
#15241 = SEAM_CURVE('',#15242,(#15246,#15252),.PCURVE_S1.);
#15242 = LINE('',#15243,#15244);
#15243 = CARTESIAN_POINT('',(-34.7895338974,-3.94145697753,72.25));
#15244 = VECTOR('',#15245,1.);
#15245 = DIRECTION('',(-4.008879521565E-02,0.999196121138,0.));
#15246 = PCURVE('',#15219,#15247);
#15247 = DEFINITIONAL_REPRESENTATION('',(#15248),#15251);
#15248 = B_SPLINE_CURVE_WITH_KNOTS('',1,(#15249,#15250),.UNSPECIFIED.,
  .F.,.F.,(2,2),(0.,4.924027389395),.PIECEWISE_BEZIER_KNOTS.);
#15249 = CARTESIAN_POINT('',(6.28318530718,0.));
#15250 = CARTESIAN_POINT('',(6.28318530718,4.924027389395));
#15251 = ( GEOMETRIC_REPRESENTATION_CONTEXT(2) 
PARAMETRIC_REPRESENTATION_CONTEXT() REPRESENTATION_CONTEXT('2D SPACE',''
  ) );
#15252 = PCURVE('',#15219,#15253);
#15253 = DEFINITIONAL_REPRESENTATION('',(#15254),#15258);
#15254 = LINE('',#15255,#15256);
#15255 = CARTESIAN_POINT('',(0.,0.));
#15256 = VECTOR('',#15257,1.);
#15257 = DIRECTION('',(0.,1.));
#15258 = ( GEOMETRIC_REPRESENTATION_CONTEXT(2) 
PARAMETRIC_REPRESENTATION_CONTEXT() REPRESENTATION_CONTEXT('2D SPACE',''
  ) );
#15259 = ORIENTED_EDGE('',*,*,#15260,.F.);
#15260 = EDGE_CURVE('',#15239,#15239,#15261,.T.);
#15261 = SURFACE_CURVE('',#15262,(#15267,#15274),.PCURVE_S1.);
#15262 = CIRCLE('',#15263,0.75);
#15263 = AXIS2_PLACEMENT_3D('',#15264,#15265,#15266);
#15264 = CARTESIAN_POINT('',(-35.73515158373,1.030262727285,72.25));
#15265 = DIRECTION('',(-6.886751593559E-02,-0.997625814245,
    -5.155644235476E-17));
#15266 = DIRECTION('',(0.997625814245,-6.886751593559E-02,
    2.775557561563E-17));
#15267 = PCURVE('',#15219,#15268);
#15268 = DEFINITIONAL_REPRESENTATION('',(#15269),#15273);
#15269 = LINE('',#15270,#15271);
#15270 = CARTESIAN_POINT('',(0.,4.924027389395));
#15271 = VECTOR('',#15272,1.);
#15272 = DIRECTION('',(1.,0.));
#15273 = ( GEOMETRIC_REPRESENTATION_CONTEXT(2) 
PARAMETRIC_REPRESENTATION_CONTEXT() REPRESENTATION_CONTEXT('2D SPACE',''
  ) );
#15274 = PCURVE('',#15275,#15283);
#15275 = SURFACE_OF_LINEAR_EXTRUSION('',#15276,#15281);
#15276 = CIRCLE('',#15277,0.75);
#15277 = AXIS2_PLACEMENT_3D('',#15278,#15279,#15280);
#15278 = CARTESIAN_POINT('',(-35.73515158373,1.030262727285,72.25));
#15279 = DIRECTION('',(-6.886751593559E-02,-0.997625814245,
    3.822915092022E-18));
#15280 = DIRECTION('',(0.997625814245,-6.886751593559E-02,
    3.469446951954E-17));
#15281 = VECTOR('',#15282,1.);
#15282 = DIRECTION('',(5.482980343491E-02,0.559162130218,0.827243256114)
  );
#15283 = DEFINITIONAL_REPRESENTATION('',(#15284),#15287);
#15284 = B_SPLINE_CURVE_WITH_KNOTS('',1,(#15285,#15286),.UNSPECIFIED.,
  .F.,.F.,(2,2),(0.,6.28318530718),.PIECEWISE_BEZIER_KNOTS.);
#15285 = CARTESIAN_POINT('',(0.,0.));
#15286 = CARTESIAN_POINT('',(6.28318530718,0.));
#15287 = ( GEOMETRIC_REPRESENTATION_CONTEXT(2) 
PARAMETRIC_REPRESENTATION_CONTEXT() REPRESENTATION_CONTEXT('2D SPACE',''
  ) );
#15288 = ORIENTED_EDGE('',*,*,#15238,.F.);
#15289 = ORIENTED_EDGE('',*,*,#15204,.T.);
#15290 = ADVANCED_FACE('',(#15291),#15275,.T.);
#15291 = FACE_BOUND('',#15292,.T.);
#15292 = EDGE_LOOP('',(#15293,#15315,#15344,#15345));
#15293 = ORIENTED_EDGE('',*,*,#15294,.T.);
#15294 = EDGE_CURVE('',#15239,#15295,#15297,.T.);
#15295 = VERTEX_POINT('',#15296);
#15296 = CARTESIAN_POINT('',(-34.50640116769,5.879136106838,79.5));
#15297 = SEAM_CURVE('',#15298,(#15302,#15308),.PCURVE_S1.);
#15298 = LINE('',#15299,#15300);
#15299 = CARTESIAN_POINT('',(-34.98693222305,0.978612090333,72.25));
#15300 = VECTOR('',#15301,1.);
#15301 = DIRECTION('',(5.482980343491E-02,0.559162130218,0.827243256114)
  );
#15302 = PCURVE('',#15275,#15303);
#15303 = DEFINITIONAL_REPRESENTATION('',(#15304),#15307);
#15304 = B_SPLINE_CURVE_WITH_KNOTS('',1,(#15305,#15306),.UNSPECIFIED.,
  .F.,.F.,(2,2),(0.,8.764048478387),.PIECEWISE_BEZIER_KNOTS.);
#15305 = CARTESIAN_POINT('',(6.28318530718,0.));
#15306 = CARTESIAN_POINT('',(6.28318530718,8.764048478387));
#15307 = ( GEOMETRIC_REPRESENTATION_CONTEXT(2) 
PARAMETRIC_REPRESENTATION_CONTEXT() REPRESENTATION_CONTEXT('2D SPACE',''
  ) );
#15308 = PCURVE('',#15275,#15309);
#15309 = DEFINITIONAL_REPRESENTATION('',(#15310),#15314);
#15310 = LINE('',#15311,#15312);
#15311 = CARTESIAN_POINT('',(0.,0.));
#15312 = VECTOR('',#15313,1.);
#15313 = DIRECTION('',(0.,1.));
#15314 = ( GEOMETRIC_REPRESENTATION_CONTEXT(2) 
PARAMETRIC_REPRESENTATION_CONTEXT() REPRESENTATION_CONTEXT('2D SPACE',''
  ) );
#15315 = ORIENTED_EDGE('',*,*,#15316,.F.);
#15316 = EDGE_CURVE('',#15295,#15295,#15317,.T.);
#15317 = SURFACE_CURVE('',#15318,(#15323,#15330),.PCURVE_S1.);
#15318 = CIRCLE('',#15319,0.75);
#15319 = AXIS2_PLACEMENT_3D('',#15320,#15321,#15322);
#15320 = CARTESIAN_POINT('',(-35.25462052837,5.93078674379,79.5));
#15321 = DIRECTION('',(-6.886751593559E-02,-0.997625814245,
    3.822915092022E-18));
#15322 = DIRECTION('',(0.997625814245,-6.886751593559E-02,
    3.469446951954E-17));
#15323 = PCURVE('',#15275,#15324);
#15324 = DEFINITIONAL_REPRESENTATION('',(#15325),#15329);
#15325 = LINE('',#15326,#15327);
#15326 = CARTESIAN_POINT('',(0.,8.764048478387));
#15327 = VECTOR('',#15328,1.);
#15328 = DIRECTION('',(1.,0.));
#15329 = ( GEOMETRIC_REPRESENTATION_CONTEXT(2) 
PARAMETRIC_REPRESENTATION_CONTEXT() REPRESENTATION_CONTEXT('2D SPACE',''
  ) );
#15330 = PCURVE('',#15331,#15339);
#15331 = SURFACE_OF_LINEAR_EXTRUSION('',#15332,#15337);
#15332 = CIRCLE('',#15333,0.75);
#15333 = AXIS2_PLACEMENT_3D('',#15334,#15335,#15336);
#15334 = CARTESIAN_POINT('',(-35.25462052837,5.93078674379,79.5));
#15335 = DIRECTION('',(-6.886751593559E-02,-0.997625814245,
    3.822915092022E-18));
#15336 = DIRECTION('',(0.997625814245,-6.886751593559E-02,
    3.469446951954E-17));
#15337 = VECTOR('',#15338,1.);
#15338 = DIRECTION('',(0.233415499173,0.972377089789,0.));
#15339 = DEFINITIONAL_REPRESENTATION('',(#15340),#15343);
#15340 = B_SPLINE_CURVE_WITH_KNOTS('',1,(#15341,#15342),.UNSPECIFIED.,
  .F.,.F.,(2,2),(0.,6.28318530718),.PIECEWISE_BEZIER_KNOTS.);
#15341 = CARTESIAN_POINT('',(0.,0.));
#15342 = CARTESIAN_POINT('',(6.28318530718,0.));
#15343 = ( GEOMETRIC_REPRESENTATION_CONTEXT(2) 
PARAMETRIC_REPRESENTATION_CONTEXT() REPRESENTATION_CONTEXT('2D SPACE',''
  ) );
#15344 = ORIENTED_EDGE('',*,*,#15294,.F.);
#15345 = ORIENTED_EDGE('',*,*,#15260,.T.);
#15346 = ADVANCED_FACE('',(#15347),#15331,.T.);
#15347 = FACE_BOUND('',#15348,.T.);
#15348 = EDGE_LOOP('',(#15349,#15371,#15400,#15401));
#15349 = ORIENTED_EDGE('',*,*,#15350,.T.);
#15350 = EDGE_CURVE('',#15295,#15351,#15353,.T.);
#15351 = VERTEX_POINT('',#15352);
#15352 = CARTESIAN_POINT('',(-33.35705685665,10.667147529777,79.5));
#15353 = SEAM_CURVE('',#15354,(#15358,#15364),.PCURVE_S1.);
#15354 = LINE('',#15355,#15356);
#15355 = CARTESIAN_POINT('',(-34.50640116769,5.879136106838,79.5));
#15356 = VECTOR('',#15357,1.);
#15357 = DIRECTION('',(0.233415499173,0.972377089789,0.));
#15358 = PCURVE('',#15331,#15359);
#15359 = DEFINITIONAL_REPRESENTATION('',(#15360),#15363);
#15360 = B_SPLINE_CURVE_WITH_KNOTS('',1,(#15361,#15362),.UNSPECIFIED.,
  .F.,.F.,(2,2),(0.,4.924027389395),.PIECEWISE_BEZIER_KNOTS.);
#15361 = CARTESIAN_POINT('',(6.28318530718,0.));
#15362 = CARTESIAN_POINT('',(6.28318530718,4.924027389395));
#15363 = ( GEOMETRIC_REPRESENTATION_CONTEXT(2) 
PARAMETRIC_REPRESENTATION_CONTEXT() REPRESENTATION_CONTEXT('2D SPACE',''
  ) );
#15364 = PCURVE('',#15331,#15365);
#15365 = DEFINITIONAL_REPRESENTATION('',(#15366),#15370);
#15366 = LINE('',#15367,#15368);
#15367 = CARTESIAN_POINT('',(0.,0.));
#15368 = VECTOR('',#15369,1.);
#15369 = DIRECTION('',(0.,1.));
#15370 = ( GEOMETRIC_REPRESENTATION_CONTEXT(2) 
PARAMETRIC_REPRESENTATION_CONTEXT() REPRESENTATION_CONTEXT('2D SPACE',''
  ) );
#15371 = ORIENTED_EDGE('',*,*,#15372,.F.);
#15372 = EDGE_CURVE('',#15351,#15351,#15373,.T.);
#15373 = SURFACE_CURVE('',#15374,(#15379,#15386),.PCURVE_S1.);
#15374 = CIRCLE('',#15375,0.75);
#15375 = AXIS2_PLACEMENT_3D('',#15376,#15377,#15378);
#15376 = CARTESIAN_POINT('',(-34.10527621733,10.718798166729,79.5));
#15377 = DIRECTION('',(-6.886751593559E-02,-0.997625814245,
    3.822915092022E-18));
#15378 = DIRECTION('',(0.997625814245,-6.886751593559E-02,
    3.469446951954E-17));
#15379 = PCURVE('',#15331,#15380);
#15380 = DEFINITIONAL_REPRESENTATION('',(#15381),#15385);
#15381 = LINE('',#15382,#15383);
#15382 = CARTESIAN_POINT('',(0.,4.924027389395));
#15383 = VECTOR('',#15384,1.);
#15384 = DIRECTION('',(1.,0.));
#15385 = ( GEOMETRIC_REPRESENTATION_CONTEXT(2) 
PARAMETRIC_REPRESENTATION_CONTEXT() REPRESENTATION_CONTEXT('2D SPACE',''
  ) );
#15386 = PCURVE('',#15387,#15395);
#15387 = SURFACE_OF_LINEAR_EXTRUSION('',#15388,#15393);
#15388 = CIRCLE('',#15389,0.75);
#15389 = AXIS2_PLACEMENT_3D('',#15390,#15391,#15392);
#15390 = CARTESIAN_POINT('',(-34.10527621733,10.718798166729,79.5));
#15391 = DIRECTION('',(-6.886751593559E-02,-0.997625814245,
    3.822915092022E-18));
#15392 = DIRECTION('',(0.997625814245,-6.886751593559E-02,
    3.469446951954E-17));
#15393 = VECTOR('',#15394,1.);
#15394 = DIRECTION('',(0.364813857404,0.931080474205,0.));
#15395 = DEFINITIONAL_REPRESENTATION('',(#15396),#15399);
#15396 = B_SPLINE_CURVE_WITH_KNOTS('',1,(#15397,#15398),.UNSPECIFIED.,
  .F.,.F.,(2,2),(0.,6.28318530718),.PIECEWISE_BEZIER_KNOTS.);
#15397 = CARTESIAN_POINT('',(0.,0.));
#15398 = CARTESIAN_POINT('',(6.28318530718,0.));
#15399 = ( GEOMETRIC_REPRESENTATION_CONTEXT(2) 
PARAMETRIC_REPRESENTATION_CONTEXT() REPRESENTATION_CONTEXT('2D SPACE',''
  ) );
#15400 = ORIENTED_EDGE('',*,*,#15350,.F.);
#15401 = ORIENTED_EDGE('',*,*,#15316,.T.);
#15402 = ADVANCED_FACE('',(#15403),#15387,.T.);
#15403 = FACE_BOUND('',#15404,.T.);
#15404 = EDGE_LOOP('',(#15405,#15427,#15456,#15457));
#15405 = ORIENTED_EDGE('',*,*,#15406,.T.);
#15406 = EDGE_CURVE('',#15351,#15407,#15409,.T.);
#15407 = VERTEX_POINT('',#15408);
#15408 = CARTESIAN_POINT('',(-31.56070343076,15.251813286493,79.5));
#15409 = SEAM_CURVE('',#15410,(#15414,#15420),.PCURVE_S1.);
#15410 = LINE('',#15411,#15412);
#15411 = CARTESIAN_POINT('',(-33.35705685665,10.667147529777,79.5));
#15412 = VECTOR('',#15413,1.);
#15413 = DIRECTION('',(0.364813857404,0.931080474205,0.));
#15414 = PCURVE('',#15387,#15415);
#15415 = DEFINITIONAL_REPRESENTATION('',(#15416),#15419);
#15416 = B_SPLINE_CURVE_WITH_KNOTS('',1,(#15417,#15418),.UNSPECIFIED.,
  .F.,.F.,(2,2),(0.,4.924027389395),.PIECEWISE_BEZIER_KNOTS.);
#15417 = CARTESIAN_POINT('',(6.28318530718,0.));
#15418 = CARTESIAN_POINT('',(6.28318530718,4.924027389395));
#15419 = ( GEOMETRIC_REPRESENTATION_CONTEXT(2) 
PARAMETRIC_REPRESENTATION_CONTEXT() REPRESENTATION_CONTEXT('2D SPACE',''
  ) );
#15420 = PCURVE('',#15387,#15421);
#15421 = DEFINITIONAL_REPRESENTATION('',(#15422),#15426);
#15422 = LINE('',#15423,#15424);
#15423 = CARTESIAN_POINT('',(0.,0.));
#15424 = VECTOR('',#15425,1.);
#15425 = DIRECTION('',(0.,1.));
#15426 = ( GEOMETRIC_REPRESENTATION_CONTEXT(2) 
PARAMETRIC_REPRESENTATION_CONTEXT() REPRESENTATION_CONTEXT('2D SPACE',''
  ) );
#15427 = ORIENTED_EDGE('',*,*,#15428,.F.);
#15428 = EDGE_CURVE('',#15407,#15407,#15429,.T.);
#15429 = SURFACE_CURVE('',#15430,(#15435,#15442),.PCURVE_S1.);
#15430 = CIRCLE('',#15431,0.75);
#15431 = AXIS2_PLACEMENT_3D('',#15432,#15433,#15434);
#15432 = CARTESIAN_POINT('',(-32.30892279144,15.303463923445,79.5));
#15433 = DIRECTION('',(-6.886751593559E-02,-0.997625814245,
    3.822915092022E-18));
#15434 = DIRECTION('',(0.997625814245,-6.886751593559E-02,
    3.469446951954E-17));
#15435 = PCURVE('',#15387,#15436);
#15436 = DEFINITIONAL_REPRESENTATION('',(#15437),#15441);
#15437 = LINE('',#15438,#15439);
#15438 = CARTESIAN_POINT('',(0.,4.924027389395));
#15439 = VECTOR('',#15440,1.);
#15440 = DIRECTION('',(1.,0.));
#15441 = ( GEOMETRIC_REPRESENTATION_CONTEXT(2) 
PARAMETRIC_REPRESENTATION_CONTEXT() REPRESENTATION_CONTEXT('2D SPACE',''
  ) );
#15442 = PCURVE('',#15443,#15451);
#15443 = SURFACE_OF_LINEAR_EXTRUSION('',#15444,#15449);
#15444 = CIRCLE('',#15445,0.75);
#15445 = AXIS2_PLACEMENT_3D('',#15446,#15447,#15448);
#15446 = CARTESIAN_POINT('',(-32.30892279144,15.303463923445,79.5));
#15447 = DIRECTION('',(-6.886751593559E-02,-0.997625814245,
    3.822915092022E-18));
#15448 = DIRECTION('',(0.997625814245,-6.886751593559E-02,
    3.469446951954E-17));
#15449 = VECTOR('',#15450,1.);
#15450 = DIRECTION('',(0.489291354199,0.872120387737,0.));
#15451 = DEFINITIONAL_REPRESENTATION('',(#15452),#15455);
#15452 = B_SPLINE_CURVE_WITH_KNOTS('',1,(#15453,#15454),.UNSPECIFIED.,
  .F.,.F.,(2,2),(0.,6.28318530718),.PIECEWISE_BEZIER_KNOTS.);
#15453 = CARTESIAN_POINT('',(0.,0.));
#15454 = CARTESIAN_POINT('',(6.28318530718,0.));
#15455 = ( GEOMETRIC_REPRESENTATION_CONTEXT(2) 
PARAMETRIC_REPRESENTATION_CONTEXT() REPRESENTATION_CONTEXT('2D SPACE',''
  ) );
#15456 = ORIENTED_EDGE('',*,*,#15406,.F.);
#15457 = ORIENTED_EDGE('',*,*,#15372,.T.);
#15458 = ADVANCED_FACE('',(#15459),#15443,.T.);
#15459 = FACE_BOUND('',#15460,.T.);
#15460 = EDGE_LOOP('',(#15461,#15483,#15512,#15513));
#15461 = ORIENTED_EDGE('',*,*,#15462,.T.);
#15462 = EDGE_CURVE('',#15407,#15463,#15465,.T.);
#15463 = VERTEX_POINT('',#15464);
#15464 = CARTESIAN_POINT('',(-29.15141940129,19.54615796256,79.5));
#15465 = SEAM_CURVE('',#15466,(#15470,#15476),.PCURVE_S1.);
#15466 = LINE('',#15467,#15468);
#15467 = CARTESIAN_POINT('',(-31.56070343076,15.251813286493,79.5));
#15468 = VECTOR('',#15469,1.);
#15469 = DIRECTION('',(0.489291354199,0.872120387737,0.));
#15470 = PCURVE('',#15443,#15471);
#15471 = DEFINITIONAL_REPRESENTATION('',(#15472),#15475);
#15472 = B_SPLINE_CURVE_WITH_KNOTS('',1,(#15473,#15474),.UNSPECIFIED.,
  .F.,.F.,(2,2),(0.,4.924027389395),.PIECEWISE_BEZIER_KNOTS.);
#15473 = CARTESIAN_POINT('',(6.28318530718,0.));
#15474 = CARTESIAN_POINT('',(6.28318530718,4.924027389395));
#15475 = ( GEOMETRIC_REPRESENTATION_CONTEXT(2) 
PARAMETRIC_REPRESENTATION_CONTEXT() REPRESENTATION_CONTEXT('2D SPACE',''
  ) );
#15476 = PCURVE('',#15443,#15477);
#15477 = DEFINITIONAL_REPRESENTATION('',(#15478),#15482);
#15478 = LINE('',#15479,#15480);
#15479 = CARTESIAN_POINT('',(0.,0.));
#15480 = VECTOR('',#15481,1.);
#15481 = DIRECTION('',(0.,1.));
#15482 = ( GEOMETRIC_REPRESENTATION_CONTEXT(2) 
PARAMETRIC_REPRESENTATION_CONTEXT() REPRESENTATION_CONTEXT('2D SPACE',''
  ) );
#15483 = ORIENTED_EDGE('',*,*,#15484,.F.);
#15484 = EDGE_CURVE('',#15463,#15463,#15485,.T.);
#15485 = SURFACE_CURVE('',#15486,(#15491,#15498),.PCURVE_S1.);
#15486 = CIRCLE('',#15487,0.75);
#15487 = AXIS2_PLACEMENT_3D('',#15488,#15489,#15490);
#15488 = CARTESIAN_POINT('',(-29.89963876198,19.597808599511,79.5));
#15489 = DIRECTION('',(-6.886751593559E-02,-0.997625814245,
    3.822915092022E-18));
#15490 = DIRECTION('',(0.997625814245,-6.886751593559E-02,
    3.469446951954E-17));
#15491 = PCURVE('',#15443,#15492);
#15492 = DEFINITIONAL_REPRESENTATION('',(#15493),#15497);
#15493 = LINE('',#15494,#15495);
#15494 = CARTESIAN_POINT('',(0.,4.924027389395));
#15495 = VECTOR('',#15496,1.);
#15496 = DIRECTION('',(1.,0.));
#15497 = ( GEOMETRIC_REPRESENTATION_CONTEXT(2) 
PARAMETRIC_REPRESENTATION_CONTEXT() REPRESENTATION_CONTEXT('2D SPACE',''
  ) );
#15498 = PCURVE('',#15499,#15507);
#15499 = SURFACE_OF_LINEAR_EXTRUSION('',#15500,#15505);
#15500 = CIRCLE('',#15501,0.75);
#15501 = AXIS2_PLACEMENT_3D('',#15502,#15503,#15504);
#15502 = CARTESIAN_POINT('',(-29.89963876198,19.597808599511,79.5));
#15503 = DIRECTION('',(-6.886751593559E-02,-0.997625814245,
    1.184045450776E-16));
#15504 = DIRECTION('',(0.997625814245,-6.886751593559E-02,
    5.551115123126E-17));
#15505 = VECTOR('',#15506,1.);
#15506 = DIRECTION('',(0.339627086731,0.447573499185,0.827243256114));
#15507 = DEFINITIONAL_REPRESENTATION('',(#15508),#15511);
#15508 = B_SPLINE_CURVE_WITH_KNOTS('',1,(#15509,#15510),.UNSPECIFIED.,
  .F.,.F.,(2,2),(0.,6.28318530718),.PIECEWISE_BEZIER_KNOTS.);
#15509 = CARTESIAN_POINT('',(0.,0.));
#15510 = CARTESIAN_POINT('',(6.28318530718,0.));
#15511 = ( GEOMETRIC_REPRESENTATION_CONTEXT(2) 
PARAMETRIC_REPRESENTATION_CONTEXT() REPRESENTATION_CONTEXT('2D SPACE',''
  ) );
#15512 = ORIENTED_EDGE('',*,*,#15462,.F.);
#15513 = ORIENTED_EDGE('',*,*,#15428,.T.);
#15514 = ADVANCED_FACE('',(#15515),#15499,.T.);
#15515 = FACE_BOUND('',#15516,.T.);
#15516 = EDGE_LOOP('',(#15517,#15539,#15568,#15569));
#15517 = ORIENTED_EDGE('',*,*,#15518,.T.);
#15518 = EDGE_CURVE('',#15463,#15519,#15521,.T.);
#15519 = VERTEX_POINT('',#15520);
#15520 = CARTESIAN_POINT('',(-26.17491114861,23.468713807061,86.75));
#15521 = SEAM_CURVE('',#15522,(#15526,#15532),.PCURVE_S1.);
#15522 = LINE('',#15523,#15524);
#15523 = CARTESIAN_POINT('',(-29.15141940129,19.54615796256,79.5));
#15524 = VECTOR('',#15525,1.);
#15525 = DIRECTION('',(0.339627086731,0.447573499185,0.827243256114));
#15526 = PCURVE('',#15499,#15527);
#15527 = DEFINITIONAL_REPRESENTATION('',(#15528),#15531);
#15528 = B_SPLINE_CURVE_WITH_KNOTS('',1,(#15529,#15530),.UNSPECIFIED.,
  .F.,.F.,(2,2),(0.,8.764048478387),.PIECEWISE_BEZIER_KNOTS.);
#15529 = CARTESIAN_POINT('',(6.28318530718,0.));
#15530 = CARTESIAN_POINT('',(6.28318530718,8.764048478387));
#15531 = ( GEOMETRIC_REPRESENTATION_CONTEXT(2) 
PARAMETRIC_REPRESENTATION_CONTEXT() REPRESENTATION_CONTEXT('2D SPACE',''
  ) );
#15532 = PCURVE('',#15499,#15533);
#15533 = DEFINITIONAL_REPRESENTATION('',(#15534),#15538);
#15534 = LINE('',#15535,#15536);
#15535 = CARTESIAN_POINT('',(0.,0.));
#15536 = VECTOR('',#15537,1.);
#15537 = DIRECTION('',(0.,1.));
#15538 = ( GEOMETRIC_REPRESENTATION_CONTEXT(2) 
PARAMETRIC_REPRESENTATION_CONTEXT() REPRESENTATION_CONTEXT('2D SPACE',''
  ) );
#15539 = ORIENTED_EDGE('',*,*,#15540,.F.);
#15540 = EDGE_CURVE('',#15519,#15519,#15541,.T.);
#15541 = SURFACE_CURVE('',#15542,(#15547,#15554),.PCURVE_S1.);
#15542 = CIRCLE('',#15543,0.75);
#15543 = AXIS2_PLACEMENT_3D('',#15544,#15545,#15546);
#15544 = CARTESIAN_POINT('',(-26.9231305093,23.520364444013,86.75));
#15545 = DIRECTION('',(-6.886751593559E-02,-0.997625814245,
    1.184045450776E-16));
#15546 = DIRECTION('',(0.997625814245,-6.886751593559E-02,
    5.551115123126E-17));
#15547 = PCURVE('',#15499,#15548);
#15548 = DEFINITIONAL_REPRESENTATION('',(#15549),#15553);
#15549 = LINE('',#15550,#15551);
#15550 = CARTESIAN_POINT('',(0.,8.764048478387));
#15551 = VECTOR('',#15552,1.);
#15552 = DIRECTION('',(1.,0.));
#15553 = ( GEOMETRIC_REPRESENTATION_CONTEXT(2) 
PARAMETRIC_REPRESENTATION_CONTEXT() REPRESENTATION_CONTEXT('2D SPACE',''
  ) );
#15554 = PCURVE('',#15555,#15563);
#15555 = SURFACE_OF_LINEAR_EXTRUSION('',#15556,#15561);
#15556 = CIRCLE('',#15557,0.75);
#15557 = AXIS2_PLACEMENT_3D('',#15558,#15559,#15560);
#15558 = CARTESIAN_POINT('',(-26.9231305093,23.520364444013,86.75));
#15559 = DIRECTION('',(-6.886751593559E-02,-0.997625814245,
    1.184045450776E-16));
#15560 = DIRECTION('',(0.997625814245,-6.886751593559E-02,
    5.551115123126E-17));
#15561 = VECTOR('',#15562,1.);
#15562 = DIRECTION('',(0.70821403774,0.705997788062,0.));
#15563 = DEFINITIONAL_REPRESENTATION('',(#15564),#15567);
#15564 = B_SPLINE_CURVE_WITH_KNOTS('',1,(#15565,#15566),.UNSPECIFIED.,
  .F.,.F.,(2,2),(0.,6.28318530718),.PIECEWISE_BEZIER_KNOTS.);
#15565 = CARTESIAN_POINT('',(0.,0.));
#15566 = CARTESIAN_POINT('',(6.28318530718,0.));
#15567 = ( GEOMETRIC_REPRESENTATION_CONTEXT(2) 
PARAMETRIC_REPRESENTATION_CONTEXT() REPRESENTATION_CONTEXT('2D SPACE',''
  ) );
#15568 = ORIENTED_EDGE('',*,*,#15518,.F.);
#15569 = ORIENTED_EDGE('',*,*,#15484,.T.);
#15570 = ADVANCED_FACE('',(#15571),#15555,.T.);
#15571 = FACE_BOUND('',#15572,.T.);
#15572 = EDGE_LOOP('',(#15573,#15595,#15624,#15625));
#15573 = ORIENTED_EDGE('',*,*,#15574,.T.);
#15574 = EDGE_CURVE('',#15519,#15575,#15577,.T.);
#15575 = VERTEX_POINT('',#15576);
#15576 = CARTESIAN_POINT('',(-22.68764582923,26.945066252331,86.75));
#15577 = SEAM_CURVE('',#15578,(#15582,#15588),.PCURVE_S1.);
#15578 = LINE('',#15579,#15580);
#15579 = CARTESIAN_POINT('',(-26.17491114861,23.468713807061,86.75));
#15580 = VECTOR('',#15581,1.);
#15581 = DIRECTION('',(0.70821403774,0.705997788062,0.));
#15582 = PCURVE('',#15555,#15583);
#15583 = DEFINITIONAL_REPRESENTATION('',(#15584),#15587);
#15584 = B_SPLINE_CURVE_WITH_KNOTS('',1,(#15585,#15586),.UNSPECIFIED.,
  .F.,.F.,(2,2),(0.,4.924027389395),.PIECEWISE_BEZIER_KNOTS.);
#15585 = CARTESIAN_POINT('',(6.28318530718,0.));
#15586 = CARTESIAN_POINT('',(6.28318530718,4.924027389395));
#15587 = ( GEOMETRIC_REPRESENTATION_CONTEXT(2) 
PARAMETRIC_REPRESENTATION_CONTEXT() REPRESENTATION_CONTEXT('2D SPACE',''
  ) );
#15588 = PCURVE('',#15555,#15589);
#15589 = DEFINITIONAL_REPRESENTATION('',(#15590),#15594);
#15590 = LINE('',#15591,#15592);
#15591 = CARTESIAN_POINT('',(0.,0.));
#15592 = VECTOR('',#15593,1.);
#15593 = DIRECTION('',(0.,1.));
#15594 = ( GEOMETRIC_REPRESENTATION_CONTEXT(2) 
PARAMETRIC_REPRESENTATION_CONTEXT() REPRESENTATION_CONTEXT('2D SPACE',''
  ) );
#15595 = ORIENTED_EDGE('',*,*,#15596,.F.);
#15596 = EDGE_CURVE('',#15575,#15575,#15597,.T.);
#15597 = SURFACE_CURVE('',#15598,(#15603,#15610),.PCURVE_S1.);
#15598 = CIRCLE('',#15599,0.75);
#15599 = AXIS2_PLACEMENT_3D('',#15600,#15601,#15602);
#15600 = CARTESIAN_POINT('',(-23.43586518991,26.996716889283,86.75));
#15601 = DIRECTION('',(-6.886751593559E-02,-0.997625814245,
    1.184045450776E-16));
#15602 = DIRECTION('',(0.997625814245,-6.886751593559E-02,
    5.551115123126E-17));
#15603 = PCURVE('',#15555,#15604);
#15604 = DEFINITIONAL_REPRESENTATION('',(#15605),#15609);
#15605 = LINE('',#15606,#15607);
#15606 = CARTESIAN_POINT('',(0.,4.924027389395));
#15607 = VECTOR('',#15608,1.);
#15608 = DIRECTION('',(1.,0.));
#15609 = ( GEOMETRIC_REPRESENTATION_CONTEXT(2) 
PARAMETRIC_REPRESENTATION_CONTEXT() REPRESENTATION_CONTEXT('2D SPACE',''
  ) );
#15610 = PCURVE('',#15611,#15619);
#15611 = SURFACE_OF_LINEAR_EXTRUSION('',#15612,#15617);
#15612 = CIRCLE('',#15613,0.75);
#15613 = AXIS2_PLACEMENT_3D('',#15614,#15615,#15616);
#15614 = CARTESIAN_POINT('',(-23.43586518991,26.996716889283,86.75));
#15615 = DIRECTION('',(-6.886751593559E-02,-0.997625814245,
    1.184045450776E-16));
#15616 = DIRECTION('',(0.997625814245,-6.886751593559E-02,
    5.551115123126E-17));
#15617 = VECTOR('',#15618,1.);
#15618 = DIRECTION('',(0.79850605561,0.601986776561,0.));
#15619 = DEFINITIONAL_REPRESENTATION('',(#15620),#15623);
#15620 = B_SPLINE_CURVE_WITH_KNOTS('',1,(#15621,#15622),.UNSPECIFIED.,
  .F.,.F.,(2,2),(0.,6.28318530718),.PIECEWISE_BEZIER_KNOTS.);
#15621 = CARTESIAN_POINT('',(0.,0.));
#15622 = CARTESIAN_POINT('',(6.28318530718,0.));
#15623 = ( GEOMETRIC_REPRESENTATION_CONTEXT(2) 
PARAMETRIC_REPRESENTATION_CONTEXT() REPRESENTATION_CONTEXT('2D SPACE',''
  ) );
#15624 = ORIENTED_EDGE('',*,*,#15574,.F.);
#15625 = ORIENTED_EDGE('',*,*,#15540,.T.);
#15626 = ADVANCED_FACE('',(#15627),#15611,.T.);
#15627 = FACE_BOUND('',#15628,.T.);
#15628 = EDGE_LOOP('',(#15629,#15651,#15680,#15681));
#15629 = ORIENTED_EDGE('',*,*,#15630,.T.);
#15630 = EDGE_CURVE('',#15575,#15631,#15633,.T.);
#15631 = VERTEX_POINT('',#15632);
#15632 = CARTESIAN_POINT('',(-18.75578014081,29.909265628171,86.75));
#15633 = SEAM_CURVE('',#15634,(#15638,#15644),.PCURVE_S1.);
#15634 = LINE('',#15635,#15636);
#15635 = CARTESIAN_POINT('',(-22.68764582923,26.945066252331,86.75));
#15636 = VECTOR('',#15637,1.);
#15637 = DIRECTION('',(0.79850605561,0.601986776561,0.));
#15638 = PCURVE('',#15611,#15639);
#15639 = DEFINITIONAL_REPRESENTATION('',(#15640),#15643);
#15640 = B_SPLINE_CURVE_WITH_KNOTS('',1,(#15641,#15642),.UNSPECIFIED.,
  .F.,.F.,(2,2),(0.,4.924027389395),.PIECEWISE_BEZIER_KNOTS.);
#15641 = CARTESIAN_POINT('',(6.28318530718,0.));
#15642 = CARTESIAN_POINT('',(6.28318530718,4.924027389395));
#15643 = ( GEOMETRIC_REPRESENTATION_CONTEXT(2) 
PARAMETRIC_REPRESENTATION_CONTEXT() REPRESENTATION_CONTEXT('2D SPACE',''
  ) );
#15644 = PCURVE('',#15611,#15645);
#15645 = DEFINITIONAL_REPRESENTATION('',(#15646),#15650);
#15646 = LINE('',#15647,#15648);
#15647 = CARTESIAN_POINT('',(0.,0.));
#15648 = VECTOR('',#15649,1.);
#15649 = DIRECTION('',(0.,1.));
#15650 = ( GEOMETRIC_REPRESENTATION_CONTEXT(2) 
PARAMETRIC_REPRESENTATION_CONTEXT() REPRESENTATION_CONTEXT('2D SPACE',''
  ) );
#15651 = ORIENTED_EDGE('',*,*,#15652,.F.);
#15652 = EDGE_CURVE('',#15631,#15631,#15653,.T.);
#15653 = SURFACE_CURVE('',#15654,(#15659,#15666),.PCURVE_S1.);
#15654 = CIRCLE('',#15655,0.75);
#15655 = AXIS2_PLACEMENT_3D('',#15656,#15657,#15658);
#15656 = CARTESIAN_POINT('',(-19.50399950149,29.960916265122,86.75));
#15657 = DIRECTION('',(-6.886751593559E-02,-0.997625814245,
    1.184045450776E-16));
#15658 = DIRECTION('',(0.997625814245,-6.886751593559E-02,
    5.551115123126E-17));
#15659 = PCURVE('',#15611,#15660);
#15660 = DEFINITIONAL_REPRESENTATION('',(#15661),#15665);
#15661 = LINE('',#15662,#15663);
#15662 = CARTESIAN_POINT('',(0.,4.924027389395));
#15663 = VECTOR('',#15664,1.);
#15664 = DIRECTION('',(1.,0.));
#15665 = ( GEOMETRIC_REPRESENTATION_CONTEXT(2) 
PARAMETRIC_REPRESENTATION_CONTEXT() REPRESENTATION_CONTEXT('2D SPACE',''
  ) );
#15666 = PCURVE('',#15667,#15675);
#15667 = SURFACE_OF_LINEAR_EXTRUSION('',#15668,#15673);
#15668 = CIRCLE('',#15669,0.75);
#15669 = AXIS2_PLACEMENT_3D('',#15670,#15671,#15672);
#15670 = CARTESIAN_POINT('',(-19.50399950149,29.960916265122,86.75));
#15671 = DIRECTION('',(-6.886751593559E-02,-0.997625814245,
    1.184045450776E-16));
#15672 = DIRECTION('',(0.997625814245,-6.886751593559E-02,
    5.551115123126E-17));
#15673 = VECTOR('',#15674,1.);
#15674 = DIRECTION('',(0.873649663804,0.48655551064,0.));
#15675 = DEFINITIONAL_REPRESENTATION('',(#15676),#15679);
#15676 = B_SPLINE_CURVE_WITH_KNOTS('',1,(#15677,#15678),.UNSPECIFIED.,
  .F.,.F.,(2,2),(0.,6.28318530718),.PIECEWISE_BEZIER_KNOTS.);
#15677 = CARTESIAN_POINT('',(0.,0.));
#15678 = CARTESIAN_POINT('',(6.28318530718,0.));
#15679 = ( GEOMETRIC_REPRESENTATION_CONTEXT(2) 
PARAMETRIC_REPRESENTATION_CONTEXT() REPRESENTATION_CONTEXT('2D SPACE',''
  ) );
#15680 = ORIENTED_EDGE('',*,*,#15630,.F.);
#15681 = ORIENTED_EDGE('',*,*,#15596,.T.);
#15682 = ADVANCED_FACE('',(#15683),#15667,.T.);
#15683 = FACE_BOUND('',#15684,.T.);
#15684 = EDGE_LOOP('',(#15685,#15707,#15736,#15737));
#15685 = ORIENTED_EDGE('',*,*,#15686,.T.);
#15686 = EDGE_CURVE('',#15631,#15687,#15689,.T.);
#15687 = VERTEX_POINT('',#15688);
#15688 = CARTESIAN_POINT('',(-14.4539052675,32.305078289024,86.75));
#15689 = SEAM_CURVE('',#15690,(#15694,#15700),.PCURVE_S1.);
#15690 = LINE('',#15691,#15692);
#15691 = CARTESIAN_POINT('',(-18.75578014081,29.909265628171,86.75));
#15692 = VECTOR('',#15693,1.);
#15693 = DIRECTION('',(0.873649663804,0.48655551064,0.));
#15694 = PCURVE('',#15667,#15695);
#15695 = DEFINITIONAL_REPRESENTATION('',(#15696),#15699);
#15696 = B_SPLINE_CURVE_WITH_KNOTS('',1,(#15697,#15698),.UNSPECIFIED.,
  .F.,.F.,(2,2),(0.,4.924027389395),.PIECEWISE_BEZIER_KNOTS.);
#15697 = CARTESIAN_POINT('',(6.28318530718,0.));
#15698 = CARTESIAN_POINT('',(6.28318530718,4.924027389395));
#15699 = ( GEOMETRIC_REPRESENTATION_CONTEXT(2) 
PARAMETRIC_REPRESENTATION_CONTEXT() REPRESENTATION_CONTEXT('2D SPACE',''
  ) );
#15700 = PCURVE('',#15667,#15701);
#15701 = DEFINITIONAL_REPRESENTATION('',(#15702),#15706);
#15702 = LINE('',#15703,#15704);
#15703 = CARTESIAN_POINT('',(0.,0.));
#15704 = VECTOR('',#15705,1.);
#15705 = DIRECTION('',(0.,1.));
#15706 = ( GEOMETRIC_REPRESENTATION_CONTEXT(2) 
PARAMETRIC_REPRESENTATION_CONTEXT() REPRESENTATION_CONTEXT('2D SPACE',''
  ) );
#15707 = ORIENTED_EDGE('',*,*,#15708,.F.);
#15708 = EDGE_CURVE('',#15687,#15687,#15709,.T.);
#15709 = SURFACE_CURVE('',#15710,(#15715,#15722),.PCURVE_S1.);
#15710 = CIRCLE('',#15711,0.75);
#15711 = AXIS2_PLACEMENT_3D('',#15712,#15713,#15714);
#15712 = CARTESIAN_POINT('',(-15.20212462818,32.356728925976,86.75));
#15713 = DIRECTION('',(-6.886751593559E-02,-0.997625814245,
    1.184045450776E-16));
#15714 = DIRECTION('',(0.997625814245,-6.886751593559E-02,
    5.551115123126E-17));
#15715 = PCURVE('',#15667,#15716);
#15716 = DEFINITIONAL_REPRESENTATION('',(#15717),#15721);
#15717 = LINE('',#15718,#15719);
#15718 = CARTESIAN_POINT('',(0.,4.924027389395));
#15719 = VECTOR('',#15720,1.);
#15720 = DIRECTION('',(1.,0.));
#15721 = ( GEOMETRIC_REPRESENTATION_CONTEXT(2) 
PARAMETRIC_REPRESENTATION_CONTEXT() REPRESENTATION_CONTEXT('2D SPACE',''
  ) );
#15722 = PCURVE('',#15723,#15731);
#15723 = SURFACE_OF_LINEAR_EXTRUSION('',#15724,#15729);
#15724 = CIRCLE('',#15725,0.75);
#15725 = AXIS2_PLACEMENT_3D('',#15726,#15727,#15728);
#15726 = CARTESIAN_POINT('',(-15.20212462818,32.356728925976,86.75));
#15727 = DIRECTION('',(-6.886751593559E-02,-0.997625814245,
    8.68919512622E-17));
#15728 = DIRECTION('',(0.997625814245,-6.886751593559E-02,
    5.551115123126E-17));
#15729 = VECTOR('',#15730,1.);
#15730 = DIRECTION('',(0.523761759613,0.203327849499,0.827243256114));
#15731 = DEFINITIONAL_REPRESENTATION('',(#15732),#15735);
#15732 = B_SPLINE_CURVE_WITH_KNOTS('',1,(#15733,#15734),.UNSPECIFIED.,
  .F.,.F.,(2,2),(0.,6.28318530718),.PIECEWISE_BEZIER_KNOTS.);
#15733 = CARTESIAN_POINT('',(0.,0.));
#15734 = CARTESIAN_POINT('',(6.28318530718,0.));
#15735 = ( GEOMETRIC_REPRESENTATION_CONTEXT(2) 
PARAMETRIC_REPRESENTATION_CONTEXT() REPRESENTATION_CONTEXT('2D SPACE',''
  ) );
#15736 = ORIENTED_EDGE('',*,*,#15686,.F.);
#15737 = ORIENTED_EDGE('',*,*,#15652,.T.);
#15738 = ADVANCED_FACE('',(#15739),#15723,.T.);
#15739 = FACE_BOUND('',#15740,.T.);
#15740 = EDGE_LOOP('',(#15741,#15763,#15792,#15793));
#15741 = ORIENTED_EDGE('',*,*,#15742,.T.);
#15742 = EDGE_CURVE('',#15687,#15743,#15745,.T.);
#15743 = VERTEX_POINT('',#15744);
#15744 = CARTESIAN_POINT('',(-9.863631815133,34.087053419036,94.));
#15745 = SEAM_CURVE('',#15746,(#15750,#15756),.PCURVE_S1.);
#15746 = LINE('',#15747,#15748);
#15747 = CARTESIAN_POINT('',(-14.4539052675,32.305078289024,86.75));
#15748 = VECTOR('',#15749,1.);
#15749 = DIRECTION('',(0.523761759613,0.203327849499,0.827243256114));
#15750 = PCURVE('',#15723,#15751);
#15751 = DEFINITIONAL_REPRESENTATION('',(#15752),#15755);
#15752 = B_SPLINE_CURVE_WITH_KNOTS('',1,(#15753,#15754),.UNSPECIFIED.,
  .F.,.F.,(2,2),(0.,8.764048478387),.PIECEWISE_BEZIER_KNOTS.);
#15753 = CARTESIAN_POINT('',(6.28318530718,0.));
#15754 = CARTESIAN_POINT('',(6.28318530718,8.764048478387));
#15755 = ( GEOMETRIC_REPRESENTATION_CONTEXT(2) 
PARAMETRIC_REPRESENTATION_CONTEXT() REPRESENTATION_CONTEXT('2D SPACE',''
  ) );
#15756 = PCURVE('',#15723,#15757);
#15757 = DEFINITIONAL_REPRESENTATION('',(#15758),#15762);
#15758 = LINE('',#15759,#15760);
#15759 = CARTESIAN_POINT('',(0.,0.));
#15760 = VECTOR('',#15761,1.);
#15761 = DIRECTION('',(0.,1.));
#15762 = ( GEOMETRIC_REPRESENTATION_CONTEXT(2) 
PARAMETRIC_REPRESENTATION_CONTEXT() REPRESENTATION_CONTEXT('2D SPACE',''
  ) );
#15763 = ORIENTED_EDGE('',*,*,#15764,.F.);
#15764 = EDGE_CURVE('',#15743,#15743,#15765,.T.);
#15765 = SURFACE_CURVE('',#15766,(#15771,#15778),.PCURVE_S1.);
#15766 = CIRCLE('',#15767,0.75);
#15767 = AXIS2_PLACEMENT_3D('',#15768,#15769,#15770);
#15768 = CARTESIAN_POINT('',(-10.61185117581,34.138704055988,94.));
#15769 = DIRECTION('',(-6.886751593559E-02,-0.997625814245,
    8.68919512622E-17));
#15770 = DIRECTION('',(0.997625814245,-6.886751593559E-02,
    5.551115123126E-17));
#15771 = PCURVE('',#15723,#15772);
#15772 = DEFINITIONAL_REPRESENTATION('',(#15773),#15777);
#15773 = LINE('',#15774,#15775);
#15774 = CARTESIAN_POINT('',(0.,8.764048478387));
#15775 = VECTOR('',#15776,1.);
#15776 = DIRECTION('',(1.,0.));
#15777 = ( GEOMETRIC_REPRESENTATION_CONTEXT(2) 
PARAMETRIC_REPRESENTATION_CONTEXT() REPRESENTATION_CONTEXT('2D SPACE',''
  ) );
#15778 = PCURVE('',#15779,#15787);
#15779 = SURFACE_OF_LINEAR_EXTRUSION('',#15780,#15785);
#15780 = CIRCLE('',#15781,0.75);
#15781 = AXIS2_PLACEMENT_3D('',#15782,#15783,#15784);
#15782 = CARTESIAN_POINT('',(-10.61185117581,34.138704055988,94.));
#15783 = DIRECTION('',(-6.886751593559E-02,-0.997625814245,
    8.68919512622E-17));
#15784 = DIRECTION('',(0.997625814245,-6.886751593559E-02,
    5.551115123126E-17));
#15785 = VECTOR('',#15786,1.);
#15786 = DIRECTION('',(0.973103895415,0.230366683198,0.));
#15787 = DEFINITIONAL_REPRESENTATION('',(#15788),#15791);
#15788 = B_SPLINE_CURVE_WITH_KNOTS('',1,(#15789,#15790),.UNSPECIFIED.,
  .F.,.F.,(2,2),(0.,6.28318530718),.PIECEWISE_BEZIER_KNOTS.);
#15789 = CARTESIAN_POINT('',(0.,0.));
#15790 = CARTESIAN_POINT('',(6.28318530718,0.));
#15791 = ( GEOMETRIC_REPRESENTATION_CONTEXT(2) 
PARAMETRIC_REPRESENTATION_CONTEXT() REPRESENTATION_CONTEXT('2D SPACE',''
  ) );
#15792 = ORIENTED_EDGE('',*,*,#15742,.F.);
#15793 = ORIENTED_EDGE('',*,*,#15708,.T.);
#15794 = ADVANCED_FACE('',(#15795),#15779,.T.);
#15795 = FACE_BOUND('',#15796,.T.);
#15796 = EDGE_LOOP('',(#15797,#15819,#15848,#15849));
#15797 = ORIENTED_EDGE('',*,*,#15798,.T.);
#15798 = EDGE_CURVE('',#15743,#15799,#15801,.T.);
#15799 = VERTEX_POINT('',#15800);
#15800 = CARTESIAN_POINT('',(-5.072041581382,35.221385276707,94.));
#15801 = SEAM_CURVE('',#15802,(#15806,#15812),.PCURVE_S1.);
#15802 = LINE('',#15803,#15804);
#15803 = CARTESIAN_POINT('',(-9.863631815133,34.087053419036,94.));
#15804 = VECTOR('',#15805,1.);
#15805 = DIRECTION('',(0.973103895415,0.230366683198,0.));
#15806 = PCURVE('',#15779,#15807);
#15807 = DEFINITIONAL_REPRESENTATION('',(#15808),#15811);
#15808 = B_SPLINE_CURVE_WITH_KNOTS('',1,(#15809,#15810),.UNSPECIFIED.,
  .F.,.F.,(2,2),(0.,4.924027389395),.PIECEWISE_BEZIER_KNOTS.);
#15809 = CARTESIAN_POINT('',(6.28318530718,0.));
#15810 = CARTESIAN_POINT('',(6.28318530718,4.924027389395));
#15811 = ( GEOMETRIC_REPRESENTATION_CONTEXT(2) 
PARAMETRIC_REPRESENTATION_CONTEXT() REPRESENTATION_CONTEXT('2D SPACE',''
  ) );
#15812 = PCURVE('',#15779,#15813);
#15813 = DEFINITIONAL_REPRESENTATION('',(#15814),#15818);
#15814 = LINE('',#15815,#15816);
#15815 = CARTESIAN_POINT('',(0.,0.));
#15816 = VECTOR('',#15817,1.);
#15817 = DIRECTION('',(0.,1.));
#15818 = ( GEOMETRIC_REPRESENTATION_CONTEXT(2) 
PARAMETRIC_REPRESENTATION_CONTEXT() REPRESENTATION_CONTEXT('2D SPACE',''
  ) );
#15819 = ORIENTED_EDGE('',*,*,#15820,.F.);
#15820 = EDGE_CURVE('',#15799,#15799,#15821,.T.);
#15821 = SURFACE_CURVE('',#15822,(#15827,#15834),.PCURVE_S1.);
#15822 = CIRCLE('',#15823,0.75);
#15823 = AXIS2_PLACEMENT_3D('',#15824,#15825,#15826);
#15824 = CARTESIAN_POINT('',(-5.820260942066,35.273035913659,94.));
#15825 = DIRECTION('',(-6.886751593559E-02,-0.997625814245,
    8.68919512622E-17));
#15826 = DIRECTION('',(0.997625814245,-6.886751593559E-02,
    5.551115123126E-17));
#15827 = PCURVE('',#15779,#15828);
#15828 = DEFINITIONAL_REPRESENTATION('',(#15829),#15833);
#15829 = LINE('',#15830,#15831);
#15830 = CARTESIAN_POINT('',(0.,4.924027389395));
#15831 = VECTOR('',#15832,1.);
#15832 = DIRECTION('',(1.,0.));
#15833 = ( GEOMETRIC_REPRESENTATION_CONTEXT(2) 
PARAMETRIC_REPRESENTATION_CONTEXT() REPRESENTATION_CONTEXT('2D SPACE',''
  ) );
#15834 = PCURVE('',#15835,#15843);
#15835 = SURFACE_OF_LINEAR_EXTRUSION('',#15836,#15841);
#15836 = CIRCLE('',#15837,0.75);
#15837 = AXIS2_PLACEMENT_3D('',#15838,#15839,#15840);
#15838 = CARTESIAN_POINT('',(-5.820260942066,35.273035913659,94.));
#15839 = DIRECTION('',(-6.886751593559E-02,-0.997625814245,
    8.68919512622E-17));
#15840 = DIRECTION('',(0.997625814245,-6.886751593559E-02,
    5.551115123126E-17));
#15841 = VECTOR('',#15842,1.);
#15842 = DIRECTION('',(0.99552777867,9.446926429563E-02,0.));
#15843 = DEFINITIONAL_REPRESENTATION('',(#15844),#15847);
#15844 = B_SPLINE_CURVE_WITH_KNOTS('',1,(#15845,#15846),.UNSPECIFIED.,
  .F.,.F.,(2,2),(0.,6.28318530718),.PIECEWISE_BEZIER_KNOTS.);
#15845 = CARTESIAN_POINT('',(0.,0.));
#15846 = CARTESIAN_POINT('',(6.28318530718,0.));
#15847 = ( GEOMETRIC_REPRESENTATION_CONTEXT(2) 
PARAMETRIC_REPRESENTATION_CONTEXT() REPRESENTATION_CONTEXT('2D SPACE',''
  ) );
#15848 = ORIENTED_EDGE('',*,*,#15798,.F.);
#15849 = ORIENTED_EDGE('',*,*,#15764,.T.);
#15850 = ADVANCED_FACE('',(#15851),#15835,.T.);
#15851 = FACE_BOUND('',#15852,.T.);
#15852 = EDGE_LOOP('',(#15853,#15875,#15904,#15905));
#15853 = ORIENTED_EDGE('',*,*,#15854,.T.);
#15854 = EDGE_CURVE('',#15799,#15855,#15857,.T.);
#15855 = VERTEX_POINT('',#15856);
#15856 = CARTESIAN_POINT('',(-0.170035532308,35.686554521555,94.));
#15857 = SEAM_CURVE('',#15858,(#15862,#15868),.PCURVE_S1.);
#15858 = LINE('',#15859,#15860);
#15859 = CARTESIAN_POINT('',(-5.072041581382,35.221385276707,94.));
#15860 = VECTOR('',#15861,1.);
#15861 = DIRECTION('',(0.99552777867,9.446926429563E-02,0.));
#15862 = PCURVE('',#15835,#15863);
#15863 = DEFINITIONAL_REPRESENTATION('',(#15864),#15867);
#15864 = B_SPLINE_CURVE_WITH_KNOTS('',1,(#15865,#15866),.UNSPECIFIED.,
  .F.,.F.,(2,2),(0.,4.924027389395),.PIECEWISE_BEZIER_KNOTS.);
#15865 = CARTESIAN_POINT('',(6.28318530718,0.));
#15866 = CARTESIAN_POINT('',(6.28318530718,4.924027389395));
#15867 = ( GEOMETRIC_REPRESENTATION_CONTEXT(2) 
PARAMETRIC_REPRESENTATION_CONTEXT() REPRESENTATION_CONTEXT('2D SPACE',''
  ) );
#15868 = PCURVE('',#15835,#15869);
#15869 = DEFINITIONAL_REPRESENTATION('',(#15870),#15874);
#15870 = LINE('',#15871,#15872);
#15871 = CARTESIAN_POINT('',(0.,0.));
#15872 = VECTOR('',#15873,1.);
#15873 = DIRECTION('',(0.,1.));
#15874 = ( GEOMETRIC_REPRESENTATION_CONTEXT(2) 
PARAMETRIC_REPRESENTATION_CONTEXT() REPRESENTATION_CONTEXT('2D SPACE',''
  ) );
#15875 = ORIENTED_EDGE('',*,*,#15876,.F.);
#15876 = EDGE_CURVE('',#15855,#15855,#15877,.T.);
#15877 = SURFACE_CURVE('',#15878,(#15883,#15890),.PCURVE_S1.);
#15878 = CIRCLE('',#15879,0.75);
#15879 = AXIS2_PLACEMENT_3D('',#15880,#15881,#15882);
#15880 = CARTESIAN_POINT('',(-0.918254892992,35.738205158506,94.));
#15881 = DIRECTION('',(-6.886751593559E-02,-0.997625814245,
    8.68919512622E-17));
#15882 = DIRECTION('',(0.997625814245,-6.886751593559E-02,
    5.551115123126E-17));
#15883 = PCURVE('',#15835,#15884);
#15884 = DEFINITIONAL_REPRESENTATION('',(#15885),#15889);
#15885 = LINE('',#15886,#15887);
#15886 = CARTESIAN_POINT('',(0.,4.924027389395));
#15887 = VECTOR('',#15888,1.);
#15888 = DIRECTION('',(1.,0.));
#15889 = ( GEOMETRIC_REPRESENTATION_CONTEXT(2) 
PARAMETRIC_REPRESENTATION_CONTEXT() REPRESENTATION_CONTEXT('2D SPACE',''
  ) );
#15890 = PCURVE('',#15891,#15899);
#15891 = SURFACE_OF_LINEAR_EXTRUSION('',#15892,#15897);
#15892 = CIRCLE('',#15893,0.75);
#15893 = AXIS2_PLACEMENT_3D('',#15894,#15895,#15896);
#15894 = CARTESIAN_POINT('',(-0.918254892992,35.738205158506,94.));
#15895 = DIRECTION('',(-6.886751593559E-02,-0.997625814245,
    8.68919512622E-17));
#15896 = DIRECTION('',(0.997625814245,-6.886751593559E-02,
    5.551115123126E-17));
#15897 = VECTOR('',#15898,1.);
#15898 = DIRECTION('',(0.999065565158,-4.322032525754E-02,0.));
#15899 = DEFINITIONAL_REPRESENTATION('',(#15900),#15903);
#15900 = B_SPLINE_CURVE_WITH_KNOTS('',1,(#15901,#15902),.UNSPECIFIED.,
  .F.,.F.,(2,2),(0.,6.28318530718),.PIECEWISE_BEZIER_KNOTS.);
#15901 = CARTESIAN_POINT('',(0.,0.));
#15902 = CARTESIAN_POINT('',(6.28318530718,0.));
#15903 = ( GEOMETRIC_REPRESENTATION_CONTEXT(2) 
PARAMETRIC_REPRESENTATION_CONTEXT() REPRESENTATION_CONTEXT('2D SPACE',''
  ) );
#15904 = ORIENTED_EDGE('',*,*,#15854,.F.);
#15905 = ORIENTED_EDGE('',*,*,#15820,.T.);
#15906 = ADVANCED_FACE('',(#15907),#15891,.T.);
#15907 = FACE_BOUND('',#15908,.T.);
#15908 = EDGE_LOOP('',(#15909,#15931,#15960,#15961));
#15909 = ORIENTED_EDGE('',*,*,#15910,.T.);
#15910 = EDGE_CURVE('',#15855,#15911,#15913,.T.);
#15911 = VERTEX_POINT('',#15912);
#15912 = CARTESIAN_POINT('',(4.749390674332,35.473736456208,94.));
#15913 = SEAM_CURVE('',#15914,(#15918,#15924),.PCURVE_S1.);
#15914 = LINE('',#15915,#15916);
#15915 = CARTESIAN_POINT('',(-0.170035532308,35.686554521555,94.));
#15916 = VECTOR('',#15917,1.);
#15917 = DIRECTION('',(0.999065565158,-4.322032525754E-02,0.));
#15918 = PCURVE('',#15891,#15919);
#15919 = DEFINITIONAL_REPRESENTATION('',(#15920),#15923);
#15920 = B_SPLINE_CURVE_WITH_KNOTS('',1,(#15921,#15922),.UNSPECIFIED.,
  .F.,.F.,(2,2),(0.,4.924027389395),.PIECEWISE_BEZIER_KNOTS.);
#15921 = CARTESIAN_POINT('',(6.28318530718,0.));
#15922 = CARTESIAN_POINT('',(6.28318530718,4.924027389395));
#15923 = ( GEOMETRIC_REPRESENTATION_CONTEXT(2) 
PARAMETRIC_REPRESENTATION_CONTEXT() REPRESENTATION_CONTEXT('2D SPACE',''
  ) );
#15924 = PCURVE('',#15891,#15925);
#15925 = DEFINITIONAL_REPRESENTATION('',(#15926),#15930);
#15926 = LINE('',#15927,#15928);
#15927 = CARTESIAN_POINT('',(0.,0.));
#15928 = VECTOR('',#15929,1.);
#15929 = DIRECTION('',(0.,1.));
#15930 = ( GEOMETRIC_REPRESENTATION_CONTEXT(2) 
PARAMETRIC_REPRESENTATION_CONTEXT() REPRESENTATION_CONTEXT('2D SPACE',''
  ) );
#15931 = ORIENTED_EDGE('',*,*,#15932,.F.);
#15932 = EDGE_CURVE('',#15911,#15911,#15933,.T.);
#15933 = SURFACE_CURVE('',#15934,(#15939,#15946),.PCURVE_S1.);
#15934 = CIRCLE('',#15935,0.75);
#15935 = AXIS2_PLACEMENT_3D('',#15936,#15937,#15938);
#15936 = CARTESIAN_POINT('',(4.001171313648,35.52538709316,94.));
#15937 = DIRECTION('',(-6.886751593559E-02,-0.997625814245,
    8.68919512622E-17));
#15938 = DIRECTION('',(0.997625814245,-6.886751593559E-02,
    5.551115123126E-17));
#15939 = PCURVE('',#15891,#15940);
#15940 = DEFINITIONAL_REPRESENTATION('',(#15941),#15945);
#15941 = LINE('',#15942,#15943);
#15942 = CARTESIAN_POINT('',(0.,4.924027389395));
#15943 = VECTOR('',#15944,1.);
#15944 = DIRECTION('',(1.,0.));
#15945 = ( GEOMETRIC_REPRESENTATION_CONTEXT(2) 
PARAMETRIC_REPRESENTATION_CONTEXT() REPRESENTATION_CONTEXT('2D SPACE',''
  ) );
#15946 = PCURVE('',#15947,#15955);
#15947 = SURFACE_OF_LINEAR_EXTRUSION('',#15948,#15953);
#15948 = CIRCLE('',#15949,0.75);
#15949 = AXIS2_PLACEMENT_3D('',#15950,#15951,#15952);
#15950 = CARTESIAN_POINT('',(4.001171313648,35.52538709316,94.));
#15951 = DIRECTION('',(-6.886751593559E-02,-0.997625814245,
    8.306903617018E-17));
#15952 = DIRECTION('',(0.997625814245,-6.886751593559E-02,
    -1.089801770341E-33));
#15953 = VECTOR('',#15954,1.);
#15954 = DIRECTION('',(0.552657854603,-0.101182463697,0.827243256114));
#15955 = DEFINITIONAL_REPRESENTATION('',(#15956),#15959);
#15956 = B_SPLINE_CURVE_WITH_KNOTS('',1,(#15957,#15958),.UNSPECIFIED.,
  .F.,.F.,(2,2),(0.,6.28318530718),.PIECEWISE_BEZIER_KNOTS.);
#15957 = CARTESIAN_POINT('',(0.,0.));
#15958 = CARTESIAN_POINT('',(6.28318530718,0.));
#15959 = ( GEOMETRIC_REPRESENTATION_CONTEXT(2) 
PARAMETRIC_REPRESENTATION_CONTEXT() REPRESENTATION_CONTEXT('2D SPACE',''
  ) );
#15960 = ORIENTED_EDGE('',*,*,#15910,.F.);
#15961 = ORIENTED_EDGE('',*,*,#15876,.T.);
#15962 = ADVANCED_FACE('',(#15963),#15947,.T.);
#15963 = FACE_BOUND('',#15964,.T.);
#15964 = EDGE_LOOP('',(#15965,#15987,#16016,#16017));
#15965 = ORIENTED_EDGE('',*,*,#15966,.T.);
#15966 = EDGE_CURVE('',#15911,#15967,#15969,.T.);
#15967 = VERTEX_POINT('',#15968);
#15968 = CARTESIAN_POINT('',(9.592910904033,34.586968439204,101.25));
#15969 = SEAM_CURVE('',#15970,(#15974,#15980),.PCURVE_S1.);
#15970 = LINE('',#15971,#15972);
#15971 = CARTESIAN_POINT('',(4.749390674332,35.473736456208,94.));
#15972 = VECTOR('',#15973,1.);
#15973 = DIRECTION('',(0.552657854603,-0.101182463697,0.827243256114));
#15974 = PCURVE('',#15947,#15975);
#15975 = DEFINITIONAL_REPRESENTATION('',(#15976),#15979);
#15976 = B_SPLINE_CURVE_WITH_KNOTS('',1,(#15977,#15978),.UNSPECIFIED.,
  .F.,.F.,(2,2),(0.,8.764048478387),.PIECEWISE_BEZIER_KNOTS.);
#15977 = CARTESIAN_POINT('',(6.28318530718,0.));
#15978 = CARTESIAN_POINT('',(6.28318530718,8.764048478387));
#15979 = ( GEOMETRIC_REPRESENTATION_CONTEXT(2) 
PARAMETRIC_REPRESENTATION_CONTEXT() REPRESENTATION_CONTEXT('2D SPACE',''
  ) );
#15980 = PCURVE('',#15947,#15981);
#15981 = DEFINITIONAL_REPRESENTATION('',(#15982),#15986);
#15982 = LINE('',#15983,#15984);
#15983 = CARTESIAN_POINT('',(0.,0.));
#15984 = VECTOR('',#15985,1.);
#15985 = DIRECTION('',(0.,1.));
#15986 = ( GEOMETRIC_REPRESENTATION_CONTEXT(2) 
PARAMETRIC_REPRESENTATION_CONTEXT() REPRESENTATION_CONTEXT('2D SPACE',''
  ) );
#15987 = ORIENTED_EDGE('',*,*,#15988,.F.);
#15988 = EDGE_CURVE('',#15967,#15967,#15989,.T.);
#15989 = SURFACE_CURVE('',#15990,(#15995,#16002),.PCURVE_S1.);
#15990 = CIRCLE('',#15991,0.75);
#15991 = AXIS2_PLACEMENT_3D('',#15992,#15993,#15994);
#15992 = CARTESIAN_POINT('',(8.844691543349,34.638619076156,101.25));
#15993 = DIRECTION('',(-6.886751593559E-02,-0.997625814245,
    8.306903617018E-17));
#15994 = DIRECTION('',(0.997625814245,-6.886751593559E-02,
    -1.089801770341E-33));
#15995 = PCURVE('',#15947,#15996);
#15996 = DEFINITIONAL_REPRESENTATION('',(#15997),#16001);
#15997 = LINE('',#15998,#15999);
#15998 = CARTESIAN_POINT('',(0.,8.764048478387));
#15999 = VECTOR('',#16000,1.);
#16000 = DIRECTION('',(1.,0.));
#16001 = ( GEOMETRIC_REPRESENTATION_CONTEXT(2) 
PARAMETRIC_REPRESENTATION_CONTEXT() REPRESENTATION_CONTEXT('2D SPACE',''
  ) );
#16002 = PCURVE('',#16003,#16011);
#16003 = SURFACE_OF_LINEAR_EXTRUSION('',#16004,#16009);
#16004 = CIRCLE('',#16005,0.75);
#16005 = AXIS2_PLACEMENT_3D('',#16006,#16007,#16008);
#16006 = CARTESIAN_POINT('',(8.844691543349,34.638619076156,101.25));
#16007 = DIRECTION('',(-6.886751593559E-02,-0.997625814245,
    8.306903617018E-17));
#16008 = DIRECTION('',(0.997625814245,-6.886751593559E-02,
    -9.291723709602E-34));
#16009 = VECTOR('',#16010,1.);
#16010 = DIRECTION('',(0.949573947535,-0.313543167941,0.));
#16011 = DEFINITIONAL_REPRESENTATION('',(#16012),#16015);
#16012 = B_SPLINE_CURVE_WITH_KNOTS('',1,(#16013,#16014),.UNSPECIFIED.,
  .F.,.F.,(2,2),(0.,6.28318530718),.PIECEWISE_BEZIER_KNOTS.);
#16013 = CARTESIAN_POINT('',(0.,0.));
#16014 = CARTESIAN_POINT('',(6.28318530718,0.));
#16015 = ( GEOMETRIC_REPRESENTATION_CONTEXT(2) 
PARAMETRIC_REPRESENTATION_CONTEXT() REPRESENTATION_CONTEXT('2D SPACE',''
  ) );
#16016 = ORIENTED_EDGE('',*,*,#15966,.F.);
#16017 = ORIENTED_EDGE('',*,*,#15932,.T.);
#16018 = ADVANCED_FACE('',(#16019),#16003,.T.);
#16019 = FACE_BOUND('',#16020,.T.);
#16020 = EDGE_LOOP('',(#16021,#16043,#16072,#16073));
#16021 = ORIENTED_EDGE('',*,*,#16022,.T.);
#16022 = EDGE_CURVE('',#15967,#16023,#16025,.T.);
#16023 = VERTEX_POINT('',#16024);
#16024 = CARTESIAN_POINT('',(14.268639029952,33.043073292504,101.25));
#16025 = SEAM_CURVE('',#16026,(#16030,#16036),.PCURVE_S1.);
#16026 = LINE('',#16027,#16028);
#16027 = CARTESIAN_POINT('',(9.592910904033,34.586968439204,101.25));
#16028 = VECTOR('',#16029,1.);
#16029 = DIRECTION('',(0.949573947535,-0.313543167941,0.));
#16030 = PCURVE('',#16003,#16031);
#16031 = DEFINITIONAL_REPRESENTATION('',(#16032),#16035);
#16032 = B_SPLINE_CURVE_WITH_KNOTS('',1,(#16033,#16034),.UNSPECIFIED.,
  .F.,.F.,(2,2),(0.,4.924027389395),.PIECEWISE_BEZIER_KNOTS.);
#16033 = CARTESIAN_POINT('',(6.28318530718,0.));
#16034 = CARTESIAN_POINT('',(6.28318530718,4.924027389395));
#16035 = ( GEOMETRIC_REPRESENTATION_CONTEXT(2) 
PARAMETRIC_REPRESENTATION_CONTEXT() REPRESENTATION_CONTEXT('2D SPACE',''
  ) );
#16036 = PCURVE('',#16003,#16037);
#16037 = DEFINITIONAL_REPRESENTATION('',(#16038),#16042);
#16038 = LINE('',#16039,#16040);
#16039 = CARTESIAN_POINT('',(0.,0.));
#16040 = VECTOR('',#16041,1.);
#16041 = DIRECTION('',(0.,1.));
#16042 = ( GEOMETRIC_REPRESENTATION_CONTEXT(2) 
PARAMETRIC_REPRESENTATION_CONTEXT() REPRESENTATION_CONTEXT('2D SPACE',''
  ) );
#16043 = ORIENTED_EDGE('',*,*,#16044,.F.);
#16044 = EDGE_CURVE('',#16023,#16023,#16045,.T.);
#16045 = SURFACE_CURVE('',#16046,(#16051,#16058),.PCURVE_S1.);
#16046 = CIRCLE('',#16047,0.75);
#16047 = AXIS2_PLACEMENT_3D('',#16048,#16049,#16050);
#16048 = CARTESIAN_POINT('',(13.520419669268,33.094723929456,101.25));
#16049 = DIRECTION('',(-6.886751593559E-02,-0.997625814245,
    8.306903617018E-17));
#16050 = DIRECTION('',(0.997625814245,-6.886751593559E-02,
    -9.291723709602E-34));
#16051 = PCURVE('',#16003,#16052);
#16052 = DEFINITIONAL_REPRESENTATION('',(#16053),#16057);
#16053 = LINE('',#16054,#16055);
#16054 = CARTESIAN_POINT('',(0.,4.924027389395));
#16055 = VECTOR('',#16056,1.);
#16056 = DIRECTION('',(1.,0.));
#16057 = ( GEOMETRIC_REPRESENTATION_CONTEXT(2) 
PARAMETRIC_REPRESENTATION_CONTEXT() REPRESENTATION_CONTEXT('2D SPACE',''
  ) );
#16058 = PCURVE('',#16059,#16067);
#16059 = SURFACE_OF_LINEAR_EXTRUSION('',#16060,#16065);
#16060 = CIRCLE('',#16061,0.75);
#16061 = AXIS2_PLACEMENT_3D('',#16062,#16063,#16064);
#16062 = CARTESIAN_POINT('',(13.520419669268,33.094723929456,101.25));
#16063 = DIRECTION('',(-6.886751593559E-02,-0.997625814245,
    8.306903617018E-17));
#16064 = DIRECTION('',(0.997625814245,-6.886751593559E-02,
    -1.00948707065E-33));
#16065 = VECTOR('',#16066,1.);
#16066 = DIRECTION('',(0.897483445883,-0.441048142912,0.));
#16067 = DEFINITIONAL_REPRESENTATION('',(#16068),#16071);
#16068 = B_SPLINE_CURVE_WITH_KNOTS('',1,(#16069,#16070),.UNSPECIFIED.,
  .F.,.F.,(2,2),(0.,6.28318530718),.PIECEWISE_BEZIER_KNOTS.);
#16069 = CARTESIAN_POINT('',(0.,0.));
#16070 = CARTESIAN_POINT('',(6.28318530718,0.));
#16071 = ( GEOMETRIC_REPRESENTATION_CONTEXT(2) 
PARAMETRIC_REPRESENTATION_CONTEXT() REPRESENTATION_CONTEXT('2D SPACE',''
  ) );
#16072 = ORIENTED_EDGE('',*,*,#16022,.F.);
#16073 = ORIENTED_EDGE('',*,*,#15988,.T.);
#16074 = ADVANCED_FACE('',(#16075),#16059,.T.);
#16075 = FACE_BOUND('',#16076,.T.);
#16076 = EDGE_LOOP('',(#16077,#16099,#16128,#16129));
#16077 = ORIENTED_EDGE('',*,*,#16078,.T.);
#16078 = EDGE_CURVE('',#16023,#16079,#16081,.T.);
#16079 = VERTEX_POINT('',#16080);
#16080 = CARTESIAN_POINT('',(18.687872099009,30.871340156766,101.25));
#16081 = SEAM_CURVE('',#16082,(#16086,#16092),.PCURVE_S1.);
#16082 = LINE('',#16083,#16084);
#16083 = CARTESIAN_POINT('',(14.268639029952,33.043073292504,101.25));
#16084 = VECTOR('',#16085,1.);
#16085 = DIRECTION('',(0.897483445883,-0.441048142912,0.));
#16086 = PCURVE('',#16059,#16087);
#16087 = DEFINITIONAL_REPRESENTATION('',(#16088),#16091);
#16088 = B_SPLINE_CURVE_WITH_KNOTS('',1,(#16089,#16090),.UNSPECIFIED.,
  .F.,.F.,(2,2),(0.,4.924027389395),.PIECEWISE_BEZIER_KNOTS.);
#16089 = CARTESIAN_POINT('',(6.28318530718,0.));
#16090 = CARTESIAN_POINT('',(6.28318530718,4.924027389395));
#16091 = ( GEOMETRIC_REPRESENTATION_CONTEXT(2) 
PARAMETRIC_REPRESENTATION_CONTEXT() REPRESENTATION_CONTEXT('2D SPACE',''
  ) );
#16092 = PCURVE('',#16059,#16093);
#16093 = DEFINITIONAL_REPRESENTATION('',(#16094),#16098);
#16094 = LINE('',#16095,#16096);
#16095 = CARTESIAN_POINT('',(0.,0.));
#16096 = VECTOR('',#16097,1.);
#16097 = DIRECTION('',(0.,1.));
#16098 = ( GEOMETRIC_REPRESENTATION_CONTEXT(2) 
PARAMETRIC_REPRESENTATION_CONTEXT() REPRESENTATION_CONTEXT('2D SPACE',''
  ) );
#16099 = ORIENTED_EDGE('',*,*,#16100,.F.);
#16100 = EDGE_CURVE('',#16079,#16079,#16101,.T.);
#16101 = SURFACE_CURVE('',#16102,(#16107,#16114),.PCURVE_S1.);
#16102 = CIRCLE('',#16103,0.75);
#16103 = AXIS2_PLACEMENT_3D('',#16104,#16105,#16106);
#16104 = CARTESIAN_POINT('',(17.939652738325,30.922990793717,101.25));
#16105 = DIRECTION('',(-6.886751593559E-02,-0.997625814245,
    8.306903617018E-17));
#16106 = DIRECTION('',(0.997625814245,-6.886751593559E-02,
    -1.00948707065E-33));
#16107 = PCURVE('',#16059,#16108);
#16108 = DEFINITIONAL_REPRESENTATION('',(#16109),#16113);
#16109 = LINE('',#16110,#16111);
#16110 = CARTESIAN_POINT('',(0.,4.924027389395));
#16111 = VECTOR('',#16112,1.);
#16112 = DIRECTION('',(1.,0.));
#16113 = ( GEOMETRIC_REPRESENTATION_CONTEXT(2) 
PARAMETRIC_REPRESENTATION_CONTEXT() REPRESENTATION_CONTEXT('2D SPACE',''
  ) );
#16114 = PCURVE('',#16115,#16123);
#16115 = SURFACE_OF_LINEAR_EXTRUSION('',#16116,#16121);
#16116 = CIRCLE('',#16117,0.75);
#16117 = AXIS2_PLACEMENT_3D('',#16118,#16119,#16120);
#16118 = CARTESIAN_POINT('',(17.939652738325,30.922990793717,101.25));
#16119 = DIRECTION('',(-6.886751593559E-02,-0.997625814245,
    8.306903617018E-17));
#16120 = DIRECTION('',(0.997625814245,-6.886751593559E-02,
    -1.00948707065E-33));
#16121 = VECTOR('',#16122,1.);
#16122 = DIRECTION('',(0.828366840522,-0.560186020465,0.));
#16123 = DEFINITIONAL_REPRESENTATION('',(#16124),#16127);
#16124 = B_SPLINE_CURVE_WITH_KNOTS('',1,(#16125,#16126),.UNSPECIFIED.,
  .F.,.F.,(2,2),(0.,6.28318530718),.PIECEWISE_BEZIER_KNOTS.);
#16125 = CARTESIAN_POINT('',(0.,0.));
#16126 = CARTESIAN_POINT('',(6.28318530718,0.));
#16127 = ( GEOMETRIC_REPRESENTATION_CONTEXT(2) 
PARAMETRIC_REPRESENTATION_CONTEXT() REPRESENTATION_CONTEXT('2D SPACE',''
  ) );
#16128 = ORIENTED_EDGE('',*,*,#16078,.F.);
#16129 = ORIENTED_EDGE('',*,*,#16044,.T.);
#16130 = ADVANCED_FACE('',(#16131),#16115,.T.);
#16131 = FACE_BOUND('',#16132,.T.);
#16132 = EDGE_LOOP('',(#16133,#16155,#16184,#16185));
#16133 = ORIENTED_EDGE('',*,*,#16134,.T.);
#16134 = EDGE_CURVE('',#16079,#16135,#16137,.T.);
#16135 = VERTEX_POINT('',#16136);
#16136 = CARTESIAN_POINT('',(22.766773110204,28.112968848841,101.25));
#16137 = SEAM_CURVE('',#16138,(#16142,#16148),.PCURVE_S1.);
#16138 = LINE('',#16139,#16140);
#16139 = CARTESIAN_POINT('',(18.687872099009,30.871340156766,101.25));
#16140 = VECTOR('',#16141,1.);
#16141 = DIRECTION('',(0.828366840522,-0.560186020465,0.));
#16142 = PCURVE('',#16115,#16143);
#16143 = DEFINITIONAL_REPRESENTATION('',(#16144),#16147);
#16144 = B_SPLINE_CURVE_WITH_KNOTS('',1,(#16145,#16146),.UNSPECIFIED.,
  .F.,.F.,(2,2),(0.,4.924027389395),.PIECEWISE_BEZIER_KNOTS.);
#16145 = CARTESIAN_POINT('',(6.28318530718,0.));
#16146 = CARTESIAN_POINT('',(6.28318530718,4.924027389395));
#16147 = ( GEOMETRIC_REPRESENTATION_CONTEXT(2) 
PARAMETRIC_REPRESENTATION_CONTEXT() REPRESENTATION_CONTEXT('2D SPACE',''
  ) );
#16148 = PCURVE('',#16115,#16149);
#16149 = DEFINITIONAL_REPRESENTATION('',(#16150),#16154);
#16150 = LINE('',#16151,#16152);
#16151 = CARTESIAN_POINT('',(0.,0.));
#16152 = VECTOR('',#16153,1.);
#16153 = DIRECTION('',(0.,1.));
#16154 = ( GEOMETRIC_REPRESENTATION_CONTEXT(2) 
PARAMETRIC_REPRESENTATION_CONTEXT() REPRESENTATION_CONTEXT('2D SPACE',''
  ) );
#16155 = ORIENTED_EDGE('',*,*,#16156,.F.);
#16156 = EDGE_CURVE('',#16135,#16135,#16157,.T.);
#16157 = SURFACE_CURVE('',#16158,(#16163,#16170),.PCURVE_S1.);
#16158 = CIRCLE('',#16159,0.75);
#16159 = AXIS2_PLACEMENT_3D('',#16160,#16161,#16162);
#16160 = CARTESIAN_POINT('',(22.01855374952,28.164619485793,101.25));
#16161 = DIRECTION('',(-6.886751593559E-02,-0.997625814245,
    8.306903617018E-17));
#16162 = DIRECTION('',(0.997625814245,-6.886751593559E-02,
    -1.00948707065E-33));
#16163 = PCURVE('',#16115,#16164);
#16164 = DEFINITIONAL_REPRESENTATION('',(#16165),#16169);
#16165 = LINE('',#16166,#16167);
#16166 = CARTESIAN_POINT('',(0.,4.924027389395));
#16167 = VECTOR('',#16168,1.);
#16168 = DIRECTION('',(1.,0.));
#16169 = ( GEOMETRIC_REPRESENTATION_CONTEXT(2) 
PARAMETRIC_REPRESENTATION_CONTEXT() REPRESENTATION_CONTEXT('2D SPACE',''
  ) );
#16170 = PCURVE('',#16171,#16179);
#16171 = SURFACE_OF_LINEAR_EXTRUSION('',#16172,#16177);
#16172 = CIRCLE('',#16173,0.75);
#16173 = AXIS2_PLACEMENT_3D('',#16174,#16175,#16176);
#16174 = CARTESIAN_POINT('',(22.01855374952,28.164619485793,101.25));
#16175 = DIRECTION('',(-6.886751593559E-02,-0.997625814245,0.));
#16176 = DIRECTION('',(0.997625814245,-6.886751593559E-02,0.));
#16177 = VECTOR('',#16178,1.);
#16178 = DIRECTION('',(0.417750812318,-0.375703146143,0.827243256114));
#16179 = DEFINITIONAL_REPRESENTATION('',(#16180),#16183);
#16180 = B_SPLINE_CURVE_WITH_KNOTS('',1,(#16181,#16182),.UNSPECIFIED.,
  .F.,.F.,(2,2),(0.,6.28318530718),.PIECEWISE_BEZIER_KNOTS.);
#16181 = CARTESIAN_POINT('',(0.,0.));
#16182 = CARTESIAN_POINT('',(6.28318530718,0.));
#16183 = ( GEOMETRIC_REPRESENTATION_CONTEXT(2) 
PARAMETRIC_REPRESENTATION_CONTEXT() REPRESENTATION_CONTEXT('2D SPACE',''
  ) );
#16184 = ORIENTED_EDGE('',*,*,#16134,.F.);
#16185 = ORIENTED_EDGE('',*,*,#16100,.T.);
#16186 = ADVANCED_FACE('',(#16187),#16171,.T.);
#16187 = FACE_BOUND('',#16188,.T.);
#16188 = EDGE_LOOP('',(#16189,#16211,#16240,#16241));
#16189 = ORIENTED_EDGE('',*,*,#16190,.T.);
#16190 = EDGE_CURVE('',#16135,#16191,#16193,.T.);
#16191 = VERTEX_POINT('',#16192);
#16192 = CARTESIAN_POINT('',(26.427961481248,24.820288262565,108.5));
#16193 = SEAM_CURVE('',#16194,(#16198,#16204),.PCURVE_S1.);
#16194 = LINE('',#16195,#16196);
#16195 = CARTESIAN_POINT('',(22.766773110204,28.112968848841,101.25));
#16196 = VECTOR('',#16197,1.);
#16197 = DIRECTION('',(0.417750812318,-0.375703146143,0.827243256114));
#16198 = PCURVE('',#16171,#16199);
#16199 = DEFINITIONAL_REPRESENTATION('',(#16200),#16203);
#16200 = B_SPLINE_CURVE_WITH_KNOTS('',1,(#16201,#16202),.UNSPECIFIED.,
  .F.,.F.,(2,2),(0.,8.764048478387),.PIECEWISE_BEZIER_KNOTS.);
#16201 = CARTESIAN_POINT('',(6.28318530718,0.));
#16202 = CARTESIAN_POINT('',(6.28318530718,8.764048478387));
#16203 = ( GEOMETRIC_REPRESENTATION_CONTEXT(2) 
PARAMETRIC_REPRESENTATION_CONTEXT() REPRESENTATION_CONTEXT('2D SPACE',''
  ) );
#16204 = PCURVE('',#16171,#16205);
#16205 = DEFINITIONAL_REPRESENTATION('',(#16206),#16210);
#16206 = LINE('',#16207,#16208);
#16207 = CARTESIAN_POINT('',(0.,0.));
#16208 = VECTOR('',#16209,1.);
#16209 = DIRECTION('',(0.,1.));
#16210 = ( GEOMETRIC_REPRESENTATION_CONTEXT(2) 
PARAMETRIC_REPRESENTATION_CONTEXT() REPRESENTATION_CONTEXT('2D SPACE',''
  ) );
#16211 = ORIENTED_EDGE('',*,*,#16212,.F.);
#16212 = EDGE_CURVE('',#16191,#16191,#16213,.T.);
#16213 = SURFACE_CURVE('',#16214,(#16219,#16226),.PCURVE_S1.);
#16214 = CIRCLE('',#16215,0.75);
#16215 = AXIS2_PLACEMENT_3D('',#16216,#16217,#16218);
#16216 = CARTESIAN_POINT('',(25.679742120564,24.871938899517,108.5));
#16217 = DIRECTION('',(-6.886751593559E-02,-0.997625814245,0.));
#16218 = DIRECTION('',(0.997625814245,-6.886751593559E-02,0.));
#16219 = PCURVE('',#16171,#16220);
#16220 = DEFINITIONAL_REPRESENTATION('',(#16221),#16225);
#16221 = LINE('',#16222,#16223);
#16222 = CARTESIAN_POINT('',(0.,8.764048478387));
#16223 = VECTOR('',#16224,1.);
#16224 = DIRECTION('',(1.,0.));
#16225 = ( GEOMETRIC_REPRESENTATION_CONTEXT(2) 
PARAMETRIC_REPRESENTATION_CONTEXT() REPRESENTATION_CONTEXT('2D SPACE',''
  ) );
#16226 = PCURVE('',#16227,#16235);
#16227 = SURFACE_OF_LINEAR_EXTRUSION('',#16228,#16233);
#16228 = CIRCLE('',#16229,0.75);
#16229 = AXIS2_PLACEMENT_3D('',#16230,#16231,#16232);
#16230 = CARTESIAN_POINT('',(25.679742120564,24.871938899517,108.5));
#16231 = DIRECTION('',(-6.886751593559E-02,-0.997625814245,0.));
#16232 = DIRECTION('',(0.997625814245,-6.886751593559E-02,0.));
#16233 = VECTOR('',#16234,1.);
#16234 = DIRECTION('',(0.644598272637,-0.76452146269,0.));
#16235 = DEFINITIONAL_REPRESENTATION('',(#16236),#16239);
#16236 = B_SPLINE_CURVE_WITH_KNOTS('',1,(#16237,#16238),.UNSPECIFIED.,
  .F.,.F.,(2,2),(0.,6.28318530718),.PIECEWISE_BEZIER_KNOTS.);
#16237 = CARTESIAN_POINT('',(0.,0.));
#16238 = CARTESIAN_POINT('',(6.28318530718,0.));
#16239 = ( GEOMETRIC_REPRESENTATION_CONTEXT(2) 
PARAMETRIC_REPRESENTATION_CONTEXT() REPRESENTATION_CONTEXT('2D SPACE',''
  ) );
#16240 = ORIENTED_EDGE('',*,*,#16190,.F.);
#16241 = ORIENTED_EDGE('',*,*,#16156,.T.);
#16242 = ADVANCED_FACE('',(#16243),#16227,.T.);
#16243 = FACE_BOUND('',#16244,.T.);
#16244 = EDGE_LOOP('',(#16245,#16267,#16296,#16297));
#16245 = ORIENTED_EDGE('',*,*,#16246,.T.);
#16246 = EDGE_CURVE('',#16191,#16247,#16249,.T.);
#16247 = VERTEX_POINT('',#16248);
#16248 = CARTESIAN_POINT('',(29.601981030871,21.055763640502,108.5));
#16249 = SEAM_CURVE('',#16250,(#16254,#16260),.PCURVE_S1.);
#16250 = LINE('',#16251,#16252);
#16251 = CARTESIAN_POINT('',(26.427961481248,24.820288262565,108.5));
#16252 = VECTOR('',#16253,1.);
#16253 = DIRECTION('',(0.644598272637,-0.76452146269,0.));
#16254 = PCURVE('',#16227,#16255);
#16255 = DEFINITIONAL_REPRESENTATION('',(#16256),#16259);
#16256 = B_SPLINE_CURVE_WITH_KNOTS('',1,(#16257,#16258),.UNSPECIFIED.,
  .F.,.F.,(2,2),(0.,4.924027389395),.PIECEWISE_BEZIER_KNOTS.);
#16257 = CARTESIAN_POINT('',(6.28318530718,0.));
#16258 = CARTESIAN_POINT('',(6.28318530718,4.924027389395));
#16259 = ( GEOMETRIC_REPRESENTATION_CONTEXT(2) 
PARAMETRIC_REPRESENTATION_CONTEXT() REPRESENTATION_CONTEXT('2D SPACE',''
  ) );
#16260 = PCURVE('',#16227,#16261);
#16261 = DEFINITIONAL_REPRESENTATION('',(#16262),#16266);
#16262 = LINE('',#16263,#16264);
#16263 = CARTESIAN_POINT('',(0.,0.));
#16264 = VECTOR('',#16265,1.);
#16265 = DIRECTION('',(0.,1.));
#16266 = ( GEOMETRIC_REPRESENTATION_CONTEXT(2) 
PARAMETRIC_REPRESENTATION_CONTEXT() REPRESENTATION_CONTEXT('2D SPACE',''
  ) );
#16267 = ORIENTED_EDGE('',*,*,#16268,.F.);
#16268 = EDGE_CURVE('',#16247,#16247,#16269,.T.);
#16269 = SURFACE_CURVE('',#16270,(#16275,#16282),.PCURVE_S1.);
#16270 = CIRCLE('',#16271,0.75);
#16271 = AXIS2_PLACEMENT_3D('',#16272,#16273,#16274);
#16272 = CARTESIAN_POINT('',(28.853761670187,21.107414277454,108.5));
#16273 = DIRECTION('',(-6.886751593559E-02,-0.997625814245,0.));
#16274 = DIRECTION('',(0.997625814245,-6.886751593559E-02,0.));
#16275 = PCURVE('',#16227,#16276);
#16276 = DEFINITIONAL_REPRESENTATION('',(#16277),#16281);
#16277 = LINE('',#16278,#16279);
#16278 = CARTESIAN_POINT('',(0.,4.924027389395));
#16279 = VECTOR('',#16280,1.);
#16280 = DIRECTION('',(1.,0.));
#16281 = ( GEOMETRIC_REPRESENTATION_CONTEXT(2) 
PARAMETRIC_REPRESENTATION_CONTEXT() REPRESENTATION_CONTEXT('2D SPACE',''
  ) );
#16282 = PCURVE('',#16283,#16291);
#16283 = SURFACE_OF_LINEAR_EXTRUSION('',#16284,#16289);
#16284 = CIRCLE('',#16285,0.75);
#16285 = AXIS2_PLACEMENT_3D('',#16286,#16287,#16288);
#16286 = CARTESIAN_POINT('',(28.853761670187,21.107414277454,108.5));
#16287 = DIRECTION('',(-6.886751593559E-02,-0.997625814245,0.));
#16288 = DIRECTION('',(0.997625814245,-6.886751593559E-02,0.));
#16289 = VECTOR('',#16290,1.);
#16290 = DIRECTION('',(0.533432572407,-0.84584259215,0.));
#16291 = DEFINITIONAL_REPRESENTATION('',(#16292),#16295);
#16292 = B_SPLINE_CURVE_WITH_KNOTS('',1,(#16293,#16294),.UNSPECIFIED.,
  .F.,.F.,(2,2),(0.,6.28318530718),.PIECEWISE_BEZIER_KNOTS.);
#16293 = CARTESIAN_POINT('',(0.,0.));
#16294 = CARTESIAN_POINT('',(6.28318530718,0.));
#16295 = ( GEOMETRIC_REPRESENTATION_CONTEXT(2) 
PARAMETRIC_REPRESENTATION_CONTEXT() REPRESENTATION_CONTEXT('2D SPACE',''
  ) );
#16296 = ORIENTED_EDGE('',*,*,#16246,.F.);
#16297 = ORIENTED_EDGE('',*,*,#16212,.T.);
#16298 = ADVANCED_FACE('',(#16299),#16283,.T.);
#16299 = FACE_BOUND('',#16300,.T.);
#16300 = EDGE_LOOP('',(#16301,#16323,#16352,#16353));
#16301 = ORIENTED_EDGE('',*,*,#16302,.T.);
#16302 = EDGE_CURVE('',#16247,#16303,#16305,.T.);
#16303 = VERTEX_POINT('',#16304);
#16304 = CARTESIAN_POINT('',(32.228617627797,16.890811549637,108.5));
#16305 = SEAM_CURVE('',#16306,(#16310,#16316),.PCURVE_S1.);
#16306 = LINE('',#16307,#16308);
#16307 = CARTESIAN_POINT('',(29.601981030871,21.055763640502,108.5));
#16308 = VECTOR('',#16309,1.);
#16309 = DIRECTION('',(0.533432572407,-0.84584259215,0.));
#16310 = PCURVE('',#16283,#16311);
#16311 = DEFINITIONAL_REPRESENTATION('',(#16312),#16315);
#16312 = B_SPLINE_CURVE_WITH_KNOTS('',1,(#16313,#16314),.UNSPECIFIED.,
  .F.,.F.,(2,2),(0.,4.924027389395),.PIECEWISE_BEZIER_KNOTS.);
#16313 = CARTESIAN_POINT('',(6.28318530718,0.));
#16314 = CARTESIAN_POINT('',(6.28318530718,4.924027389395));
#16315 = ( GEOMETRIC_REPRESENTATION_CONTEXT(2) 
PARAMETRIC_REPRESENTATION_CONTEXT() REPRESENTATION_CONTEXT('2D SPACE',''
  ) );
#16316 = PCURVE('',#16283,#16317);
#16317 = DEFINITIONAL_REPRESENTATION('',(#16318),#16322);
#16318 = LINE('',#16319,#16320);
#16319 = CARTESIAN_POINT('',(0.,0.));
#16320 = VECTOR('',#16321,1.);
#16321 = DIRECTION('',(0.,1.));
#16322 = ( GEOMETRIC_REPRESENTATION_CONTEXT(2) 
PARAMETRIC_REPRESENTATION_CONTEXT() REPRESENTATION_CONTEXT('2D SPACE',''
  ) );
#16323 = ORIENTED_EDGE('',*,*,#16324,.F.);
#16324 = EDGE_CURVE('',#16303,#16303,#16325,.T.);
#16325 = SURFACE_CURVE('',#16326,(#16331,#16338),.PCURVE_S1.);
#16326 = CIRCLE('',#16327,0.75);
#16327 = AXIS2_PLACEMENT_3D('',#16328,#16329,#16330);
#16328 = CARTESIAN_POINT('',(31.480398267112,16.942462186588,108.5));
#16329 = DIRECTION('',(-6.886751593559E-02,-0.997625814245,0.));
#16330 = DIRECTION('',(0.997625814245,-6.886751593559E-02,0.));
#16331 = PCURVE('',#16283,#16332);
#16332 = DEFINITIONAL_REPRESENTATION('',(#16333),#16337);
#16333 = LINE('',#16334,#16335);
#16334 = CARTESIAN_POINT('',(0.,4.924027389395));
#16335 = VECTOR('',#16336,1.);
#16336 = DIRECTION('',(1.,0.));
#16337 = ( GEOMETRIC_REPRESENTATION_CONTEXT(2) 
PARAMETRIC_REPRESENTATION_CONTEXT() REPRESENTATION_CONTEXT('2D SPACE',''
  ) );
#16338 = PCURVE('',#16339,#16347);
#16339 = SURFACE_OF_LINEAR_EXTRUSION('',#16340,#16345);
#16340 = CIRCLE('',#16341,0.75);
#16341 = AXIS2_PLACEMENT_3D('',#16342,#16343,#16344);
#16342 = CARTESIAN_POINT('',(31.480398267112,16.942462186588,108.5));
#16343 = DIRECTION('',(-6.886751593559E-02,-0.997625814245,0.));
#16344 = DIRECTION('',(0.997625814245,-6.886751593559E-02,0.));
#16345 = VECTOR('',#16346,1.);
#16346 = DIRECTION('',(0.412147155382,-0.911117293388,0.));
#16347 = DEFINITIONAL_REPRESENTATION('',(#16348),#16351);
#16348 = B_SPLINE_CURVE_WITH_KNOTS('',1,(#16349,#16350),.UNSPECIFIED.,
  .F.,.F.,(2,2),(0.,6.28318530718),.PIECEWISE_BEZIER_KNOTS.);
#16349 = CARTESIAN_POINT('',(0.,0.));
#16350 = CARTESIAN_POINT('',(6.28318530718,0.));
#16351 = ( GEOMETRIC_REPRESENTATION_CONTEXT(2) 
PARAMETRIC_REPRESENTATION_CONTEXT() REPRESENTATION_CONTEXT('2D SPACE',''
  ) );
#16352 = ORIENTED_EDGE('',*,*,#16302,.F.);
#16353 = ORIENTED_EDGE('',*,*,#16268,.T.);
#16354 = ADVANCED_FACE('',(#16355),#16339,.T.);
#16355 = FACE_BOUND('',#16356,.T.);
#16356 = EDGE_LOOP('',(#16357,#16379,#16408,#16409));
#16357 = ORIENTED_EDGE('',*,*,#16358,.T.);
#16358 = EDGE_CURVE('',#16303,#16359,#16361,.T.);
#16359 = VERTEX_POINT('',#16360);
#16360 = CARTESIAN_POINT('',(34.258041509358,12.404445042043,108.5));
#16361 = SEAM_CURVE('',#16362,(#16366,#16372),.PCURVE_S1.);
#16362 = LINE('',#16363,#16364);
#16363 = CARTESIAN_POINT('',(32.228617627797,16.890811549637,108.5));
#16364 = VECTOR('',#16365,1.);
#16365 = DIRECTION('',(0.412147155382,-0.911117293388,0.));
#16366 = PCURVE('',#16339,#16367);
#16367 = DEFINITIONAL_REPRESENTATION('',(#16368),#16371);
#16368 = B_SPLINE_CURVE_WITH_KNOTS('',1,(#16369,#16370),.UNSPECIFIED.,
  .F.,.F.,(2,2),(0.,4.924027389395),.PIECEWISE_BEZIER_KNOTS.);
#16369 = CARTESIAN_POINT('',(6.28318530718,0.));
#16370 = CARTESIAN_POINT('',(6.28318530718,4.924027389395));
#16371 = ( GEOMETRIC_REPRESENTATION_CONTEXT(2) 
PARAMETRIC_REPRESENTATION_CONTEXT() REPRESENTATION_CONTEXT('2D SPACE',''
  ) );
#16372 = PCURVE('',#16339,#16373);
#16373 = DEFINITIONAL_REPRESENTATION('',(#16374),#16378);
#16374 = LINE('',#16375,#16376);
#16375 = CARTESIAN_POINT('',(0.,0.));
#16376 = VECTOR('',#16377,1.);
#16377 = DIRECTION('',(0.,1.));
#16378 = ( GEOMETRIC_REPRESENTATION_CONTEXT(2) 
PARAMETRIC_REPRESENTATION_CONTEXT() REPRESENTATION_CONTEXT('2D SPACE',''
  ) );
#16379 = ORIENTED_EDGE('',*,*,#16380,.F.);
#16380 = EDGE_CURVE('',#16359,#16359,#16381,.T.);
#16381 = SURFACE_CURVE('',#16382,(#16387,#16394),.PCURVE_S1.);
#16382 = CIRCLE('',#16383,0.75);
#16383 = AXIS2_PLACEMENT_3D('',#16384,#16385,#16386);
#16384 = CARTESIAN_POINT('',(33.509822148674,12.456095678995,108.5));
#16385 = DIRECTION('',(-6.886751593559E-02,-0.997625814245,0.));
#16386 = DIRECTION('',(0.997625814245,-6.886751593559E-02,0.));
#16387 = PCURVE('',#16339,#16388);
#16388 = DEFINITIONAL_REPRESENTATION('',(#16389),#16393);
#16389 = LINE('',#16390,#16391);
#16390 = CARTESIAN_POINT('',(0.,4.924027389395));
#16391 = VECTOR('',#16392,1.);
#16392 = DIRECTION('',(1.,0.));
#16393 = ( GEOMETRIC_REPRESENTATION_CONTEXT(2) 
PARAMETRIC_REPRESENTATION_CONTEXT() REPRESENTATION_CONTEXT('2D SPACE',''
  ) );
#16394 = PCURVE('',#16395,#16403);
#16395 = SURFACE_OF_LINEAR_EXTRUSION('',#16396,#16401);
#16396 = CIRCLE('',#16397,0.75);
#16397 = AXIS2_PLACEMENT_3D('',#16398,#16399,#16400);
#16398 = CARTESIAN_POINT('',(33.509822148674,12.456095678995,108.5));
#16399 = DIRECTION('',(-6.886751593559E-02,-0.997625814245,0.));
#16400 = DIRECTION('',(0.997625814245,-6.886751593559E-02,
    -2.775557561563E-17));
#16401 = VECTOR('',#16402,1.);
#16402 = DIRECTION('',(0.159025944797,-0.538868577759,0.827243256114));
#16403 = DEFINITIONAL_REPRESENTATION('',(#16404),#16407);
#16404 = B_SPLINE_CURVE_WITH_KNOTS('',1,(#16405,#16406),.UNSPECIFIED.,
  .F.,.F.,(2,2),(0.,6.28318530718),.PIECEWISE_BEZIER_KNOTS.);
#16405 = CARTESIAN_POINT('',(0.,0.));
#16406 = CARTESIAN_POINT('',(6.28318530718,0.));
#16407 = ( GEOMETRIC_REPRESENTATION_CONTEXT(2) 
PARAMETRIC_REPRESENTATION_CONTEXT() REPRESENTATION_CONTEXT('2D SPACE',''
  ) );
#16408 = ORIENTED_EDGE('',*,*,#16358,.F.);
#16409 = ORIENTED_EDGE('',*,*,#16324,.T.);
#16410 = ADVANCED_FACE('',(#16411),#16395,.T.);
#16411 = FACE_BOUND('',#16412,.T.);
#16412 = EDGE_LOOP('',(#16413,#16435,#16464,#16465));
#16413 = ORIENTED_EDGE('',*,*,#16414,.T.);
#16414 = EDGE_CURVE('',#16359,#16415,#16417,.T.);
#16415 = VERTEX_POINT('',#16416);
#16416 = CARTESIAN_POINT('',(35.651752598883,7.681774703088,115.75));
#16417 = SEAM_CURVE('',#16418,(#16422,#16428),.PCURVE_S1.);
#16418 = LINE('',#16419,#16420);
#16419 = CARTESIAN_POINT('',(34.258041509358,12.404445042043,108.5));
#16420 = VECTOR('',#16421,1.);
#16421 = DIRECTION('',(0.159025944797,-0.538868577759,0.827243256114));
#16422 = PCURVE('',#16395,#16423);
#16423 = DEFINITIONAL_REPRESENTATION('',(#16424),#16427);
#16424 = B_SPLINE_CURVE_WITH_KNOTS('',1,(#16425,#16426),.UNSPECIFIED.,
  .F.,.F.,(2,2),(0.,8.764048478387),.PIECEWISE_BEZIER_KNOTS.);
#16425 = CARTESIAN_POINT('',(6.28318530718,0.));
#16426 = CARTESIAN_POINT('',(6.28318530718,8.764048478387));
#16427 = ( GEOMETRIC_REPRESENTATION_CONTEXT(2) 
PARAMETRIC_REPRESENTATION_CONTEXT() REPRESENTATION_CONTEXT('2D SPACE',''
  ) );
#16428 = PCURVE('',#16395,#16429);
#16429 = DEFINITIONAL_REPRESENTATION('',(#16430),#16434);
#16430 = LINE('',#16431,#16432);
#16431 = CARTESIAN_POINT('',(0.,0.));
#16432 = VECTOR('',#16433,1.);
#16433 = DIRECTION('',(0.,1.));
#16434 = ( GEOMETRIC_REPRESENTATION_CONTEXT(2) 
PARAMETRIC_REPRESENTATION_CONTEXT() REPRESENTATION_CONTEXT('2D SPACE',''
  ) );
#16435 = ORIENTED_EDGE('',*,*,#16436,.F.);
#16436 = EDGE_CURVE('',#16415,#16415,#16437,.T.);
#16437 = SURFACE_CURVE('',#16438,(#16443,#16450),.PCURVE_S1.);
#16438 = CIRCLE('',#16439,0.75);
#16439 = AXIS2_PLACEMENT_3D('',#16440,#16441,#16442);
#16440 = CARTESIAN_POINT('',(34.903533238199,7.73342534004,115.75));
#16441 = DIRECTION('',(-6.886751593559E-02,-0.997625814245,0.));
#16442 = DIRECTION('',(0.997625814245,-6.886751593559E-02,
    -2.775557561563E-17));
#16443 = PCURVE('',#16395,#16444);
#16444 = DEFINITIONAL_REPRESENTATION('',(#16445),#16449);
#16445 = LINE('',#16446,#16447);
#16446 = CARTESIAN_POINT('',(0.,8.764048478387));
#16447 = VECTOR('',#16448,1.);
#16448 = DIRECTION('',(1.,0.));
#16449 = ( GEOMETRIC_REPRESENTATION_CONTEXT(2) 
PARAMETRIC_REPRESENTATION_CONTEXT() REPRESENTATION_CONTEXT('2D SPACE',''
  ) );
#16450 = PCURVE('',#16451,#16459);
#16451 = SURFACE_OF_LINEAR_EXTRUSION('',#16452,#16457);
#16452 = CIRCLE('',#16453,0.75);
#16453 = AXIS2_PLACEMENT_3D('',#16454,#16455,#16456);
#16454 = CARTESIAN_POINT('',(34.903533238199,7.73342534004,115.75));
#16455 = DIRECTION('',(-6.886751593559E-02,-0.997625814245,0.));
#16456 = DIRECTION('',(0.997625814245,-6.886751593559E-02,
    -2.775557561563E-17));
#16457 = VECTOR('',#16458,1.);
#16458 = DIRECTION('',(0.148569094273,-0.98890202964,0.));
#16459 = DEFINITIONAL_REPRESENTATION('',(#16460),#16463);
#16460 = B_SPLINE_CURVE_WITH_KNOTS('',1,(#16461,#16462),.UNSPECIFIED.,
  .F.,.F.,(2,2),(0.,6.28318530718),.PIECEWISE_BEZIER_KNOTS.);
#16461 = CARTESIAN_POINT('',(0.,0.));
#16462 = CARTESIAN_POINT('',(6.28318530718,0.));
#16463 = ( GEOMETRIC_REPRESENTATION_CONTEXT(2) 
PARAMETRIC_REPRESENTATION_CONTEXT() REPRESENTATION_CONTEXT('2D SPACE',''
  ) );
#16464 = ORIENTED_EDGE('',*,*,#16414,.F.);
#16465 = ORIENTED_EDGE('',*,*,#16380,.T.);
#16466 = ADVANCED_FACE('',(#16467),#16451,.T.);
#16467 = FACE_BOUND('',#16468,.T.);
#16468 = EDGE_LOOP('',(#16469,#16491,#16520,#16521));
#16469 = ORIENTED_EDGE('',*,*,#16470,.T.);
#16470 = EDGE_CURVE('',#16415,#16471,#16473,.T.);
#16471 = VERTEX_POINT('',#16472);
#16472 = CARTESIAN_POINT('',(36.383310888302,2.812394023711,115.75));
#16473 = SEAM_CURVE('',#16474,(#16478,#16484),.PCURVE_S1.);
#16474 = LINE('',#16475,#16476);
#16475 = CARTESIAN_POINT('',(35.651752598883,7.681774703088,115.75));
#16476 = VECTOR('',#16477,1.);
#16477 = DIRECTION('',(0.148569094273,-0.98890202964,0.));
#16478 = PCURVE('',#16451,#16479);
#16479 = DEFINITIONAL_REPRESENTATION('',(#16480),#16483);
#16480 = B_SPLINE_CURVE_WITH_KNOTS('',1,(#16481,#16482),.UNSPECIFIED.,
  .F.,.F.,(2,2),(0.,4.924027389395),.PIECEWISE_BEZIER_KNOTS.);
#16481 = CARTESIAN_POINT('',(6.28318530718,0.));
#16482 = CARTESIAN_POINT('',(6.28318530718,4.924027389395));
#16483 = ( GEOMETRIC_REPRESENTATION_CONTEXT(2) 
PARAMETRIC_REPRESENTATION_CONTEXT() REPRESENTATION_CONTEXT('2D SPACE',''
  ) );
#16484 = PCURVE('',#16451,#16485);
#16485 = DEFINITIONAL_REPRESENTATION('',(#16486),#16490);
#16486 = LINE('',#16487,#16488);
#16487 = CARTESIAN_POINT('',(0.,0.));
#16488 = VECTOR('',#16489,1.);
#16489 = DIRECTION('',(0.,1.));
#16490 = ( GEOMETRIC_REPRESENTATION_CONTEXT(2) 
PARAMETRIC_REPRESENTATION_CONTEXT() REPRESENTATION_CONTEXT('2D SPACE',''
  ) );
#16491 = ORIENTED_EDGE('',*,*,#16492,.F.);
#16492 = EDGE_CURVE('',#16471,#16471,#16493,.T.);
#16493 = SURFACE_CURVE('',#16494,(#16499,#16506),.PCURVE_S1.);
#16494 = CIRCLE('',#16495,0.75);
#16495 = AXIS2_PLACEMENT_3D('',#16496,#16497,#16498);
#16496 = CARTESIAN_POINT('',(35.635091527618,2.864044660663,115.75));
#16497 = DIRECTION('',(-6.886751593559E-02,-0.997625814245,0.));
#16498 = DIRECTION('',(0.997625814245,-6.886751593559E-02,
    -2.775557561563E-17));
#16499 = PCURVE('',#16451,#16500);
#16500 = DEFINITIONAL_REPRESENTATION('',(#16501),#16505);
#16501 = LINE('',#16502,#16503);
#16502 = CARTESIAN_POINT('',(0.,4.924027389395));
#16503 = VECTOR('',#16504,1.);
#16504 = DIRECTION('',(1.,0.));
#16505 = ( GEOMETRIC_REPRESENTATION_CONTEXT(2) 
PARAMETRIC_REPRESENTATION_CONTEXT() REPRESENTATION_CONTEXT('2D SPACE',''
  ) );
#16506 = PCURVE('',#16507,#16515);
#16507 = SURFACE_OF_LINEAR_EXTRUSION('',#16508,#16513);
#16508 = CIRCLE('',#16509,0.75);
#16509 = AXIS2_PLACEMENT_3D('',#16510,#16511,#16512);
#16510 = CARTESIAN_POINT('',(35.635091527618,2.864044660663,115.75));
#16511 = DIRECTION('',(-6.886751593559E-02,-0.997625814245,0.));
#16512 = DIRECTION('',(0.997625814245,-6.886751593559E-02,
    -2.775557561563E-17));
#16513 = VECTOR('',#16514,1.);
#16514 = DIRECTION('',(1.127677351005E-02,-0.999936415168,0.));
#16515 = DEFINITIONAL_REPRESENTATION('',(#16516),#16519);
#16516 = B_SPLINE_CURVE_WITH_KNOTS('',1,(#16517,#16518),.UNSPECIFIED.,
  .F.,.F.,(2,2),(0.,6.28318530718),.PIECEWISE_BEZIER_KNOTS.);
#16517 = CARTESIAN_POINT('',(0.,0.));
#16518 = CARTESIAN_POINT('',(6.28318530718,0.));
#16519 = ( GEOMETRIC_REPRESENTATION_CONTEXT(2) 
PARAMETRIC_REPRESENTATION_CONTEXT() REPRESENTATION_CONTEXT('2D SPACE',''
  ) );
#16520 = ORIENTED_EDGE('',*,*,#16470,.F.);
#16521 = ORIENTED_EDGE('',*,*,#16436,.T.);
#16522 = ADVANCED_FACE('',(#16523),#16507,.T.);
#16523 = FACE_BOUND('',#16524,.T.);
#16524 = EDGE_LOOP('',(#16525,#16547,#16576,#16577));
#16525 = ORIENTED_EDGE('',*,*,#16526,.T.);
#16526 = EDGE_CURVE('',#16471,#16527,#16529,.T.);
#16527 = VERTEX_POINT('',#16528);
#16528 = CARTESIAN_POINT('',(36.43883802993,-2.11132027223,115.75));
#16529 = SEAM_CURVE('',#16530,(#16534,#16540),.PCURVE_S1.);
#16530 = LINE('',#16531,#16532);
#16531 = CARTESIAN_POINT('',(36.383310888302,2.812394023711,115.75));
#16532 = VECTOR('',#16533,1.);
#16533 = DIRECTION('',(1.127677351005E-02,-0.999936415168,0.));
#16534 = PCURVE('',#16507,#16535);
#16535 = DEFINITIONAL_REPRESENTATION('',(#16536),#16539);
#16536 = B_SPLINE_CURVE_WITH_KNOTS('',1,(#16537,#16538),.UNSPECIFIED.,
  .F.,.F.,(2,2),(0.,4.924027389395),.PIECEWISE_BEZIER_KNOTS.);
#16537 = CARTESIAN_POINT('',(6.28318530718,0.));
#16538 = CARTESIAN_POINT('',(6.28318530718,4.924027389395));
#16539 = ( GEOMETRIC_REPRESENTATION_CONTEXT(2) 
PARAMETRIC_REPRESENTATION_CONTEXT() REPRESENTATION_CONTEXT('2D SPACE',''
  ) );
#16540 = PCURVE('',#16507,#16541);
#16541 = DEFINITIONAL_REPRESENTATION('',(#16542),#16546);
#16542 = LINE('',#16543,#16544);
#16543 = CARTESIAN_POINT('',(0.,0.));
#16544 = VECTOR('',#16545,1.);
#16545 = DIRECTION('',(0.,1.));
#16546 = ( GEOMETRIC_REPRESENTATION_CONTEXT(2) 
PARAMETRIC_REPRESENTATION_CONTEXT() REPRESENTATION_CONTEXT('2D SPACE',''
  ) );
#16547 = ORIENTED_EDGE('',*,*,#16548,.F.);
#16548 = EDGE_CURVE('',#16527,#16527,#16549,.T.);
#16549 = SURFACE_CURVE('',#16550,(#16555,#16562),.PCURVE_S1.);
#16550 = CIRCLE('',#16551,0.75);
#16551 = AXIS2_PLACEMENT_3D('',#16552,#16553,#16554);
#16552 = CARTESIAN_POINT('',(35.690618669246,-2.059669635278,115.75));
#16553 = DIRECTION('',(-6.886751593559E-02,-0.997625814245,0.));
#16554 = DIRECTION('',(0.997625814245,-6.886751593559E-02,
    -2.775557561563E-17));
#16555 = PCURVE('',#16507,#16556);
#16556 = DEFINITIONAL_REPRESENTATION('',(#16557),#16561);
#16557 = LINE('',#16558,#16559);
#16558 = CARTESIAN_POINT('',(0.,4.924027389395));
#16559 = VECTOR('',#16560,1.);
#16560 = DIRECTION('',(1.,0.));
#16561 = ( GEOMETRIC_REPRESENTATION_CONTEXT(2) 
PARAMETRIC_REPRESENTATION_CONTEXT() REPRESENTATION_CONTEXT('2D SPACE',''
  ) );
#16562 = PCURVE('',#16563,#16571);
#16563 = SURFACE_OF_LINEAR_EXTRUSION('',#16564,#16569);
#16564 = CIRCLE('',#16565,0.75);
#16565 = AXIS2_PLACEMENT_3D('',#16566,#16567,#16568);
#16566 = CARTESIAN_POINT('',(35.690618669246,-2.059669635278,115.75));
#16567 = DIRECTION('',(-6.886751593559E-02,-0.997625814245,0.));
#16568 = DIRECTION('',(0.997625814245,-6.886751593559E-02,
    -2.775557561563E-17));
#16569 = VECTOR('',#16570,1.);
#16570 = DIRECTION('',(-0.126229478236,-0.992001067955,0.));
#16571 = DEFINITIONAL_REPRESENTATION('',(#16572),#16575);
#16572 = B_SPLINE_CURVE_WITH_KNOTS('',1,(#16573,#16574),.UNSPECIFIED.,
  .F.,.F.,(2,2),(0.,6.28318530718),.PIECEWISE_BEZIER_KNOTS.);
#16573 = CARTESIAN_POINT('',(0.,0.));
#16574 = CARTESIAN_POINT('',(6.28318530718,0.));
#16575 = ( GEOMETRIC_REPRESENTATION_CONTEXT(2) 
PARAMETRIC_REPRESENTATION_CONTEXT() REPRESENTATION_CONTEXT('2D SPACE',''
  ) );
#16576 = ORIENTED_EDGE('',*,*,#16526,.F.);
#16577 = ORIENTED_EDGE('',*,*,#16492,.T.);
#16578 = ADVANCED_FACE('',(#16579),#16563,.T.);
#16579 = FACE_BOUND('',#16580,.T.);
#16580 = EDGE_LOOP('',(#16581,#16603,#16632,#16633));
#16581 = ORIENTED_EDGE('',*,*,#16582,.T.);
#16582 = EDGE_CURVE('',#16527,#16583,#16585,.T.);
#16583 = VERTEX_POINT('',#16584);
#16584 = CARTESIAN_POINT('',(35.817280621748,-6.99596070115,115.75));
#16585 = SEAM_CURVE('',#16586,(#16590,#16596),.PCURVE_S1.);
#16586 = LINE('',#16587,#16588);
#16587 = CARTESIAN_POINT('',(36.43883802993,-2.11132027223,115.75));
#16588 = VECTOR('',#16589,1.);
#16589 = DIRECTION('',(-0.126229478236,-0.992001067955,0.));
#16590 = PCURVE('',#16563,#16591);
#16591 = DEFINITIONAL_REPRESENTATION('',(#16592),#16595);
#16592 = B_SPLINE_CURVE_WITH_KNOTS('',1,(#16593,#16594),.UNSPECIFIED.,
  .F.,.F.,(2,2),(0.,4.924027389395),.PIECEWISE_BEZIER_KNOTS.);
#16593 = CARTESIAN_POINT('',(6.28318530718,0.));
#16594 = CARTESIAN_POINT('',(6.28318530718,4.924027389395));
#16595 = ( GEOMETRIC_REPRESENTATION_CONTEXT(2) 
PARAMETRIC_REPRESENTATION_CONTEXT() REPRESENTATION_CONTEXT('2D SPACE',''
  ) );
#16596 = PCURVE('',#16563,#16597);
#16597 = DEFINITIONAL_REPRESENTATION('',(#16598),#16602);
#16598 = LINE('',#16599,#16600);
#16599 = CARTESIAN_POINT('',(0.,0.));
#16600 = VECTOR('',#16601,1.);
#16601 = DIRECTION('',(0.,1.));
#16602 = ( GEOMETRIC_REPRESENTATION_CONTEXT(2) 
PARAMETRIC_REPRESENTATION_CONTEXT() REPRESENTATION_CONTEXT('2D SPACE',''
  ) );
#16603 = ORIENTED_EDGE('',*,*,#16604,.F.);
#16604 = EDGE_CURVE('',#16583,#16583,#16605,.T.);
#16605 = SURFACE_CURVE('',#16606,(#16611,#16618),.PCURVE_S1.);
#16606 = CIRCLE('',#16607,0.75);
#16607 = AXIS2_PLACEMENT_3D('',#16608,#16609,#16610);
#16608 = CARTESIAN_POINT('',(35.069061261064,-6.944310064199,115.75));
#16609 = DIRECTION('',(-6.886751593559E-02,-0.997625814245,0.));
#16610 = DIRECTION('',(0.997625814245,-6.886751593559E-02,
    -2.775557561563E-17));
#16611 = PCURVE('',#16563,#16612);
#16612 = DEFINITIONAL_REPRESENTATION('',(#16613),#16617);
#16613 = LINE('',#16614,#16615);
#16614 = CARTESIAN_POINT('',(0.,4.924027389395));
#16615 = VECTOR('',#16616,1.);
#16616 = DIRECTION('',(1.,0.));
#16617 = ( GEOMETRIC_REPRESENTATION_CONTEXT(2) 
PARAMETRIC_REPRESENTATION_CONTEXT() REPRESENTATION_CONTEXT('2D SPACE',''
  ) );
#16618 = PCURVE('',#16619,#16627);
#16619 = SURFACE_OF_LINEAR_EXTRUSION('',#16620,#16625);
#16620 = CIRCLE('',#16621,0.75);
#16621 = AXIS2_PLACEMENT_3D('',#16622,#16623,#16624);
#16622 = CARTESIAN_POINT('',(35.069061261064,-6.944310064199,115.75));
#16623 = DIRECTION('',(-6.886751593559E-02,-0.997625814245,
    5.537935744678E-17));
#16624 = DIRECTION('',(0.997625814245,-6.886751593559E-02,
    -2.775557561563E-17));
#16625 = VECTOR('',#16626,1.);
#16626 = DIRECTION('',(-0.146832874497,-0.542317897714,0.827243256114));
#16627 = DEFINITIONAL_REPRESENTATION('',(#16628),#16631);
#16628 = B_SPLINE_CURVE_WITH_KNOTS('',1,(#16629,#16630),.UNSPECIFIED.,
  .F.,.F.,(2,2),(0.,6.28318530718),.PIECEWISE_BEZIER_KNOTS.);
#16629 = CARTESIAN_POINT('',(0.,0.));
#16630 = CARTESIAN_POINT('',(6.28318530718,0.));
#16631 = ( GEOMETRIC_REPRESENTATION_CONTEXT(2) 
PARAMETRIC_REPRESENTATION_CONTEXT() REPRESENTATION_CONTEXT('2D SPACE',''
  ) );
#16632 = ORIENTED_EDGE('',*,*,#16582,.F.);
#16633 = ORIENTED_EDGE('',*,*,#16548,.T.);
#16634 = ADVANCED_FACE('',(#16635),#16619,.T.);
#16635 = FACE_BOUND('',#16636,.T.);
#16636 = EDGE_LOOP('',(#16637,#16659,#16688,#16689));
#16637 = ORIENTED_EDGE('',*,*,#16638,.T.);
#16638 = EDGE_CURVE('',#16583,#16639,#16641,.T.);
#16639 = VERTEX_POINT('',#16640);
#16640 = CARTESIAN_POINT('',(34.530430191436,-11.74886104741,123.));
#16641 = SEAM_CURVE('',#16642,(#16646,#16652),.PCURVE_S1.);
#16642 = LINE('',#16643,#16644);
#16643 = CARTESIAN_POINT('',(35.817280621748,-6.99596070115,115.75));
#16644 = VECTOR('',#16645,1.);
#16645 = DIRECTION('',(-0.146832874497,-0.542317897714,0.827243256114));
#16646 = PCURVE('',#16619,#16647);
#16647 = DEFINITIONAL_REPRESENTATION('',(#16648),#16651);
#16648 = B_SPLINE_CURVE_WITH_KNOTS('',1,(#16649,#16650),.UNSPECIFIED.,
  .F.,.F.,(2,2),(0.,8.764048478387),.PIECEWISE_BEZIER_KNOTS.);
#16649 = CARTESIAN_POINT('',(6.28318530718,0.));
#16650 = CARTESIAN_POINT('',(6.28318530718,8.764048478387));
#16651 = ( GEOMETRIC_REPRESENTATION_CONTEXT(2) 
PARAMETRIC_REPRESENTATION_CONTEXT() REPRESENTATION_CONTEXT('2D SPACE',''
  ) );
#16652 = PCURVE('',#16619,#16653);
#16653 = DEFINITIONAL_REPRESENTATION('',(#16654),#16658);
#16654 = LINE('',#16655,#16656);
#16655 = CARTESIAN_POINT('',(0.,0.));
#16656 = VECTOR('',#16657,1.);
#16657 = DIRECTION('',(0.,1.));
#16658 = ( GEOMETRIC_REPRESENTATION_CONTEXT(2) 
PARAMETRIC_REPRESENTATION_CONTEXT() REPRESENTATION_CONTEXT('2D SPACE',''
  ) );
#16659 = ORIENTED_EDGE('',*,*,#16660,.F.);
#16660 = EDGE_CURVE('',#16639,#16639,#16661,.T.);
#16661 = SURFACE_CURVE('',#16662,(#16667,#16674),.PCURVE_S1.);
#16662 = CIRCLE('',#16663,0.75);
#16663 = AXIS2_PLACEMENT_3D('',#16664,#16665,#16666);
#16664 = CARTESIAN_POINT('',(33.782210830752,-11.69721041046,123.));
#16665 = DIRECTION('',(-6.886751593559E-02,-0.997625814245,
    5.537935744678E-17));
#16666 = DIRECTION('',(0.997625814245,-6.886751593559E-02,
    -2.775557561563E-17));
#16667 = PCURVE('',#16619,#16668);
#16668 = DEFINITIONAL_REPRESENTATION('',(#16669),#16673);
#16669 = LINE('',#16670,#16671);
#16670 = CARTESIAN_POINT('',(0.,8.764048478387));
#16671 = VECTOR('',#16672,1.);
#16672 = DIRECTION('',(1.,0.));
#16673 = ( GEOMETRIC_REPRESENTATION_CONTEXT(2) 
PARAMETRIC_REPRESENTATION_CONTEXT() REPRESENTATION_CONTEXT('2D SPACE',''
  ) );
#16674 = PCURVE('',#16675,#16683);
#16675 = SURFACE_OF_LINEAR_EXTRUSION('',#16676,#16681);
#16676 = CIRCLE('',#16677,0.75);
#16677 = AXIS2_PLACEMENT_3D('',#16678,#16679,#16680);
#16678 = CARTESIAN_POINT('',(33.782210830752,-11.69721041046,123.));
#16679 = DIRECTION('',(-6.886751593559E-02,-0.997625814245,
    5.537935744678E-17));
#16680 = DIRECTION('',(0.997625814245,-6.886751593559E-02,
    -2.775557561563E-17));
#16681 = VECTOR('',#16682,1.);
#16682 = DIRECTION('',(-0.391494713367,-0.920180356998,0.));
#16683 = DEFINITIONAL_REPRESENTATION('',(#16684),#16687);
#16684 = B_SPLINE_CURVE_WITH_KNOTS('',1,(#16685,#16686),.UNSPECIFIED.,
  .F.,.F.,(2,2),(0.,6.28318530718),.PIECEWISE_BEZIER_KNOTS.);
#16685 = CARTESIAN_POINT('',(0.,0.));
#16686 = CARTESIAN_POINT('',(6.28318530718,0.));
#16687 = ( GEOMETRIC_REPRESENTATION_CONTEXT(2) 
PARAMETRIC_REPRESENTATION_CONTEXT() REPRESENTATION_CONTEXT('2D SPACE',''
  ) );
#16688 = ORIENTED_EDGE('',*,*,#16638,.F.);
#16689 = ORIENTED_EDGE('',*,*,#16604,.T.);
#16690 = ADVANCED_FACE('',(#16691),#16675,.T.);
#16691 = FACE_BOUND('',#16692,.T.);
#16692 = EDGE_LOOP('',(#16693,#16715,#16744,#16745));
#16693 = ORIENTED_EDGE('',*,*,#16694,.T.);
#16694 = EDGE_CURVE('',#16639,#16695,#16697,.T.);
#16695 = VERTEX_POINT('',#16696);
#16696 = CARTESIAN_POINT('',(32.602699500014,-16.27985432845,123.));
#16697 = SEAM_CURVE('',#16698,(#16702,#16708),.PCURVE_S1.);
#16698 = LINE('',#16699,#16700);
#16699 = CARTESIAN_POINT('',(34.530430191436,-11.74886104741,123.));
#16700 = VECTOR('',#16701,1.);
#16701 = DIRECTION('',(-0.391494713367,-0.920180356998,0.));
#16702 = PCURVE('',#16675,#16703);
#16703 = DEFINITIONAL_REPRESENTATION('',(#16704),#16707);
#16704 = B_SPLINE_CURVE_WITH_KNOTS('',1,(#16705,#16706),.UNSPECIFIED.,
  .F.,.F.,(2,2),(0.,4.924027389395),.PIECEWISE_BEZIER_KNOTS.);
#16705 = CARTESIAN_POINT('',(6.28318530718,0.));
#16706 = CARTESIAN_POINT('',(6.28318530718,4.924027389395));
#16707 = ( GEOMETRIC_REPRESENTATION_CONTEXT(2) 
PARAMETRIC_REPRESENTATION_CONTEXT() REPRESENTATION_CONTEXT('2D SPACE',''
  ) );
#16708 = PCURVE('',#16675,#16709);
#16709 = DEFINITIONAL_REPRESENTATION('',(#16710),#16714);
#16710 = LINE('',#16711,#16712);
#16711 = CARTESIAN_POINT('',(0.,0.));
#16712 = VECTOR('',#16713,1.);
#16713 = DIRECTION('',(0.,1.));
#16714 = ( GEOMETRIC_REPRESENTATION_CONTEXT(2) 
PARAMETRIC_REPRESENTATION_CONTEXT() REPRESENTATION_CONTEXT('2D SPACE',''
  ) );
#16715 = ORIENTED_EDGE('',*,*,#16716,.F.);
#16716 = EDGE_CURVE('',#16695,#16695,#16717,.T.);
#16717 = SURFACE_CURVE('',#16718,(#16723,#16730),.PCURVE_S1.);
#16718 = CIRCLE('',#16719,0.75);
#16719 = AXIS2_PLACEMENT_3D('',#16720,#16721,#16722);
#16720 = CARTESIAN_POINT('',(31.85448013933,-16.2282036915,123.));
#16721 = DIRECTION('',(-6.886751593559E-02,-0.997625814245,
    5.537935744678E-17));
#16722 = DIRECTION('',(0.997625814245,-6.886751593559E-02,
    -2.775557561563E-17));
#16723 = PCURVE('',#16675,#16724);
#16724 = DEFINITIONAL_REPRESENTATION('',(#16725),#16729);
#16725 = LINE('',#16726,#16727);
#16726 = CARTESIAN_POINT('',(0.,4.924027389395));
#16727 = VECTOR('',#16728,1.);
#16728 = DIRECTION('',(1.,0.));
#16729 = ( GEOMETRIC_REPRESENTATION_CONTEXT(2) 
PARAMETRIC_REPRESENTATION_CONTEXT() REPRESENTATION_CONTEXT('2D SPACE',''
  ) );
#16730 = PCURVE('',#16731,#16739);
#16731 = SURFACE_OF_LINEAR_EXTRUSION('',#16732,#16737);
#16732 = CIRCLE('',#16733,0.75);
#16733 = AXIS2_PLACEMENT_3D('',#16734,#16735,#16736);
#16734 = CARTESIAN_POINT('',(31.85448013933,-16.2282036915,123.));
#16735 = DIRECTION('',(-6.886751593559E-02,-0.997625814245,
    5.537935744678E-17));
#16736 = DIRECTION('',(0.997625814245,-6.886751593559E-02,
    -2.775557561563E-17));
#16737 = VECTOR('',#16738,1.);
#16738 = DIRECTION('',(-0.514221366156,-0.857657499581,0.));
#16739 = DEFINITIONAL_REPRESENTATION('',(#16740),#16743);
#16740 = B_SPLINE_CURVE_WITH_KNOTS('',1,(#16741,#16742),.UNSPECIFIED.,
  .F.,.F.,(2,2),(0.,6.28318530718),.PIECEWISE_BEZIER_KNOTS.);
#16741 = CARTESIAN_POINT('',(0.,0.));
#16742 = CARTESIAN_POINT('',(6.28318530718,0.));
#16743 = ( GEOMETRIC_REPRESENTATION_CONTEXT(2) 
PARAMETRIC_REPRESENTATION_CONTEXT() REPRESENTATION_CONTEXT('2D SPACE',''
  ) );
#16744 = ORIENTED_EDGE('',*,*,#16694,.F.);
#16745 = ORIENTED_EDGE('',*,*,#16660,.T.);
#16746 = ADVANCED_FACE('',(#16747),#16731,.T.);
#16747 = FACE_BOUND('',#16748,.T.);
#16748 = EDGE_LOOP('',(#16749,#16771,#16800,#16801));
#16749 = ORIENTED_EDGE('',*,*,#16750,.T.);
#16750 = EDGE_CURVE('',#16695,#16751,#16753,.T.);
#16751 = VERTEX_POINT('',#16752);
#16752 = CARTESIAN_POINT('',(30.070659408848,-20.50298334711,123.));
#16753 = SEAM_CURVE('',#16754,(#16758,#16764),.PCURVE_S1.);
#16754 = LINE('',#16755,#16756);
#16755 = CARTESIAN_POINT('',(32.602699500014,-16.27985432845,123.));
#16756 = VECTOR('',#16757,1.);
#16757 = DIRECTION('',(-0.514221366156,-0.857657499581,0.));
#16758 = PCURVE('',#16731,#16759);
#16759 = DEFINITIONAL_REPRESENTATION('',(#16760),#16763);
#16760 = B_SPLINE_CURVE_WITH_KNOTS('',1,(#16761,#16762),.UNSPECIFIED.,
  .F.,.F.,(2,2),(0.,4.924027389395),.PIECEWISE_BEZIER_KNOTS.);
#16761 = CARTESIAN_POINT('',(6.28318530718,0.));
#16762 = CARTESIAN_POINT('',(6.28318530718,4.924027389395));
#16763 = ( GEOMETRIC_REPRESENTATION_CONTEXT(2) 
PARAMETRIC_REPRESENTATION_CONTEXT() REPRESENTATION_CONTEXT('2D SPACE',''
  ) );
#16764 = PCURVE('',#16731,#16765);
#16765 = DEFINITIONAL_REPRESENTATION('',(#16766),#16770);
#16766 = LINE('',#16767,#16768);
#16767 = CARTESIAN_POINT('',(0.,0.));
#16768 = VECTOR('',#16769,1.);
#16769 = DIRECTION('',(0.,1.));
#16770 = ( GEOMETRIC_REPRESENTATION_CONTEXT(2) 
PARAMETRIC_REPRESENTATION_CONTEXT() REPRESENTATION_CONTEXT('2D SPACE',''
  ) );
#16771 = ORIENTED_EDGE('',*,*,#16772,.F.);
#16772 = EDGE_CURVE('',#16751,#16751,#16773,.T.);
#16773 = SURFACE_CURVE('',#16774,(#16779,#16786),.PCURVE_S1.);
#16774 = CIRCLE('',#16775,0.75);
#16775 = AXIS2_PLACEMENT_3D('',#16776,#16777,#16778);
#16776 = CARTESIAN_POINT('',(29.322440048164,-20.45133271016,123.));
#16777 = DIRECTION('',(-6.886751593559E-02,-0.997625814245,
    5.537935744678E-17));
#16778 = DIRECTION('',(0.997625814245,-6.886751593559E-02,
    -2.775557561563E-17));
#16779 = PCURVE('',#16731,#16780);
#16780 = DEFINITIONAL_REPRESENTATION('',(#16781),#16785);
#16781 = LINE('',#16782,#16783);
#16782 = CARTESIAN_POINT('',(0.,4.924027389395));
#16783 = VECTOR('',#16784,1.);
#16784 = DIRECTION('',(1.,0.));
#16785 = ( GEOMETRIC_REPRESENTATION_CONTEXT(2) 
PARAMETRIC_REPRESENTATION_CONTEXT() REPRESENTATION_CONTEXT('2D SPACE',''
  ) );
#16786 = PCURVE('',#16787,#16795);
#16787 = SURFACE_OF_LINEAR_EXTRUSION('',#16788,#16793);
#16788 = CIRCLE('',#16789,0.75);
#16789 = AXIS2_PLACEMENT_3D('',#16790,#16791,#16792);
#16790 = CARTESIAN_POINT('',(29.322440048164,-20.45133271016,123.));
#16791 = DIRECTION('',(-6.886751593559E-02,-0.997625814245,
    5.537935744678E-17));
#16792 = DIRECTION('',(0.997625814245,-6.886751593559E-02,
    -2.775557561563E-17));
#16793 = VECTOR('',#16794,1.);
#16794 = DIRECTION('',(-0.627192756774,-0.778864074053,0.));
#16795 = DEFINITIONAL_REPRESENTATION('',(#16796),#16799);
#16796 = B_SPLINE_CURVE_WITH_KNOTS('',1,(#16797,#16798),.UNSPECIFIED.,
  .F.,.F.,(2,2),(0.,6.28318530718),.PIECEWISE_BEZIER_KNOTS.);
#16797 = CARTESIAN_POINT('',(0.,0.));
#16798 = CARTESIAN_POINT('',(6.28318530718,0.));
#16799 = ( GEOMETRIC_REPRESENTATION_CONTEXT(2) 
PARAMETRIC_REPRESENTATION_CONTEXT() REPRESENTATION_CONTEXT('2D SPACE',''
  ) );
#16800 = ORIENTED_EDGE('',*,*,#16750,.F.);
#16801 = ORIENTED_EDGE('',*,*,#16716,.T.);
#16802 = ADVANCED_FACE('',(#16803),#16787,.T.);
#16803 = FACE_BOUND('',#16804,.T.);
#16804 = EDGE_LOOP('',(#16805,#16827,#16856,#16857));
#16805 = ORIENTED_EDGE('',*,*,#16806,.T.);
#16806 = EDGE_CURVE('',#16751,#16807,#16809,.T.);
#16807 = VERTEX_POINT('',#16808);
#16808 = CARTESIAN_POINT('',(26.982345096063,-24.33813138036,123.));
#16809 = SEAM_CURVE('',#16810,(#16814,#16820),.PCURVE_S1.);
#16810 = LINE('',#16811,#16812);
#16811 = CARTESIAN_POINT('',(30.070659408848,-20.50298334711,123.));
#16812 = VECTOR('',#16813,1.);
#16813 = DIRECTION('',(-0.627192756774,-0.778864074053,0.));
#16814 = PCURVE('',#16787,#16815);
#16815 = DEFINITIONAL_REPRESENTATION('',(#16816),#16819);
#16816 = B_SPLINE_CURVE_WITH_KNOTS('',1,(#16817,#16818),.UNSPECIFIED.,
  .F.,.F.,(2,2),(0.,4.924027389395),.PIECEWISE_BEZIER_KNOTS.);
#16817 = CARTESIAN_POINT('',(6.28318530718,0.));
#16818 = CARTESIAN_POINT('',(6.28318530718,4.924027389395));
#16819 = ( GEOMETRIC_REPRESENTATION_CONTEXT(2) 
PARAMETRIC_REPRESENTATION_CONTEXT() REPRESENTATION_CONTEXT('2D SPACE',''
  ) );
#16820 = PCURVE('',#16787,#16821);
#16821 = DEFINITIONAL_REPRESENTATION('',(#16822),#16826);
#16822 = LINE('',#16823,#16824);
#16823 = CARTESIAN_POINT('',(0.,0.));
#16824 = VECTOR('',#16825,1.);
#16825 = DIRECTION('',(0.,1.));
#16826 = ( GEOMETRIC_REPRESENTATION_CONTEXT(2) 
PARAMETRIC_REPRESENTATION_CONTEXT() REPRESENTATION_CONTEXT('2D SPACE',''
  ) );
#16827 = ORIENTED_EDGE('',*,*,#16828,.F.);
#16828 = EDGE_CURVE('',#16807,#16807,#16829,.T.);
#16829 = SURFACE_CURVE('',#16830,(#16835,#16842),.PCURVE_S1.);
#16830 = CIRCLE('',#16831,0.75);
#16831 = AXIS2_PLACEMENT_3D('',#16832,#16833,#16834);
#16832 = CARTESIAN_POINT('',(26.234125735379,-24.28648074341,123.));
#16833 = DIRECTION('',(-6.886751593559E-02,-0.997625814245,
    5.537935744678E-17));
#16834 = DIRECTION('',(0.997625814245,-6.886751593559E-02,
    -2.775557561563E-17));
#16835 = PCURVE('',#16787,#16836);
#16836 = DEFINITIONAL_REPRESENTATION('',(#16837),#16841);
#16837 = LINE('',#16838,#16839);
#16838 = CARTESIAN_POINT('',(0.,4.924027389395));
#16839 = VECTOR('',#16840,1.);
#16840 = DIRECTION('',(1.,0.));
#16841 = ( GEOMETRIC_REPRESENTATION_CONTEXT(2) 
PARAMETRIC_REPRESENTATION_CONTEXT() REPRESENTATION_CONTEXT('2D SPACE',''
  ) );
#16842 = PCURVE('',#16843,#16851);
#16843 = SURFACE_OF_LINEAR_EXTRUSION('',#16844,#16849);
#16844 = CIRCLE('',#16845,0.75);
#16845 = AXIS2_PLACEMENT_3D('',#16846,#16847,#16848);
#16846 = CARTESIAN_POINT('',(26.234125735379,-24.28648074341,123.));
#16847 = DIRECTION('',(-6.886751593559E-02,-0.997625814245,
    5.537935744678E-17));
#16848 = DIRECTION('',(0.997625814245,-6.886751593559E-02,
    -4.244288356349E-34));
#16849 = VECTOR('',#16850,1.);
#16850 = DIRECTION('',(-0.409171665446,-0.385028756602,0.827243256114));
#16851 = DEFINITIONAL_REPRESENTATION('',(#16852),#16855);
#16852 = B_SPLINE_CURVE_WITH_KNOTS('',1,(#16853,#16854),.UNSPECIFIED.,
  .F.,.F.,(2,2),(0.,6.28318530718),.PIECEWISE_BEZIER_KNOTS.);
#16853 = CARTESIAN_POINT('',(0.,0.));
#16854 = CARTESIAN_POINT('',(6.28318530718,0.));
#16855 = ( GEOMETRIC_REPRESENTATION_CONTEXT(2) 
PARAMETRIC_REPRESENTATION_CONTEXT() REPRESENTATION_CONTEXT('2D SPACE',''
  ) );
#16856 = ORIENTED_EDGE('',*,*,#16806,.F.);
#16857 = ORIENTED_EDGE('',*,*,#16772,.T.);
#16858 = ADVANCED_FACE('',(#16859),#16843,.T.);
#16859 = FACE_BOUND('',#16860,.T.);
#16860 = EDGE_LOOP('',(#16861,#16883,#16912,#16913));
#16861 = ORIENTED_EDGE('',*,*,#16862,.T.);
#16862 = EDGE_CURVE('',#16807,#16863,#16865,.T.);
#16863 = VERTEX_POINT('',#16864);
#16864 = CARTESIAN_POINT('',(23.396344784114,-27.7125420688,130.25));
#16865 = SEAM_CURVE('',#16866,(#16870,#16876),.PCURVE_S1.);
#16866 = LINE('',#16867,#16868);
#16867 = CARTESIAN_POINT('',(26.982345096063,-24.33813138036,123.));
#16868 = VECTOR('',#16869,1.);
#16869 = DIRECTION('',(-0.409171665446,-0.385028756602,0.827243256114));
#16870 = PCURVE('',#16843,#16871);
#16871 = DEFINITIONAL_REPRESENTATION('',(#16872),#16875);
#16872 = B_SPLINE_CURVE_WITH_KNOTS('',1,(#16873,#16874),.UNSPECIFIED.,
  .F.,.F.,(2,2),(0.,8.764048478387),.PIECEWISE_BEZIER_KNOTS.);
#16873 = CARTESIAN_POINT('',(6.28318530718,0.));
#16874 = CARTESIAN_POINT('',(6.28318530718,8.764048478387));
#16875 = ( GEOMETRIC_REPRESENTATION_CONTEXT(2) 
PARAMETRIC_REPRESENTATION_CONTEXT() REPRESENTATION_CONTEXT('2D SPACE',''
  ) );
#16876 = PCURVE('',#16843,#16877);
#16877 = DEFINITIONAL_REPRESENTATION('',(#16878),#16882);
#16878 = LINE('',#16879,#16880);
#16879 = CARTESIAN_POINT('',(0.,0.));
#16880 = VECTOR('',#16881,1.);
#16881 = DIRECTION('',(0.,1.));
#16882 = ( GEOMETRIC_REPRESENTATION_CONTEXT(2) 
PARAMETRIC_REPRESENTATION_CONTEXT() REPRESENTATION_CONTEXT('2D SPACE',''
  ) );
#16883 = ORIENTED_EDGE('',*,*,#16884,.F.);
#16884 = EDGE_CURVE('',#16863,#16863,#16885,.T.);
#16885 = SURFACE_CURVE('',#16886,(#16891,#16898),.PCURVE_S1.);
#16886 = CIRCLE('',#16887,0.75);
#16887 = AXIS2_PLACEMENT_3D('',#16888,#16889,#16890);
#16888 = CARTESIAN_POINT('',(22.64812542343,-27.66089143185,130.25));
#16889 = DIRECTION('',(-6.886751593559E-02,-0.997625814245,
    5.537935744678E-17));
#16890 = DIRECTION('',(0.997625814245,-6.886751593559E-02,
    -4.244288356349E-34));
#16891 = PCURVE('',#16843,#16892);
#16892 = DEFINITIONAL_REPRESENTATION('',(#16893),#16897);
#16893 = LINE('',#16894,#16895);
#16894 = CARTESIAN_POINT('',(0.,8.764048478387));
#16895 = VECTOR('',#16896,1.);
#16896 = DIRECTION('',(1.,0.));
#16897 = ( GEOMETRIC_REPRESENTATION_CONTEXT(2) 
PARAMETRIC_REPRESENTATION_CONTEXT() REPRESENTATION_CONTEXT('2D SPACE',''
  ) );
#16898 = PCURVE('',#16899,#16907);
#16899 = SURFACE_OF_LINEAR_EXTRUSION('',#16900,#16905);
#16900 = CIRCLE('',#16901,0.75);
#16901 = AXIS2_PLACEMENT_3D('',#16902,#16903,#16904);
#16902 = CARTESIAN_POINT('',(22.64812542343,-27.66089143185,130.25));
#16903 = DIRECTION('',(-6.886751593559E-02,-0.997625814245,
    5.537935744678E-17));
#16904 = DIRECTION('',(0.997625814245,-6.886751593559E-02,
    2.637994362544E-34));
#16905 = VECTOR('',#16906,1.);
#16906 = DIRECTION('',(-0.815522782544,-0.578724970216,0.));
#16907 = DEFINITIONAL_REPRESENTATION('',(#16908),#16911);
#16908 = B_SPLINE_CURVE_WITH_KNOTS('',1,(#16909,#16910),.UNSPECIFIED.,
  .F.,.F.,(2,2),(0.,6.28318530718),.PIECEWISE_BEZIER_KNOTS.);
#16909 = CARTESIAN_POINT('',(0.,0.));
#16910 = CARTESIAN_POINT('',(6.28318530718,0.));
#16911 = ( GEOMETRIC_REPRESENTATION_CONTEXT(2) 
PARAMETRIC_REPRESENTATION_CONTEXT() REPRESENTATION_CONTEXT('2D SPACE',''
  ) );
#16912 = ORIENTED_EDGE('',*,*,#16862,.F.);
#16913 = ORIENTED_EDGE('',*,*,#16828,.T.);
#16914 = ADVANCED_FACE('',(#16915),#16899,.T.);
#16915 = FACE_BOUND('',#16916,.T.);
#16916 = EDGE_LOOP('',(#16917,#16939,#16968,#16969));
#16917 = ORIENTED_EDGE('',*,*,#16918,.T.);
#16918 = EDGE_CURVE('',#16863,#16919,#16921,.T.);
#16919 = VERTEX_POINT('',#16920);
#16920 = CARTESIAN_POINT('',(19.38068826619,-30.56219967307,130.25));
#16921 = SEAM_CURVE('',#16922,(#16926,#16932),.PCURVE_S1.);
#16922 = LINE('',#16923,#16924);
#16923 = CARTESIAN_POINT('',(23.396344784114,-27.7125420688,130.25));
#16924 = VECTOR('',#16925,1.);
#16925 = DIRECTION('',(-0.815522782544,-0.578724970216,0.));
#16926 = PCURVE('',#16899,#16927);
#16927 = DEFINITIONAL_REPRESENTATION('',(#16928),#16931);
#16928 = B_SPLINE_CURVE_WITH_KNOTS('',1,(#16929,#16930),.UNSPECIFIED.,
  .F.,.F.,(2,2),(0.,4.924027389395),.PIECEWISE_BEZIER_KNOTS.);
#16929 = CARTESIAN_POINT('',(6.28318530718,0.));
#16930 = CARTESIAN_POINT('',(6.28318530718,4.924027389395));
#16931 = ( GEOMETRIC_REPRESENTATION_CONTEXT(2) 
PARAMETRIC_REPRESENTATION_CONTEXT() REPRESENTATION_CONTEXT('2D SPACE',''
  ) );
#16932 = PCURVE('',#16899,#16933);
#16933 = DEFINITIONAL_REPRESENTATION('',(#16934),#16938);
#16934 = LINE('',#16935,#16936);
#16935 = CARTESIAN_POINT('',(0.,0.));
#16936 = VECTOR('',#16937,1.);
#16937 = DIRECTION('',(0.,1.));
#16938 = ( GEOMETRIC_REPRESENTATION_CONTEXT(2) 
PARAMETRIC_REPRESENTATION_CONTEXT() REPRESENTATION_CONTEXT('2D SPACE',''
  ) );
#16939 = ORIENTED_EDGE('',*,*,#16940,.F.);
#16940 = EDGE_CURVE('',#16919,#16919,#16941,.T.);
#16941 = SURFACE_CURVE('',#16942,(#16947,#16954),.PCURVE_S1.);
#16942 = CIRCLE('',#16943,0.75);
#16943 = AXIS2_PLACEMENT_3D('',#16944,#16945,#16946);
#16944 = CARTESIAN_POINT('',(18.632468905506,-30.51054903611,130.25));
#16945 = DIRECTION('',(-6.886751593559E-02,-0.997625814245,
    5.537935744678E-17));
#16946 = DIRECTION('',(0.997625814245,-6.886751593559E-02,
    2.637994362544E-34));
#16947 = PCURVE('',#16899,#16948);
#16948 = DEFINITIONAL_REPRESENTATION('',(#16949),#16953);
#16949 = LINE('',#16950,#16951);
#16950 = CARTESIAN_POINT('',(0.,4.924027389395));
#16951 = VECTOR('',#16952,1.);
#16952 = DIRECTION('',(1.,0.));
#16953 = ( GEOMETRIC_REPRESENTATION_CONTEXT(2) 
PARAMETRIC_REPRESENTATION_CONTEXT() REPRESENTATION_CONTEXT('2D SPACE',''
  ) );
#16954 = PCURVE('',#16955,#16963);
#16955 = SURFACE_OF_LINEAR_EXTRUSION('',#16956,#16961);
#16956 = CIRCLE('',#16957,0.75);
#16957 = AXIS2_PLACEMENT_3D('',#16958,#16959,#16960);
#16958 = CARTESIAN_POINT('',(18.632468905506,-30.51054903611,130.25));
#16959 = DIRECTION('',(-6.886751593559E-02,-0.997625814245,
    5.537935744678E-17));
#16960 = DIRECTION('',(0.997625814245,-6.886751593559E-02,
    2.637994362544E-34));
#16961 = VECTOR('',#16962,1.);
#16962 = DIRECTION('',(-0.887308620266,-0.461176118638,0.));
#16963 = DEFINITIONAL_REPRESENTATION('',(#16964),#16967);
#16964 = B_SPLINE_CURVE_WITH_KNOTS('',1,(#16965,#16966),.UNSPECIFIED.,
  .F.,.F.,(2,2),(0.,6.28318530718),.PIECEWISE_BEZIER_KNOTS.);
#16965 = CARTESIAN_POINT('',(0.,0.));
#16966 = CARTESIAN_POINT('',(6.28318530718,0.));
#16967 = ( GEOMETRIC_REPRESENTATION_CONTEXT(2) 
PARAMETRIC_REPRESENTATION_CONTEXT() REPRESENTATION_CONTEXT('2D SPACE',''
  ) );
#16968 = ORIENTED_EDGE('',*,*,#16918,.F.);
#16969 = ORIENTED_EDGE('',*,*,#16884,.T.);
#16970 = ADVANCED_FACE('',(#16971),#16955,.T.);
#16971 = FACE_BOUND('',#16972,.T.);
#16972 = EDGE_LOOP('',(#16973,#16995,#17024,#17025));
#16973 = ORIENTED_EDGE('',*,*,#16974,.T.);
#16974 = EDGE_CURVE('',#16919,#16975,#16977,.T.);
#16975 = VERTEX_POINT('',#16976);
#16976 = CARTESIAN_POINT('',(15.011556317155,-32.83304351257,130.25));
#16977 = SEAM_CURVE('',#16978,(#16982,#16988),.PCURVE_S1.);
#16978 = LINE('',#16979,#16980);
#16979 = CARTESIAN_POINT('',(19.38068826619,-30.56219967307,130.25));
#16980 = VECTOR('',#16981,1.);
#16981 = DIRECTION('',(-0.887308620266,-0.461176118638,0.));
#16982 = PCURVE('',#16955,#16983);
#16983 = DEFINITIONAL_REPRESENTATION('',(#16984),#16987);
#16984 = B_SPLINE_CURVE_WITH_KNOTS('',1,(#16985,#16986),.UNSPECIFIED.,
  .F.,.F.,(2,2),(0.,4.924027389395),.PIECEWISE_BEZIER_KNOTS.);
#16985 = CARTESIAN_POINT('',(6.28318530718,0.));
#16986 = CARTESIAN_POINT('',(6.28318530718,4.924027389395));
#16987 = ( GEOMETRIC_REPRESENTATION_CONTEXT(2) 
PARAMETRIC_REPRESENTATION_CONTEXT() REPRESENTATION_CONTEXT('2D SPACE',''
  ) );
#16988 = PCURVE('',#16955,#16989);
#16989 = DEFINITIONAL_REPRESENTATION('',(#16990),#16994);
#16990 = LINE('',#16991,#16992);
#16991 = CARTESIAN_POINT('',(0.,0.));
#16992 = VECTOR('',#16993,1.);
#16993 = DIRECTION('',(0.,1.));
#16994 = ( GEOMETRIC_REPRESENTATION_CONTEXT(2) 
PARAMETRIC_REPRESENTATION_CONTEXT() REPRESENTATION_CONTEXT('2D SPACE',''
  ) );
#16995 = ORIENTED_EDGE('',*,*,#16996,.F.);
#16996 = EDGE_CURVE('',#16975,#16975,#16997,.T.);
#16997 = SURFACE_CURVE('',#16998,(#17003,#17010),.PCURVE_S1.);
#16998 = CIRCLE('',#16999,0.75);
#16999 = AXIS2_PLACEMENT_3D('',#17000,#17001,#17002);
#17000 = CARTESIAN_POINT('',(14.263336956471,-32.78139287562,130.25));
#17001 = DIRECTION('',(-6.886751593559E-02,-0.997625814245,
    5.537935744678E-17));
#17002 = DIRECTION('',(0.997625814245,-6.886751593559E-02,
    2.637994362544E-34));
#17003 = PCURVE('',#16955,#17004);
#17004 = DEFINITIONAL_REPRESENTATION('',(#17005),#17009);
#17005 = LINE('',#17006,#17007);
#17006 = CARTESIAN_POINT('',(0.,4.924027389395));
#17007 = VECTOR('',#17008,1.);
#17008 = DIRECTION('',(1.,0.));
#17009 = ( GEOMETRIC_REPRESENTATION_CONTEXT(2) 
PARAMETRIC_REPRESENTATION_CONTEXT() REPRESENTATION_CONTEXT('2D SPACE',''
  ) );
#17010 = PCURVE('',#17011,#17019);
#17011 = SURFACE_OF_LINEAR_EXTRUSION('',#17012,#17017);
#17012 = CIRCLE('',#17013,0.75);
#17013 = AXIS2_PLACEMENT_3D('',#17014,#17015,#17016);
#17014 = CARTESIAN_POINT('',(14.263336956471,-32.78139287562,130.25));
#17015 = DIRECTION('',(-6.886751593559E-02,-0.997625814245,
    5.537935744678E-17));
#17016 = DIRECTION('',(0.997625814245,-6.886751593559E-02,
    2.637994362544E-34));
#17017 = VECTOR('',#17018,1.);
#17018 = DIRECTION('',(-0.942261380274,-0.334878323043,0.));
#17019 = DEFINITIONAL_REPRESENTATION('',(#17020),#17023);
#17020 = B_SPLINE_CURVE_WITH_KNOTS('',1,(#17021,#17022),.UNSPECIFIED.,
  .F.,.F.,(2,2),(0.,6.28318530718),.PIECEWISE_BEZIER_KNOTS.);
#17021 = CARTESIAN_POINT('',(0.,0.));
#17022 = CARTESIAN_POINT('',(6.28318530718,0.));
#17023 = ( GEOMETRIC_REPRESENTATION_CONTEXT(2) 
PARAMETRIC_REPRESENTATION_CONTEXT() REPRESENTATION_CONTEXT('2D SPACE',''
  ) );
#17024 = ORIENTED_EDGE('',*,*,#16974,.F.);
#17025 = ORIENTED_EDGE('',*,*,#16940,.T.);
#17026 = ADVANCED_FACE('',(#17027),#17011,.T.);
#17027 = FACE_BOUND('',#17028,.T.);
#17028 = EDGE_LOOP('',(#17029,#17051,#17080,#17081));
#17029 = ORIENTED_EDGE('',*,*,#17030,.T.);
#17030 = EDGE_CURVE('',#16975,#17031,#17033,.T.);
#17031 = VERTEX_POINT('',#17032);
#17032 = CARTESIAN_POINT('',(10.371835472718,-34.48199354735,130.25));
#17033 = SEAM_CURVE('',#17034,(#17038,#17044),.PCURVE_S1.);
#17034 = LINE('',#17035,#17036);
#17035 = CARTESIAN_POINT('',(15.011556317155,-32.83304351257,130.25));
#17036 = VECTOR('',#17037,1.);
#17037 = DIRECTION('',(-0.942261380274,-0.334878323043,0.));
#17038 = PCURVE('',#17011,#17039);
#17039 = DEFINITIONAL_REPRESENTATION('',(#17040),#17043);
#17040 = B_SPLINE_CURVE_WITH_KNOTS('',1,(#17041,#17042),.UNSPECIFIED.,
  .F.,.F.,(2,2),(0.,4.924027389395),.PIECEWISE_BEZIER_KNOTS.);
#17041 = CARTESIAN_POINT('',(6.28318530718,0.));
#17042 = CARTESIAN_POINT('',(6.28318530718,4.924027389395));
#17043 = ( GEOMETRIC_REPRESENTATION_CONTEXT(2) 
PARAMETRIC_REPRESENTATION_CONTEXT() REPRESENTATION_CONTEXT('2D SPACE',''
  ) );
#17044 = PCURVE('',#17011,#17045);
#17045 = DEFINITIONAL_REPRESENTATION('',(#17046),#17050);
#17046 = LINE('',#17047,#17048);
#17047 = CARTESIAN_POINT('',(0.,0.));
#17048 = VECTOR('',#17049,1.);
#17049 = DIRECTION('',(0.,1.));
#17050 = ( GEOMETRIC_REPRESENTATION_CONTEXT(2) 
PARAMETRIC_REPRESENTATION_CONTEXT() REPRESENTATION_CONTEXT('2D SPACE',''
  ) );
#17051 = ORIENTED_EDGE('',*,*,#17052,.F.);
#17052 = EDGE_CURVE('',#17031,#17031,#17053,.T.);
#17053 = SURFACE_CURVE('',#17054,(#17059,#17066),.PCURVE_S1.);
#17054 = CIRCLE('',#17055,0.75);
#17055 = AXIS2_PLACEMENT_3D('',#17056,#17057,#17058);
#17056 = CARTESIAN_POINT('',(9.623616112034,-34.4303429104,130.25));
#17057 = DIRECTION('',(-6.886751593559E-02,-0.997625814245,
    5.537935744678E-17));
#17058 = DIRECTION('',(0.997625814245,-6.886751593559E-02,
    2.637994362544E-34));
#17059 = PCURVE('',#17011,#17060);
#17060 = DEFINITIONAL_REPRESENTATION('',(#17061),#17065);
#17061 = LINE('',#17062,#17063);
#17062 = CARTESIAN_POINT('',(0.,4.924027389395));
#17063 = VECTOR('',#17064,1.);
#17064 = DIRECTION('',(1.,0.));
#17065 = ( GEOMETRIC_REPRESENTATION_CONTEXT(2) 
PARAMETRIC_REPRESENTATION_CONTEXT() REPRESENTATION_CONTEXT('2D SPACE',''
  ) );
#17066 = PCURVE('',#17067,#17075);
#17067 = SURFACE_OF_LINEAR_EXTRUSION('',#17068,#17073);
#17068 = CIRCLE('',#17069,0.75);
#17069 = AXIS2_PLACEMENT_3D('',#17070,#17071,#17072);
#17070 = CARTESIAN_POINT('',(9.623616112034,-34.4303429104,130.25));
#17071 = DIRECTION('',(-6.886751593559E-02,-0.997625814245,
    5.537935744678E-17));
#17072 = DIRECTION('',(0.997625814245,-6.886751593559E-02,
    -1.110223024625E-16));
#17073 = VECTOR('',#17074,1.);
#17074 = DIRECTION('',(-0.550235418094,-0.113620332199,0.827243256114));
#17075 = DEFINITIONAL_REPRESENTATION('',(#17076),#17079);
#17076 = B_SPLINE_CURVE_WITH_KNOTS('',1,(#17077,#17078),.UNSPECIFIED.,
  .F.,.F.,(2,2),(0.,6.28318530718),.PIECEWISE_BEZIER_KNOTS.);
#17077 = CARTESIAN_POINT('',(0.,0.));
#17078 = CARTESIAN_POINT('',(6.28318530718,0.));
#17079 = ( GEOMETRIC_REPRESENTATION_CONTEXT(2) 
PARAMETRIC_REPRESENTATION_CONTEXT() REPRESENTATION_CONTEXT('2D SPACE',''
  ) );
#17080 = ORIENTED_EDGE('',*,*,#17030,.F.);
#17081 = ORIENTED_EDGE('',*,*,#16996,.T.);
#17082 = ADVANCED_FACE('',(#17083),#17067,.T.);
#17083 = FACE_BOUND('',#17084,.T.);
#17084 = EDGE_LOOP('',(#17085,#17107,#17136,#17137));
#17085 = ORIENTED_EDGE('',*,*,#17086,.T.);
#17086 = EDGE_CURVE('',#17031,#17087,#17089,.T.);
#17087 = VERTEX_POINT('',#17088);
#17088 = CARTESIAN_POINT('',(5.549545594016,-35.47776764688,137.5));
#17089 = SEAM_CURVE('',#17090,(#17094,#17100),.PCURVE_S1.);
#17090 = LINE('',#17091,#17092);
#17091 = CARTESIAN_POINT('',(10.371835472718,-34.48199354735,130.25));
#17092 = VECTOR('',#17093,1.);
#17093 = DIRECTION('',(-0.550235418094,-0.113620332199,0.827243256114));
#17094 = PCURVE('',#17067,#17095);
#17095 = DEFINITIONAL_REPRESENTATION('',(#17096),#17099);
#17096 = B_SPLINE_CURVE_WITH_KNOTS('',1,(#17097,#17098),.UNSPECIFIED.,
  .F.,.F.,(2,2),(0.,8.764048478387),.PIECEWISE_BEZIER_KNOTS.);
#17097 = CARTESIAN_POINT('',(6.28318530718,0.));
#17098 = CARTESIAN_POINT('',(6.28318530718,8.764048478387));
#17099 = ( GEOMETRIC_REPRESENTATION_CONTEXT(2) 
PARAMETRIC_REPRESENTATION_CONTEXT() REPRESENTATION_CONTEXT('2D SPACE',''
  ) );
#17100 = PCURVE('',#17067,#17101);
#17101 = DEFINITIONAL_REPRESENTATION('',(#17102),#17106);
#17102 = LINE('',#17103,#17104);
#17103 = CARTESIAN_POINT('',(0.,0.));
#17104 = VECTOR('',#17105,1.);
#17105 = DIRECTION('',(0.,1.));
#17106 = ( GEOMETRIC_REPRESENTATION_CONTEXT(2) 
PARAMETRIC_REPRESENTATION_CONTEXT() REPRESENTATION_CONTEXT('2D SPACE',''
  ) );
#17107 = ORIENTED_EDGE('',*,*,#17108,.F.);
#17108 = EDGE_CURVE('',#17087,#17087,#17109,.T.);
#17109 = SURFACE_CURVE('',#17110,(#17115,#17122),.PCURVE_S1.);
#17110 = CIRCLE('',#17111,0.75);
#17111 = AXIS2_PLACEMENT_3D('',#17112,#17113,#17114);
#17112 = CARTESIAN_POINT('',(4.801326233332,-35.42611700992,137.5));
#17113 = DIRECTION('',(-6.886751593559E-02,-0.997625814245,
    5.537935744678E-17));
#17114 = DIRECTION('',(0.997625814245,-6.886751593559E-02,
    -1.110223024625E-16));
#17115 = PCURVE('',#17067,#17116);
#17116 = DEFINITIONAL_REPRESENTATION('',(#17117),#17121);
#17117 = LINE('',#17118,#17119);
#17118 = CARTESIAN_POINT('',(0.,8.764048478387));
#17119 = VECTOR('',#17120,1.);
#17120 = DIRECTION('',(1.,0.));
#17121 = ( GEOMETRIC_REPRESENTATION_CONTEXT(2) 
PARAMETRIC_REPRESENTATION_CONTEXT() REPRESENTATION_CONTEXT('2D SPACE',''
  ) );
#17122 = PCURVE('',#17123,#17131);
#17123 = SURFACE_OF_LINEAR_EXTRUSION('',#17124,#17129);
#17124 = CIRCLE('',#17125,0.75);
#17125 = AXIS2_PLACEMENT_3D('',#17126,#17127,#17128);
#17126 = CARTESIAN_POINT('',(4.801326233332,-35.42611700992,137.5));
#17127 = DIRECTION('',(-6.886751593559E-02,-0.997625814245,
    5.537935744678E-17));
#17128 = DIRECTION('',(0.997625814245,-6.886751593559E-02,
    -1.110223024625E-16));
#17129 = VECTOR('',#17130,1.);
#17130 = DIRECTION('',(-0.997836761915,-6.574037245506E-02,0.));
#17131 = DEFINITIONAL_REPRESENTATION('',(#17132),#17135);
#17132 = B_SPLINE_CURVE_WITH_KNOTS('',1,(#17133,#17134),.UNSPECIFIED.,
  .F.,.F.,(2,2),(0.,6.28318530718),.PIECEWISE_BEZIER_KNOTS.);
#17133 = CARTESIAN_POINT('',(0.,0.));
#17134 = CARTESIAN_POINT('',(6.28318530718,0.));
#17135 = ( GEOMETRIC_REPRESENTATION_CONTEXT(2) 
PARAMETRIC_REPRESENTATION_CONTEXT() REPRESENTATION_CONTEXT('2D SPACE',''
  ) );
#17136 = ORIENTED_EDGE('',*,*,#17086,.F.);
#17137 = ORIENTED_EDGE('',*,*,#17052,.T.);
#17138 = ADVANCED_FACE('',(#17139),#17123,.T.);
#17139 = FACE_BOUND('',#17140,.T.);
#17140 = EDGE_LOOP('',(#17141,#17163,#17192,#17193));
#17141 = ORIENTED_EDGE('',*,*,#17142,.T.);
#17142 = EDGE_CURVE('',#17087,#17143,#17145,.T.);
#17143 = VERTEX_POINT('',#17144);
#17144 = CARTESIAN_POINT('',(0.6361700482,-35.80147504143,137.5));
#17145 = SEAM_CURVE('',#17146,(#17150,#17156),.PCURVE_S1.);
#17146 = LINE('',#17147,#17148);
#17147 = CARTESIAN_POINT('',(5.549545594016,-35.47776764688,137.5));
#17148 = VECTOR('',#17149,1.);
#17149 = DIRECTION('',(-0.997836761915,-6.574037245506E-02,0.));
#17150 = PCURVE('',#17123,#17151);
#17151 = DEFINITIONAL_REPRESENTATION('',(#17152),#17155);
#17152 = B_SPLINE_CURVE_WITH_KNOTS('',1,(#17153,#17154),.UNSPECIFIED.,
  .F.,.F.,(2,2),(0.,4.924027389395),.PIECEWISE_BEZIER_KNOTS.);
#17153 = CARTESIAN_POINT('',(6.28318530718,0.));
#17154 = CARTESIAN_POINT('',(6.28318530718,4.924027389395));
#17155 = ( GEOMETRIC_REPRESENTATION_CONTEXT(2) 
PARAMETRIC_REPRESENTATION_CONTEXT() REPRESENTATION_CONTEXT('2D SPACE',''
  ) );
#17156 = PCURVE('',#17123,#17157);
#17157 = DEFINITIONAL_REPRESENTATION('',(#17158),#17162);
#17158 = LINE('',#17159,#17160);
#17159 = CARTESIAN_POINT('',(0.,0.));
#17160 = VECTOR('',#17161,1.);
#17161 = DIRECTION('',(0.,1.));
#17162 = ( GEOMETRIC_REPRESENTATION_CONTEXT(2) 
PARAMETRIC_REPRESENTATION_CONTEXT() REPRESENTATION_CONTEXT('2D SPACE',''
  ) );
#17163 = ORIENTED_EDGE('',*,*,#17164,.F.);
#17164 = EDGE_CURVE('',#17143,#17143,#17165,.T.);
#17165 = SURFACE_CURVE('',#17166,(#17171,#17178),.PCURVE_S1.);
#17166 = CIRCLE('',#17167,0.75);
#17167 = AXIS2_PLACEMENT_3D('',#17168,#17169,#17170);
#17168 = CARTESIAN_POINT('',(-0.112049312484,-35.74982440448,137.5));
#17169 = DIRECTION('',(-6.886751593559E-02,-0.997625814245,
    5.537935744678E-17));
#17170 = DIRECTION('',(0.997625814245,-6.886751593559E-02,
    -1.110223024625E-16));
#17171 = PCURVE('',#17123,#17172);
#17172 = DEFINITIONAL_REPRESENTATION('',(#17173),#17177);
#17173 = LINE('',#17174,#17175);
#17174 = CARTESIAN_POINT('',(0.,4.924027389395));
#17175 = VECTOR('',#17176,1.);
#17176 = DIRECTION('',(1.,0.));
#17177 = ( GEOMETRIC_REPRESENTATION_CONTEXT(2) 
PARAMETRIC_REPRESENTATION_CONTEXT() REPRESENTATION_CONTEXT('2D SPACE',''
  ) );
#17178 = PCURVE('',#17179,#17187);
#17179 = SURFACE_OF_LINEAR_EXTRUSION('',#17180,#17185);
#17180 = CIRCLE('',#17181,0.75);
#17181 = AXIS2_PLACEMENT_3D('',#17182,#17183,#17184);
#17182 = CARTESIAN_POINT('',(-0.112049312484,-35.74982440448,137.5));
#17183 = DIRECTION('',(-6.886751593559E-02,-0.997625814245,
    5.537935744678E-17));
#17184 = DIRECTION('',(0.997625814245,-6.886751593559E-02,
    -1.110223024625E-16));
#17185 = VECTOR('',#17186,1.);
#17186 = DIRECTION('',(-0.997405066373,7.199398289434E-02,0.));
#17187 = DEFINITIONAL_REPRESENTATION('',(#17188),#17191);
#17188 = B_SPLINE_CURVE_WITH_KNOTS('',1,(#17189,#17190),.UNSPECIFIED.,
  .F.,.F.,(2,2),(0.,6.28318530718),.PIECEWISE_BEZIER_KNOTS.);
#17189 = CARTESIAN_POINT('',(0.,0.));
#17190 = CARTESIAN_POINT('',(6.28318530718,0.));
#17191 = ( GEOMETRIC_REPRESENTATION_CONTEXT(2) 
PARAMETRIC_REPRESENTATION_CONTEXT() REPRESENTATION_CONTEXT('2D SPACE',''
  ) );
#17192 = ORIENTED_EDGE('',*,*,#17142,.F.);
#17193 = ORIENTED_EDGE('',*,*,#17108,.T.);
#17194 = ADVANCED_FACE('',(#17195),#17179,.T.);
#17195 = FACE_BOUND('',#17196,.T.);
#17196 = EDGE_LOOP('',(#17197,#17219,#17248,#17249));
#17197 = ORIENTED_EDGE('',*,*,#17198,.T.);
#17198 = EDGE_CURVE('',#17143,#17199,#17201,.T.);
#17199 = VERTEX_POINT('',#17200);
#17200 = CARTESIAN_POINT('',(-4.275079816943,-35.44697469779,137.5));
#17201 = SEAM_CURVE('',#17202,(#17206,#17212),.PCURVE_S1.);
#17202 = LINE('',#17203,#17204);
#17203 = CARTESIAN_POINT('',(0.6361700482,-35.80147504143,137.5));
#17204 = VECTOR('',#17205,1.);
#17205 = DIRECTION('',(-0.997405066373,7.199398289434E-02,0.));
#17206 = PCURVE('',#17179,#17207);
#17207 = DEFINITIONAL_REPRESENTATION('',(#17208),#17211);
#17208 = B_SPLINE_CURVE_WITH_KNOTS('',1,(#17209,#17210),.UNSPECIFIED.,
  .F.,.F.,(2,2),(0.,4.924027389395),.PIECEWISE_BEZIER_KNOTS.);
#17209 = CARTESIAN_POINT('',(6.28318530718,0.));
#17210 = CARTESIAN_POINT('',(6.28318530718,4.924027389395));
#17211 = ( GEOMETRIC_REPRESENTATION_CONTEXT(2) 
PARAMETRIC_REPRESENTATION_CONTEXT() REPRESENTATION_CONTEXT('2D SPACE',''
  ) );
#17212 = PCURVE('',#17179,#17213);
#17213 = DEFINITIONAL_REPRESENTATION('',(#17214),#17218);
#17214 = LINE('',#17215,#17216);
#17215 = CARTESIAN_POINT('',(0.,0.));
#17216 = VECTOR('',#17217,1.);
#17217 = DIRECTION('',(0.,1.));
#17218 = ( GEOMETRIC_REPRESENTATION_CONTEXT(2) 
PARAMETRIC_REPRESENTATION_CONTEXT() REPRESENTATION_CONTEXT('2D SPACE',''
  ) );
#17219 = ORIENTED_EDGE('',*,*,#17220,.F.);
#17220 = EDGE_CURVE('',#17199,#17199,#17221,.T.);
#17221 = SURFACE_CURVE('',#17222,(#17227,#17234),.PCURVE_S1.);
#17222 = CIRCLE('',#17223,0.75);
#17223 = AXIS2_PLACEMENT_3D('',#17224,#17225,#17226);
#17224 = CARTESIAN_POINT('',(-5.023299177627,-35.39532406084,137.5));
#17225 = DIRECTION('',(-6.886751593559E-02,-0.997625814245,
    5.537935744678E-17));
#17226 = DIRECTION('',(0.997625814245,-6.886751593559E-02,
    -1.110223024625E-16));
#17227 = PCURVE('',#17179,#17228);
#17228 = DEFINITIONAL_REPRESENTATION('',(#17229),#17233);
#17229 = LINE('',#17230,#17231);
#17230 = CARTESIAN_POINT('',(0.,4.924027389395));
#17231 = VECTOR('',#17232,1.);
#17232 = DIRECTION('',(1.,0.));
#17233 = ( GEOMETRIC_REPRESENTATION_CONTEXT(2) 
PARAMETRIC_REPRESENTATION_CONTEXT() REPRESENTATION_CONTEXT('2D SPACE',''
  ) );
#17234 = PCURVE('',#17235,#17243);
#17235 = SURFACE_OF_LINEAR_EXTRUSION('',#17236,#17241);
#17236 = CIRCLE('',#17237,0.75);
#17237 = AXIS2_PLACEMENT_3D('',#17238,#17239,#17240);
#17238 = CARTESIAN_POINT('',(-5.023299177627,-35.39532406084,137.5));
#17239 = DIRECTION('',(-6.886751593559E-02,-0.997625814245,
    5.537935744678E-17));
#17240 = DIRECTION('',(0.997625814245,-6.886751593559E-02,
    -1.110223024625E-16));
#17241 = VECTOR('',#17242,1.);
#17242 = DIRECTION('',(-0.978051660154,0.208362544786,0.));
#17243 = DEFINITIONAL_REPRESENTATION('',(#17244),#17247);
#17244 = B_SPLINE_CURVE_WITH_KNOTS('',1,(#17245,#17246),.UNSPECIFIED.,
  .F.,.F.,(2,2),(0.,6.28318530718),.PIECEWISE_BEZIER_KNOTS.);
#17245 = CARTESIAN_POINT('',(0.,0.));
#17246 = CARTESIAN_POINT('',(6.28318530718,0.));
#17247 = ( GEOMETRIC_REPRESENTATION_CONTEXT(2) 
PARAMETRIC_REPRESENTATION_CONTEXT() REPRESENTATION_CONTEXT('2D SPACE',''
  ) );
#17248 = ORIENTED_EDGE('',*,*,#17198,.F.);
#17249 = ORIENTED_EDGE('',*,*,#17164,.T.);
#17250 = ADVANCED_FACE('',(#17251),#17235,.T.);
#17251 = FACE_BOUND('',#17252,.T.);
#17252 = EDGE_LOOP('',(#17253,#17275,#17304,#17305));
#17253 = ORIENTED_EDGE('',*,*,#17254,.T.);
#17254 = EDGE_CURVE('',#17199,#17255,#17257,.T.);
#17255 = VERTEX_POINT('',#17256);
#17256 = CARTESIAN_POINT('',(-9.091032979785,-34.42099182034,137.5));
#17257 = SEAM_CURVE('',#17258,(#17262,#17268),.PCURVE_S1.);
#17258 = LINE('',#17259,#17260);
#17259 = CARTESIAN_POINT('',(-4.275079816943,-35.44697469779,137.5));
#17260 = VECTOR('',#17261,1.);
#17261 = DIRECTION('',(-0.978051660154,0.208362544786,0.));
#17262 = PCURVE('',#17235,#17263);
#17263 = DEFINITIONAL_REPRESENTATION('',(#17264),#17267);
#17264 = B_SPLINE_CURVE_WITH_KNOTS('',1,(#17265,#17266),.UNSPECIFIED.,
  .F.,.F.,(2,2),(0.,4.924027389395),.PIECEWISE_BEZIER_KNOTS.);
#17265 = CARTESIAN_POINT('',(6.28318530718,0.));
#17266 = CARTESIAN_POINT('',(6.28318530718,4.924027389395));
#17267 = ( GEOMETRIC_REPRESENTATION_CONTEXT(2) 
PARAMETRIC_REPRESENTATION_CONTEXT() REPRESENTATION_CONTEXT('2D SPACE',''
  ) );
#17268 = PCURVE('',#17235,#17269);
#17269 = DEFINITIONAL_REPRESENTATION('',(#17270),#17274);
#17270 = LINE('',#17271,#17272);
#17271 = CARTESIAN_POINT('',(0.,0.));
#17272 = VECTOR('',#17273,1.);
#17273 = DIRECTION('',(0.,1.));
#17274 = ( GEOMETRIC_REPRESENTATION_CONTEXT(2) 
PARAMETRIC_REPRESENTATION_CONTEXT() REPRESENTATION_CONTEXT('2D SPACE',''
  ) );
#17275 = ORIENTED_EDGE('',*,*,#17276,.F.);
#17276 = EDGE_CURVE('',#17255,#17255,#17277,.T.);
#17277 = SURFACE_CURVE('',#17278,(#17283,#17290),.PCURVE_S1.);
#17278 = CIRCLE('',#17279,0.75);
#17279 = AXIS2_PLACEMENT_3D('',#17280,#17281,#17282);
#17280 = CARTESIAN_POINT('',(-9.839252340469,-34.36934118339,137.5));
#17281 = DIRECTION('',(-6.886751593559E-02,-0.997625814245,
    5.537935744678E-17));
#17282 = DIRECTION('',(0.997625814245,-6.886751593559E-02,
    -1.110223024625E-16));
#17283 = PCURVE('',#17235,#17284);
#17284 = DEFINITIONAL_REPRESENTATION('',(#17285),#17289);
#17285 = LINE('',#17286,#17287);
#17286 = CARTESIAN_POINT('',(0.,4.924027389395));
#17287 = VECTOR('',#17288,1.);
#17288 = DIRECTION('',(1.,0.));
#17289 = ( GEOMETRIC_REPRESENTATION_CONTEXT(2) 
PARAMETRIC_REPRESENTATION_CONTEXT() REPRESENTATION_CONTEXT('2D SPACE',''
  ) );
#17290 = PCURVE('',#17291,#17299);
#17291 = SURFACE_OF_LINEAR_EXTRUSION('',#17292,#17297);
#17292 = CIRCLE('',#17293,0.75);
#17293 = AXIS2_PLACEMENT_3D('',#17294,#17295,#17296);
#17294 = CARTESIAN_POINT('',(-9.839252340469,-34.36934118339,137.5));
#17295 = DIRECTION('',(-6.886751593559E-02,-0.997625814245,
    5.155644235476E-17));
#17296 = DIRECTION('',(0.997625814245,-6.886751593559E-02,
    -1.665334536938E-16));
#17297 = VECTOR('',#17298,1.);
#17298 = DIRECTION('',(-0.528214023263,0.191464202509,0.827243256114));
#17299 = DEFINITIONAL_REPRESENTATION('',(#17300),#17303);
#17300 = B_SPLINE_CURVE_WITH_KNOTS('',1,(#17301,#17302),.UNSPECIFIED.,
  .F.,.F.,(2,2),(0.,6.28318530718),.PIECEWISE_BEZIER_KNOTS.);
#17301 = CARTESIAN_POINT('',(0.,0.));
#17302 = CARTESIAN_POINT('',(6.28318530718,0.));
#17303 = ( GEOMETRIC_REPRESENTATION_CONTEXT(2) 
PARAMETRIC_REPRESENTATION_CONTEXT() REPRESENTATION_CONTEXT('2D SPACE',''
  ) );
#17304 = ORIENTED_EDGE('',*,*,#17254,.F.);
#17305 = ORIENTED_EDGE('',*,*,#17220,.T.);
#17306 = ADVANCED_FACE('',(#17307),#17291,.T.);
#17307 = FACE_BOUND('',#17308,.T.);
#17308 = EDGE_LOOP('',(#17309,#17331,#17360,#17361));
#17309 = ORIENTED_EDGE('',*,*,#17310,.T.);
#17310 = EDGE_CURVE('',#17255,#17311,#17313,.T.);
#17311 = VERTEX_POINT('',#17312);
#17312 = CARTESIAN_POINT('',(-13.72032628662,-32.74299026768,144.75));
#17313 = SEAM_CURVE('',#17314,(#17318,#17324),.PCURVE_S1.);
#17314 = LINE('',#17315,#17316);
#17315 = CARTESIAN_POINT('',(-9.091032979785,-34.42099182034,137.5));
#17316 = VECTOR('',#17317,1.);
#17317 = DIRECTION('',(-0.528214023263,0.191464202509,0.827243256114));
#17318 = PCURVE('',#17291,#17319);
#17319 = DEFINITIONAL_REPRESENTATION('',(#17320),#17323);
#17320 = B_SPLINE_CURVE_WITH_KNOTS('',1,(#17321,#17322),.UNSPECIFIED.,
  .F.,.F.,(2,2),(0.,8.764048478387),.PIECEWISE_BEZIER_KNOTS.);
#17321 = CARTESIAN_POINT('',(6.28318530718,0.));
#17322 = CARTESIAN_POINT('',(6.28318530718,8.764048478387));
#17323 = ( GEOMETRIC_REPRESENTATION_CONTEXT(2) 
PARAMETRIC_REPRESENTATION_CONTEXT() REPRESENTATION_CONTEXT('2D SPACE',''
  ) );
#17324 = PCURVE('',#17291,#17325);
#17325 = DEFINITIONAL_REPRESENTATION('',(#17326),#17330);
#17326 = LINE('',#17327,#17328);
#17327 = CARTESIAN_POINT('',(0.,0.));
#17328 = VECTOR('',#17329,1.);
#17329 = DIRECTION('',(0.,1.));
#17330 = ( GEOMETRIC_REPRESENTATION_CONTEXT(2) 
PARAMETRIC_REPRESENTATION_CONTEXT() REPRESENTATION_CONTEXT('2D SPACE',''
  ) );
#17331 = ORIENTED_EDGE('',*,*,#17332,.F.);
#17332 = EDGE_CURVE('',#17311,#17311,#17333,.T.);
#17333 = SURFACE_CURVE('',#17334,(#17339,#17346),.PCURVE_S1.);
#17334 = CIRCLE('',#17335,0.75);
#17335 = AXIS2_PLACEMENT_3D('',#17336,#17337,#17338);
#17336 = CARTESIAN_POINT('',(-14.46854564731,-32.69133963072,144.75));
#17337 = DIRECTION('',(-6.886751593559E-02,-0.997625814245,
    5.155644235476E-17));
#17338 = DIRECTION('',(0.997625814245,-6.886751593559E-02,
    -1.665334536938E-16));
#17339 = PCURVE('',#17291,#17340);
#17340 = DEFINITIONAL_REPRESENTATION('',(#17341),#17345);
#17341 = LINE('',#17342,#17343);
#17342 = CARTESIAN_POINT('',(0.,8.764048478387));
#17343 = VECTOR('',#17344,1.);
#17344 = DIRECTION('',(1.,0.));
#17345 = ( GEOMETRIC_REPRESENTATION_CONTEXT(2) 
PARAMETRIC_REPRESENTATION_CONTEXT() REPRESENTATION_CONTEXT('2D SPACE',''
  ) );
#17346 = PCURVE('',#17347,#17355);
#17347 = SURFACE_OF_LINEAR_EXTRUSION('',#17348,#17353);
#17348 = CIRCLE('',#17349,0.75);
#17349 = AXIS2_PLACEMENT_3D('',#17350,#17351,#17352);
#17350 = CARTESIAN_POINT('',(-14.46854564731,-32.69133963072,144.75));
#17351 = DIRECTION('',(-6.886751593559E-02,-0.997625814245,
    5.155644235476E-17));
#17352 = DIRECTION('',(0.997625814245,-6.886751593559E-02,
    -1.665334536938E-16));
#17353 = VECTOR('',#17354,1.);
#17354 = DIRECTION('',(-0.884400322236,0.46672911847,0.));
#17355 = DEFINITIONAL_REPRESENTATION('',(#17356),#17359);
#17356 = B_SPLINE_CURVE_WITH_KNOTS('',1,(#17357,#17358),.UNSPECIFIED.,
  .F.,.F.,(2,2),(0.,6.28318530718),.PIECEWISE_BEZIER_KNOTS.);
#17357 = CARTESIAN_POINT('',(0.,0.));
#17358 = CARTESIAN_POINT('',(6.28318530718,0.));
#17359 = ( GEOMETRIC_REPRESENTATION_CONTEXT(2) 
PARAMETRIC_REPRESENTATION_CONTEXT() REPRESENTATION_CONTEXT('2D SPACE',''
  ) );
#17360 = ORIENTED_EDGE('',*,*,#17310,.F.);
#17361 = ORIENTED_EDGE('',*,*,#17276,.T.);
#17362 = ADVANCED_FACE('',(#17363),#17347,.T.);
#17363 = FACE_BOUND('',#17364,.T.);
#17364 = EDGE_LOOP('',(#17365,#17387,#17416,#17417));
#17365 = ORIENTED_EDGE('',*,*,#17366,.T.);
#17366 = EDGE_CURVE('',#17311,#17367,#17369,.T.);
#17367 = VERTEX_POINT('',#17368);
#17368 = CARTESIAN_POINT('',(-18.0751376965,-30.4448033049,144.75));
#17369 = SEAM_CURVE('',#17370,(#17374,#17380),.PCURVE_S1.);
#17370 = LINE('',#17371,#17372);
#17371 = CARTESIAN_POINT('',(-13.72032628662,-32.74299026768,144.75));
#17372 = VECTOR('',#17373,1.);
#17373 = DIRECTION('',(-0.884400322236,0.46672911847,0.));
#17374 = PCURVE('',#17347,#17375);
#17375 = DEFINITIONAL_REPRESENTATION('',(#17376),#17379);
#17376 = B_SPLINE_CURVE_WITH_KNOTS('',1,(#17377,#17378),.UNSPECIFIED.,
  .F.,.F.,(2,2),(0.,4.924027389395),.PIECEWISE_BEZIER_KNOTS.);
#17377 = CARTESIAN_POINT('',(6.28318530718,0.));
#17378 = CARTESIAN_POINT('',(6.28318530718,4.924027389395));
#17379 = ( GEOMETRIC_REPRESENTATION_CONTEXT(2) 
PARAMETRIC_REPRESENTATION_CONTEXT() REPRESENTATION_CONTEXT('2D SPACE',''
  ) );
#17380 = PCURVE('',#17347,#17381);
#17381 = DEFINITIONAL_REPRESENTATION('',(#17382),#17386);
#17382 = LINE('',#17383,#17384);
#17383 = CARTESIAN_POINT('',(0.,0.));
#17384 = VECTOR('',#17385,1.);
#17385 = DIRECTION('',(0.,1.));
#17386 = ( GEOMETRIC_REPRESENTATION_CONTEXT(2) 
PARAMETRIC_REPRESENTATION_CONTEXT() REPRESENTATION_CONTEXT('2D SPACE',''
  ) );
#17387 = ORIENTED_EDGE('',*,*,#17388,.F.);
#17388 = EDGE_CURVE('',#17367,#17367,#17389,.T.);
#17389 = SURFACE_CURVE('',#17390,(#17395,#17402),.PCURVE_S1.);
#17390 = CIRCLE('',#17391,0.75);
#17391 = AXIS2_PLACEMENT_3D('',#17392,#17393,#17394);
#17392 = CARTESIAN_POINT('',(-18.82335705719,-30.39315266795,144.75));
#17393 = DIRECTION('',(-6.886751593559E-02,-0.997625814245,
    5.155644235476E-17));
#17394 = DIRECTION('',(0.997625814245,-6.886751593559E-02,
    -1.665334536938E-16));
#17395 = PCURVE('',#17347,#17396);
#17396 = DEFINITIONAL_REPRESENTATION('',(#17397),#17401);
#17397 = LINE('',#17398,#17399);
#17398 = CARTESIAN_POINT('',(0.,4.924027389395));
#17399 = VECTOR('',#17400,1.);
#17400 = DIRECTION('',(1.,0.));
#17401 = ( GEOMETRIC_REPRESENTATION_CONTEXT(2) 
PARAMETRIC_REPRESENTATION_CONTEXT() REPRESENTATION_CONTEXT('2D SPACE',''
  ) );
#17402 = PCURVE('',#17403,#17411);
#17403 = SURFACE_OF_LINEAR_EXTRUSION('',#17404,#17409);
#17404 = CIRCLE('',#17405,0.75);
#17405 = AXIS2_PLACEMENT_3D('',#17406,#17407,#17408);
#17406 = CARTESIAN_POINT('',(-18.82335705719,-30.39315266795,144.75));
#17407 = DIRECTION('',(-6.886751593559E-02,-0.997625814245,
    5.155644235476E-17));
#17408 = DIRECTION('',(0.997625814245,-6.886751593559E-02,
    -1.665334536938E-16));
#17409 = VECTOR('',#17410,1.);
#17410 = DIRECTION('',(-0.811879044357,0.583825673754,0.));
#17411 = DEFINITIONAL_REPRESENTATION('',(#17412),#17415);
#17412 = B_SPLINE_CURVE_WITH_KNOTS('',1,(#17413,#17414),.UNSPECIFIED.,
  .F.,.F.,(2,2),(0.,6.28318530718),.PIECEWISE_BEZIER_KNOTS.);
#17413 = CARTESIAN_POINT('',(0.,0.));
#17414 = CARTESIAN_POINT('',(6.28318530718,0.));
#17415 = ( GEOMETRIC_REPRESENTATION_CONTEXT(2) 
PARAMETRIC_REPRESENTATION_CONTEXT() REPRESENTATION_CONTEXT('2D SPACE',''
  ) );
#17416 = ORIENTED_EDGE('',*,*,#17366,.F.);
#17417 = ORIENTED_EDGE('',*,*,#17332,.T.);
#17418 = ADVANCED_FACE('',(#17419),#17403,.T.);
#17419 = FACE_BOUND('',#17420,.T.);
#17420 = EDGE_LOOP('',(#17421,#17443,#17472,#17473));
#17421 = ORIENTED_EDGE('',*,*,#17422,.T.);
#17422 = EDGE_CURVE('',#17367,#17423,#17425,.T.);
#17423 = VERTEX_POINT('',#17424);
#17424 = CARTESIAN_POINT('',(-22.07285234779,-27.5700296967,144.75));
#17425 = SEAM_CURVE('',#17426,(#17430,#17436),.PCURVE_S1.);
#17426 = LINE('',#17427,#17428);
#17427 = CARTESIAN_POINT('',(-18.0751376965,-30.4448033049,144.75));
#17428 = VECTOR('',#17429,1.);
#17429 = DIRECTION('',(-0.811879044357,0.583825673754,0.));
#17430 = PCURVE('',#17403,#17431);
#17431 = DEFINITIONAL_REPRESENTATION('',(#17432),#17435);
#17432 = B_SPLINE_CURVE_WITH_KNOTS('',1,(#17433,#17434),.UNSPECIFIED.,
  .F.,.F.,(2,2),(0.,4.924027389395),.PIECEWISE_BEZIER_KNOTS.);
#17433 = CARTESIAN_POINT('',(6.28318530718,0.));
#17434 = CARTESIAN_POINT('',(6.28318530718,4.924027389395));
#17435 = ( GEOMETRIC_REPRESENTATION_CONTEXT(2) 
PARAMETRIC_REPRESENTATION_CONTEXT() REPRESENTATION_CONTEXT('2D SPACE',''
  ) );
#17436 = PCURVE('',#17403,#17437);
#17437 = DEFINITIONAL_REPRESENTATION('',(#17438),#17442);
#17438 = LINE('',#17439,#17440);
#17439 = CARTESIAN_POINT('',(0.,0.));
#17440 = VECTOR('',#17441,1.);
#17441 = DIRECTION('',(0.,1.));
#17442 = ( GEOMETRIC_REPRESENTATION_CONTEXT(2) 
PARAMETRIC_REPRESENTATION_CONTEXT() REPRESENTATION_CONTEXT('2D SPACE',''
  ) );
#17443 = ORIENTED_EDGE('',*,*,#17444,.F.);
#17444 = EDGE_CURVE('',#17423,#17423,#17445,.T.);
#17445 = SURFACE_CURVE('',#17446,(#17451,#17458),.PCURVE_S1.);
#17446 = CIRCLE('',#17447,0.75);
#17447 = AXIS2_PLACEMENT_3D('',#17448,#17449,#17450);
#17448 = CARTESIAN_POINT('',(-22.82107170848,-27.51837905975,144.75));
#17449 = DIRECTION('',(-6.886751593559E-02,-0.997625814245,
    5.155644235476E-17));
#17450 = DIRECTION('',(0.997625814245,-6.886751593559E-02,
    -1.665334536938E-16));
#17451 = PCURVE('',#17403,#17452);
#17452 = DEFINITIONAL_REPRESENTATION('',(#17453),#17457);
#17453 = LINE('',#17454,#17455);
#17454 = CARTESIAN_POINT('',(0.,4.924027389395));
#17455 = VECTOR('',#17456,1.);
#17456 = DIRECTION('',(1.,0.));
#17457 = ( GEOMETRIC_REPRESENTATION_CONTEXT(2) 
PARAMETRIC_REPRESENTATION_CONTEXT() REPRESENTATION_CONTEXT('2D SPACE',''
  ) );
#17458 = PCURVE('',#17459,#17467);
#17459 = SURFACE_OF_LINEAR_EXTRUSION('',#17460,#17465);
#17460 = CIRCLE('',#17461,0.75);
#17461 = AXIS2_PLACEMENT_3D('',#17462,#17463,#17464);
#17462 = CARTESIAN_POINT('',(-22.82107170848,-27.51837905975,144.75));
#17463 = DIRECTION('',(-6.886751593559E-02,-0.997625814245,
    5.155644235476E-17));
#17464 = DIRECTION('',(0.997625814245,-6.886751593559E-02,
    -1.665334536938E-16));
#17465 = VECTOR('',#17466,1.);
#17466 = DIRECTION('',(-0.723955658648,0.689846507791,0.));
#17467 = DEFINITIONAL_REPRESENTATION('',(#17468),#17471);
#17468 = B_SPLINE_CURVE_WITH_KNOTS('',1,(#17469,#17470),.UNSPECIFIED.,
  .F.,.F.,(2,2),(0.,6.28318530718),.PIECEWISE_BEZIER_KNOTS.);
#17469 = CARTESIAN_POINT('',(0.,0.));
#17470 = CARTESIAN_POINT('',(6.28318530718,0.));
#17471 = ( GEOMETRIC_REPRESENTATION_CONTEXT(2) 
PARAMETRIC_REPRESENTATION_CONTEXT() REPRESENTATION_CONTEXT('2D SPACE',''
  ) );
#17472 = ORIENTED_EDGE('',*,*,#17422,.F.);
#17473 = ORIENTED_EDGE('',*,*,#17388,.T.);
#17474 = ADVANCED_FACE('',(#17475),#17459,.T.);
#17475 = FACE_BOUND('',#17476,.T.);
#17476 = EDGE_LOOP('',(#17477,#17499,#17528,#17529));
#17477 = ORIENTED_EDGE('',*,*,#17478,.T.);
#17478 = EDGE_CURVE('',#17423,#17479,#17481,.T.);
#17479 = VERTEX_POINT('',#17480);
#17480 = CARTESIAN_POINT('',(-25.63762983968,-24.17320659786,144.75));
#17481 = SEAM_CURVE('',#17482,(#17486,#17492),.PCURVE_S1.);
#17482 = LINE('',#17483,#17484);
#17483 = CARTESIAN_POINT('',(-22.07285234779,-27.5700296967,144.75));
#17484 = VECTOR('',#17485,1.);
#17485 = DIRECTION('',(-0.723955658648,0.689846507791,0.));
#17486 = PCURVE('',#17459,#17487);
#17487 = DEFINITIONAL_REPRESENTATION('',(#17488),#17491);
#17488 = B_SPLINE_CURVE_WITH_KNOTS('',1,(#17489,#17490),.UNSPECIFIED.,
  .F.,.F.,(2,2),(0.,4.924027389395),.PIECEWISE_BEZIER_KNOTS.);
#17489 = CARTESIAN_POINT('',(6.28318530718,0.));
#17490 = CARTESIAN_POINT('',(6.28318530718,4.924027389395));
#17491 = ( GEOMETRIC_REPRESENTATION_CONTEXT(2) 
PARAMETRIC_REPRESENTATION_CONTEXT() REPRESENTATION_CONTEXT('2D SPACE',''
  ) );
#17492 = PCURVE('',#17459,#17493);
#17493 = DEFINITIONAL_REPRESENTATION('',(#17494),#17498);
#17494 = LINE('',#17495,#17496);
#17495 = CARTESIAN_POINT('',(0.,0.));
#17496 = VECTOR('',#17497,1.);
#17497 = DIRECTION('',(0.,1.));
#17498 = ( GEOMETRIC_REPRESENTATION_CONTEXT(2) 
PARAMETRIC_REPRESENTATION_CONTEXT() REPRESENTATION_CONTEXT('2D SPACE',''
  ) );
#17499 = ORIENTED_EDGE('',*,*,#17500,.F.);
#17500 = EDGE_CURVE('',#17479,#17479,#17501,.T.);
#17501 = SURFACE_CURVE('',#17502,(#17507,#17514),.PCURVE_S1.);
#17502 = CIRCLE('',#17503,0.75);
#17503 = AXIS2_PLACEMENT_3D('',#17504,#17505,#17506);
#17504 = CARTESIAN_POINT('',(-26.38584920036,-24.12155596091,144.75));
#17505 = DIRECTION('',(-6.886751593559E-02,-0.997625814245,
    5.155644235476E-17));
#17506 = DIRECTION('',(0.997625814245,-6.886751593559E-02,
    -1.665334536938E-16));
#17507 = PCURVE('',#17459,#17508);
#17508 = DEFINITIONAL_REPRESENTATION('',(#17509),#17513);
#17509 = LINE('',#17510,#17511);
#17510 = CARTESIAN_POINT('',(0.,4.924027389395));
#17511 = VECTOR('',#17512,1.);
#17512 = DIRECTION('',(1.,0.));
#17513 = ( GEOMETRIC_REPRESENTATION_CONTEXT(2) 
PARAMETRIC_REPRESENTATION_CONTEXT() REPRESENTATION_CONTEXT('2D SPACE',''
  ) );
#17514 = PCURVE('',#17515,#17523);
#17515 = SURFACE_OF_LINEAR_EXTRUSION('',#17516,#17521);
#17516 = CIRCLE('',#17517,0.75);
#17517 = AXIS2_PLACEMENT_3D('',#17518,#17519,#17520);
#17518 = CARTESIAN_POINT('',(-26.38584920036,-24.12155596091,144.75));
#17519 = DIRECTION('',(-6.886751593559E-02,-0.997625814245,
    1.069357998015E-16));
#17520 = DIRECTION('',(0.997625814245,-6.886751593559E-02,
    -1.110223024625E-16));
#17521 = VECTOR('',#17522,1.);
#17522 = DIRECTION('',(-0.349634437062,0.439800358839,0.827243256114));
#17523 = DEFINITIONAL_REPRESENTATION('',(#17524),#17527);
#17524 = B_SPLINE_CURVE_WITH_KNOTS('',1,(#17525,#17526),.UNSPECIFIED.,
  .F.,.F.,(2,2),(0.,6.28318530718),.PIECEWISE_BEZIER_KNOTS.);
#17525 = CARTESIAN_POINT('',(0.,0.));
#17526 = CARTESIAN_POINT('',(6.28318530718,0.));
#17527 = ( GEOMETRIC_REPRESENTATION_CONTEXT(2) 
PARAMETRIC_REPRESENTATION_CONTEXT() REPRESENTATION_CONTEXT('2D SPACE',''
  ) );
#17528 = ORIENTED_EDGE('',*,*,#17478,.F.);
#17529 = ORIENTED_EDGE('',*,*,#17444,.T.);
#17530 = ADVANCED_FACE('',(#17531),#17515,.T.);
#17531 = FACE_BOUND('',#17532,.T.);
#17532 = EDGE_LOOP('',(#17533,#17555,#17584,#17585));
#17533 = ORIENTED_EDGE('',*,*,#17534,.T.);
#17534 = EDGE_CURVE('',#17479,#17535,#17537,.T.);
#17535 = VERTEX_POINT('',#17536);
#17536 = CARTESIAN_POINT('',(-28.7018429958,-20.31877493219,152.));
#17537 = SEAM_CURVE('',#17538,(#17542,#17548),.PCURVE_S1.);
#17538 = LINE('',#17539,#17540);
#17539 = CARTESIAN_POINT('',(-25.63762983968,-24.17320659786,144.75));
#17540 = VECTOR('',#17541,1.);
#17541 = DIRECTION('',(-0.349634437062,0.439800358839,0.827243256114));
#17542 = PCURVE('',#17515,#17543);
#17543 = DEFINITIONAL_REPRESENTATION('',(#17544),#17547);
#17544 = B_SPLINE_CURVE_WITH_KNOTS('',1,(#17545,#17546),.UNSPECIFIED.,
  .F.,.F.,(2,2),(0.,8.764048478387),.PIECEWISE_BEZIER_KNOTS.);
#17545 = CARTESIAN_POINT('',(6.28318530718,0.));
#17546 = CARTESIAN_POINT('',(6.28318530718,8.764048478387));
#17547 = ( GEOMETRIC_REPRESENTATION_CONTEXT(2) 
PARAMETRIC_REPRESENTATION_CONTEXT() REPRESENTATION_CONTEXT('2D SPACE',''
  ) );
#17548 = PCURVE('',#17515,#17549);
#17549 = DEFINITIONAL_REPRESENTATION('',(#17550),#17554);
#17550 = LINE('',#17551,#17552);
#17551 = CARTESIAN_POINT('',(0.,0.));
#17552 = VECTOR('',#17553,1.);
#17553 = DIRECTION('',(0.,1.));
#17554 = ( GEOMETRIC_REPRESENTATION_CONTEXT(2) 
PARAMETRIC_REPRESENTATION_CONTEXT() REPRESENTATION_CONTEXT('2D SPACE',''
  ) );
#17555 = ORIENTED_EDGE('',*,*,#17556,.F.);
#17556 = EDGE_CURVE('',#17535,#17535,#17557,.T.);
#17557 = SURFACE_CURVE('',#17558,(#17563,#17570),.PCURVE_S1.);
#17558 = CIRCLE('',#17559,0.75);
#17559 = AXIS2_PLACEMENT_3D('',#17560,#17561,#17562);
#17560 = CARTESIAN_POINT('',(-29.45006235649,-20.26712429524,152.));
#17561 = DIRECTION('',(-6.886751593559E-02,-0.997625814245,
    1.069357998015E-16));
#17562 = DIRECTION('',(0.997625814245,-6.886751593559E-02,
    -1.110223024625E-16));
#17563 = PCURVE('',#17515,#17564);
#17564 = DEFINITIONAL_REPRESENTATION('',(#17565),#17569);
#17565 = LINE('',#17566,#17567);
#17566 = CARTESIAN_POINT('',(0.,8.764048478387));
#17567 = VECTOR('',#17568,1.);
#17568 = DIRECTION('',(1.,0.));
#17569 = ( GEOMETRIC_REPRESENTATION_CONTEXT(2) 
PARAMETRIC_REPRESENTATION_CONTEXT() REPRESENTATION_CONTEXT('2D SPACE',''
  ) );
#17570 = PCURVE('',#17571,#17579);
#17571 = SURFACE_OF_LINEAR_EXTRUSION('',#17572,#17577);
#17572 = CIRCLE('',#17573,0.75);
#17573 = AXIS2_PLACEMENT_3D('',#17574,#17575,#17576);
#17574 = CARTESIAN_POINT('',(-29.45006235649,-20.26712429524,152.));
#17575 = DIRECTION('',(-6.886751593559E-02,-0.997625814245,
    1.069357998015E-16));
#17576 = DIRECTION('',(0.997625814245,-6.886751593559E-02,
    -1.110223024625E-16));
#17577 = VECTOR('',#17578,1.);
#17578 = DIRECTION('',(-0.508835069617,0.860864026387,0.));
#17579 = DEFINITIONAL_REPRESENTATION('',(#17580),#17583);
#17580 = B_SPLINE_CURVE_WITH_KNOTS('',1,(#17581,#17582),.UNSPECIFIED.,
  .F.,.F.,(2,2),(0.,6.28318530718),.PIECEWISE_BEZIER_KNOTS.);
#17581 = CARTESIAN_POINT('',(0.,0.));
#17582 = CARTESIAN_POINT('',(6.28318530718,0.));
#17583 = ( GEOMETRIC_REPRESENTATION_CONTEXT(2) 
PARAMETRIC_REPRESENTATION_CONTEXT() REPRESENTATION_CONTEXT('2D SPACE',''
  ) );
#17584 = ORIENTED_EDGE('',*,*,#17534,.F.);
#17585 = ORIENTED_EDGE('',*,*,#17500,.T.);
#17586 = ADVANCED_FACE('',(#17587),#17571,.T.);
#17587 = FACE_BOUND('',#17588,.T.);
#17588 = EDGE_LOOP('',(#17589,#17611,#17640,#17641));
#17589 = ORIENTED_EDGE('',*,*,#17590,.T.);
#17590 = EDGE_CURVE('',#17535,#17591,#17593,.T.);
#17591 = VERTEX_POINT('',#17592);
#17592 = CARTESIAN_POINT('',(-31.20736081528,-16.07985688771,152.));
#17593 = SEAM_CURVE('',#17594,(#17598,#17604),.PCURVE_S1.);
#17594 = LINE('',#17595,#17596);
#17595 = CARTESIAN_POINT('',(-28.7018429958,-20.31877493219,152.));
#17596 = VECTOR('',#17597,1.);
#17597 = DIRECTION('',(-0.508835069617,0.860864026387,0.));
#17598 = PCURVE('',#17571,#17599);
#17599 = DEFINITIONAL_REPRESENTATION('',(#17600),#17603);
#17600 = B_SPLINE_CURVE_WITH_KNOTS('',1,(#17601,#17602),.UNSPECIFIED.,
  .F.,.F.,(2,2),(0.,4.924027389395),.PIECEWISE_BEZIER_KNOTS.);
#17601 = CARTESIAN_POINT('',(6.28318530718,0.));
#17602 = CARTESIAN_POINT('',(6.28318530718,4.924027389395));
#17603 = ( GEOMETRIC_REPRESENTATION_CONTEXT(2) 
PARAMETRIC_REPRESENTATION_CONTEXT() REPRESENTATION_CONTEXT('2D SPACE',''
  ) );
#17604 = PCURVE('',#17571,#17605);
#17605 = DEFINITIONAL_REPRESENTATION('',(#17606),#17610);
#17606 = LINE('',#17607,#17608);
#17607 = CARTESIAN_POINT('',(0.,0.));
#17608 = VECTOR('',#17609,1.);
#17609 = DIRECTION('',(0.,1.));
#17610 = ( GEOMETRIC_REPRESENTATION_CONTEXT(2) 
PARAMETRIC_REPRESENTATION_CONTEXT() REPRESENTATION_CONTEXT('2D SPACE',''
  ) );
#17611 = ORIENTED_EDGE('',*,*,#17612,.F.);
#17612 = EDGE_CURVE('',#17591,#17591,#17613,.T.);
#17613 = SURFACE_CURVE('',#17614,(#17619,#17626),.PCURVE_S1.);
#17614 = CIRCLE('',#17615,0.75);
#17615 = AXIS2_PLACEMENT_3D('',#17616,#17617,#17618);
#17616 = CARTESIAN_POINT('',(-31.95558017597,-16.02820625076,152.));
#17617 = DIRECTION('',(-6.886751593559E-02,-0.997625814245,
    1.069357998015E-16));
#17618 = DIRECTION('',(0.997625814245,-6.886751593559E-02,
    -1.110223024625E-16));
#17619 = PCURVE('',#17571,#17620);
#17620 = DEFINITIONAL_REPRESENTATION('',(#17621),#17625);
#17621 = LINE('',#17622,#17623);
#17622 = CARTESIAN_POINT('',(0.,4.924027389395));
#17623 = VECTOR('',#17624,1.);
#17624 = DIRECTION('',(1.,0.));
#17625 = ( GEOMETRIC_REPRESENTATION_CONTEXT(2) 
PARAMETRIC_REPRESENTATION_CONTEXT() REPRESENTATION_CONTEXT('2D SPACE',''
  ) );
#17626 = PCURVE('',#17627,#17635);
#17627 = SURFACE_OF_LINEAR_EXTRUSION('',#17628,#17633);
#17628 = CIRCLE('',#17629,0.75);
#17629 = AXIS2_PLACEMENT_3D('',#17630,#17631,#17632);
#17630 = CARTESIAN_POINT('',(-31.95558017597,-16.02820625076,152.));
#17631 = DIRECTION('',(-6.886751593559E-02,-0.997625814245,
    1.069357998015E-16));
#17632 = DIRECTION('',(0.997625814245,-6.886751593559E-02,
    -1.110223024625E-16));
#17633 = VECTOR('',#17634,1.);
#17634 = DIRECTION('',(-0.385718905869,0.922616348032,0.));
#17635 = DEFINITIONAL_REPRESENTATION('',(#17636),#17639);
#17636 = B_SPLINE_CURVE_WITH_KNOTS('',1,(#17637,#17638),.UNSPECIFIED.,
  .F.,.F.,(2,2),(0.,6.28318530718),.PIECEWISE_BEZIER_KNOTS.);
#17637 = CARTESIAN_POINT('',(0.,0.));
#17638 = CARTESIAN_POINT('',(6.28318530718,0.));
#17639 = ( GEOMETRIC_REPRESENTATION_CONTEXT(2) 
PARAMETRIC_REPRESENTATION_CONTEXT() REPRESENTATION_CONTEXT('2D SPACE',''
  ) );
#17640 = ORIENTED_EDGE('',*,*,#17590,.F.);
#17641 = ORIENTED_EDGE('',*,*,#17556,.T.);
#17642 = ADVANCED_FACE('',(#17643),#17627,.T.);
#17643 = FACE_BOUND('',#17644,.T.);
#17644 = EDGE_LOOP('',(#17645,#17667,#17696,#17697));
#17645 = ORIENTED_EDGE('',*,*,#17646,.T.);
#17646 = EDGE_CURVE('',#17591,#17647,#17649,.T.);
#17647 = VERTEX_POINT('',#17648);
#17648 = CARTESIAN_POINT('',(-33.10665127239,-11.5368687201,152.));
#17649 = SEAM_CURVE('',#17650,(#17654,#17660),.PCURVE_S1.);
#17650 = LINE('',#17651,#17652);
#17651 = CARTESIAN_POINT('',(-31.20736081528,-16.07985688771,152.));
#17652 = VECTOR('',#17653,1.);
#17653 = DIRECTION('',(-0.385718905869,0.922616348032,0.));
#17654 = PCURVE('',#17627,#17655);
#17655 = DEFINITIONAL_REPRESENTATION('',(#17656),#17659);
#17656 = B_SPLINE_CURVE_WITH_KNOTS('',1,(#17657,#17658),.UNSPECIFIED.,
  .F.,.F.,(2,2),(0.,4.924027389395),.PIECEWISE_BEZIER_KNOTS.);
#17657 = CARTESIAN_POINT('',(6.28318530718,0.));
#17658 = CARTESIAN_POINT('',(6.28318530718,4.924027389395));
#17659 = ( GEOMETRIC_REPRESENTATION_CONTEXT(2) 
PARAMETRIC_REPRESENTATION_CONTEXT() REPRESENTATION_CONTEXT('2D SPACE',''
  ) );
#17660 = PCURVE('',#17627,#17661);
#17661 = DEFINITIONAL_REPRESENTATION('',(#17662),#17666);
#17662 = LINE('',#17663,#17664);
#17663 = CARTESIAN_POINT('',(0.,0.));
#17664 = VECTOR('',#17665,1.);
#17665 = DIRECTION('',(0.,1.));
#17666 = ( GEOMETRIC_REPRESENTATION_CONTEXT(2) 
PARAMETRIC_REPRESENTATION_CONTEXT() REPRESENTATION_CONTEXT('2D SPACE',''
  ) );
#17667 = ORIENTED_EDGE('',*,*,#17668,.F.);
#17668 = EDGE_CURVE('',#17647,#17647,#17669,.T.);
#17669 = SURFACE_CURVE('',#17670,(#17675,#17682),.PCURVE_S1.);
#17670 = CIRCLE('',#17671,0.75);
#17671 = AXIS2_PLACEMENT_3D('',#17672,#17673,#17674);
#17672 = CARTESIAN_POINT('',(-33.85487063307,-11.48521808315,152.));
#17673 = DIRECTION('',(-6.886751593559E-02,-0.997625814245,
    1.069357998015E-16));
#17674 = DIRECTION('',(0.997625814245,-6.886751593559E-02,
    -1.110223024625E-16));
#17675 = PCURVE('',#17627,#17676);
#17676 = DEFINITIONAL_REPRESENTATION('',(#17677),#17681);
#17677 = LINE('',#17678,#17679);
#17678 = CARTESIAN_POINT('',(0.,4.924027389395));
#17679 = VECTOR('',#17680,1.);
#17680 = DIRECTION('',(1.,0.));
#17681 = ( GEOMETRIC_REPRESENTATION_CONTEXT(2) 
PARAMETRIC_REPRESENTATION_CONTEXT() REPRESENTATION_CONTEXT('2D SPACE',''
  ) );
#17682 = PCURVE('',#17683,#17691);
#17683 = SURFACE_OF_LINEAR_EXTRUSION('',#17684,#17689);
#17684 = CIRCLE('',#17685,0.75);
#17685 = AXIS2_PLACEMENT_3D('',#17686,#17687,#17688);
#17686 = CARTESIAN_POINT('',(-33.85487063307,-11.48521808315,152.));
#17687 = DIRECTION('',(-6.886751593559E-02,-0.997625814245,
    1.069357998015E-16));
#17688 = DIRECTION('',(0.997625814245,-6.886751593559E-02,
    -1.110223024625E-16));
#17689 = VECTOR('',#17690,1.);
#17690 = DIRECTION('',(-0.255285292284,0.966865771213,0.));
#17691 = DEFINITIONAL_REPRESENTATION('',(#17692),#17695);
#17692 = B_SPLINE_CURVE_WITH_KNOTS('',1,(#17693,#17694),.UNSPECIFIED.,
  .F.,.F.,(2,2),(0.,6.28318530718),.PIECEWISE_BEZIER_KNOTS.);
#17693 = CARTESIAN_POINT('',(0.,0.));
#17694 = CARTESIAN_POINT('',(6.28318530718,0.));
#17695 = ( GEOMETRIC_REPRESENTATION_CONTEXT(2) 
PARAMETRIC_REPRESENTATION_CONTEXT() REPRESENTATION_CONTEXT('2D SPACE',''
  ) );
#17696 = ORIENTED_EDGE('',*,*,#17646,.F.);
#17697 = ORIENTED_EDGE('',*,*,#17612,.T.);
#17698 = ADVANCED_FACE('',(#17699),#17683,.T.);
#17699 = FACE_BOUND('',#17700,.T.);
#17700 = EDGE_LOOP('',(#17701,#17723,#17752,#17753));
#17701 = ORIENTED_EDGE('',*,*,#17702,.T.);
#17702 = EDGE_CURVE('',#17647,#17703,#17705,.T.);
#17703 = VERTEX_POINT('',#17704);
#17704 = CARTESIAN_POINT('',(-34.36368304371,-6.775995180783,152.));
#17705 = SEAM_CURVE('',#17706,(#17710,#17716),.PCURVE_S1.);
#17706 = LINE('',#17707,#17708);
#17707 = CARTESIAN_POINT('',(-33.10665127239,-11.5368687201,152.));
#17708 = VECTOR('',#17709,1.);
#17709 = DIRECTION('',(-0.255285292284,0.966865771213,0.));
#17710 = PCURVE('',#17683,#17711);
#17711 = DEFINITIONAL_REPRESENTATION('',(#17712),#17715);
#17712 = B_SPLINE_CURVE_WITH_KNOTS('',1,(#17713,#17714),.UNSPECIFIED.,
  .F.,.F.,(2,2),(0.,4.924027389395),.PIECEWISE_BEZIER_KNOTS.);
#17713 = CARTESIAN_POINT('',(6.28318530718,0.));
#17714 = CARTESIAN_POINT('',(6.28318530718,4.924027389395));
#17715 = ( GEOMETRIC_REPRESENTATION_CONTEXT(2) 
PARAMETRIC_REPRESENTATION_CONTEXT() REPRESENTATION_CONTEXT('2D SPACE',''
  ) );
#17716 = PCURVE('',#17683,#17717);
#17717 = DEFINITIONAL_REPRESENTATION('',(#17718),#17722);
#17718 = LINE('',#17719,#17720);
#17719 = CARTESIAN_POINT('',(0.,0.));
#17720 = VECTOR('',#17721,1.);
#17721 = DIRECTION('',(0.,1.));
#17722 = ( GEOMETRIC_REPRESENTATION_CONTEXT(2) 
PARAMETRIC_REPRESENTATION_CONTEXT() REPRESENTATION_CONTEXT('2D SPACE',''
  ) );
#17723 = ORIENTED_EDGE('',*,*,#17724,.F.);
#17724 = EDGE_CURVE('',#17703,#17703,#17725,.T.);
#17725 = SURFACE_CURVE('',#17726,(#17731,#17738),.PCURVE_S1.);
#17726 = CIRCLE('',#17727,0.75);
#17727 = AXIS2_PLACEMENT_3D('',#17728,#17729,#17730);
#17728 = CARTESIAN_POINT('',(-35.11190240439,-6.724344543832,152.));
#17729 = DIRECTION('',(-6.886751593559E-02,-0.997625814245,
    1.069357998015E-16));
#17730 = DIRECTION('',(0.997625814245,-6.886751593559E-02,
    -1.110223024625E-16));
#17731 = PCURVE('',#17683,#17732);
#17732 = DEFINITIONAL_REPRESENTATION('',(#17733),#17737);
#17733 = LINE('',#17734,#17735);
#17734 = CARTESIAN_POINT('',(0.,4.924027389395));
#17735 = VECTOR('',#17736,1.);
#17736 = DIRECTION('',(1.,0.));
#17737 = ( GEOMETRIC_REPRESENTATION_CONTEXT(2) 
PARAMETRIC_REPRESENTATION_CONTEXT() REPRESENTATION_CONTEXT('2D SPACE',''
  ) );
#17738 = PCURVE('',#17739,#17747);
#17739 = SURFACE_OF_LINEAR_EXTRUSION('',#17740,#17745);
#17740 = CIRCLE('',#17741,0.75);
#17741 = AXIS2_PLACEMENT_3D('',#17742,#17743,#17744);
#17742 = CARTESIAN_POINT('',(-35.11190240439,-6.724344543832,152.));
#17743 = DIRECTION('',(-6.886751593559E-02,-0.997625814245,
    2.176945146951E-16));
#17744 = DIRECTION('',(0.997625814245,-6.886751593559E-02,
    -1.110223024625E-16));
#17745 = VECTOR('',#17746,1.);
#17746 = DIRECTION('',(-6.742614602465E-02,0.557783389898,0.827243256114
    ));
#17747 = DEFINITIONAL_REPRESENTATION('',(#17748),#17751);
#17748 = B_SPLINE_CURVE_WITH_KNOTS('',1,(#17749,#17750),.UNSPECIFIED.,
  .F.,.F.,(2,2),(0.,6.28318530718),.PIECEWISE_BEZIER_KNOTS.);
#17749 = CARTESIAN_POINT('',(0.,0.));
#17750 = CARTESIAN_POINT('',(6.28318530718,0.));
#17751 = ( GEOMETRIC_REPRESENTATION_CONTEXT(2) 
PARAMETRIC_REPRESENTATION_CONTEXT() REPRESENTATION_CONTEXT('2D SPACE',''
  ) );
#17752 = ORIENTED_EDGE('',*,*,#17702,.F.);
#17753 = ORIENTED_EDGE('',*,*,#17668,.T.);
#17754 = ADVANCED_FACE('',(#17755),#17739,.T.);
#17755 = FACE_BOUND('',#17756,.T.);
#17756 = EDGE_LOOP('',(#17757,#17779,#17808,#17809));
#17757 = ORIENTED_EDGE('',*,*,#17758,.T.);
#17758 = EDGE_CURVE('',#17703,#17759,#17761,.T.);
#17759 = VERTEX_POINT('',#17760);
#17760 = CARTESIAN_POINT('',(-34.95460905618,-1.887554511276,159.25));
#17761 = SEAM_CURVE('',#17762,(#17766,#17772),.PCURVE_S1.);
#17762 = LINE('',#17763,#17764);
#17763 = CARTESIAN_POINT('',(-34.36368304371,-6.775995180783,152.));
#17764 = VECTOR('',#17765,1.);
#17765 = DIRECTION('',(-6.742614602465E-02,0.557783389898,0.827243256114
    ));
#17766 = PCURVE('',#17739,#17767);
#17767 = DEFINITIONAL_REPRESENTATION('',(#17768),#17771);
#17768 = B_SPLINE_CURVE_WITH_KNOTS('',1,(#17769,#17770),.UNSPECIFIED.,
  .F.,.F.,(2,2),(0.,8.764048478387),.PIECEWISE_BEZIER_KNOTS.);
#17769 = CARTESIAN_POINT('',(6.28318530718,0.));
#17770 = CARTESIAN_POINT('',(6.28318530718,8.764048478387));
#17771 = ( GEOMETRIC_REPRESENTATION_CONTEXT(2) 
PARAMETRIC_REPRESENTATION_CONTEXT() REPRESENTATION_CONTEXT('2D SPACE',''
  ) );
#17772 = PCURVE('',#17739,#17773);
#17773 = DEFINITIONAL_REPRESENTATION('',(#17774),#17778);
#17774 = LINE('',#17775,#17776);
#17775 = CARTESIAN_POINT('',(0.,0.));
#17776 = VECTOR('',#17777,1.);
#17777 = DIRECTION('',(0.,1.));
#17778 = ( GEOMETRIC_REPRESENTATION_CONTEXT(2) 
PARAMETRIC_REPRESENTATION_CONTEXT() REPRESENTATION_CONTEXT('2D SPACE',''
  ) );
#17779 = ORIENTED_EDGE('',*,*,#17780,.F.);
#17780 = EDGE_CURVE('',#17759,#17759,#17781,.T.);
#17781 = SURFACE_CURVE('',#17782,(#17787,#17794),.PCURVE_S1.);
#17782 = CIRCLE('',#17783,0.75);
#17783 = AXIS2_PLACEMENT_3D('',#17784,#17785,#17786);
#17784 = CARTESIAN_POINT('',(-35.70282841686,-1.835903874324,159.25));
#17785 = DIRECTION('',(-6.886751593559E-02,-0.997625814245,
    2.176945146951E-16));
#17786 = DIRECTION('',(0.997625814245,-6.886751593559E-02,
    -1.110223024625E-16));
#17787 = PCURVE('',#17739,#17788);
#17788 = DEFINITIONAL_REPRESENTATION('',(#17789),#17793);
#17789 = LINE('',#17790,#17791);
#17790 = CARTESIAN_POINT('',(0.,8.764048478387));
#17791 = VECTOR('',#17792,1.);
#17792 = DIRECTION('',(1.,0.));
#17793 = ( GEOMETRIC_REPRESENTATION_CONTEXT(2) 
PARAMETRIC_REPRESENTATION_CONTEXT() REPRESENTATION_CONTEXT('2D SPACE',''
  ) );
#17794 = PCURVE('',#17795,#17803);
#17795 = SURFACE_OF_LINEAR_EXTRUSION('',#17796,#17801);
#17796 = CIRCLE('',#17797,0.75);
#17797 = AXIS2_PLACEMENT_3D('',#17798,#17799,#17800);
#17798 = CARTESIAN_POINT('',(-35.70282841686,-1.835903874324,159.25));
#17799 = DIRECTION('',(-6.886751593559E-02,-0.997625814245,
    2.176945146951E-16));
#17800 = DIRECTION('',(0.997625814245,-6.886751593559E-02,
    -1.110223024625E-16));
#17801 = VECTOR('',#17802,1.);
#17802 = DIRECTION('',(1.754461559288E-02,0.999846081386,0.));
#17803 = DEFINITIONAL_REPRESENTATION('',(#17804),#17807);
#17804 = B_SPLINE_CURVE_WITH_KNOTS('',1,(#17805,#17806),.UNSPECIFIED.,
  .F.,.F.,(2,2),(0.,6.28318530718),.PIECEWISE_BEZIER_KNOTS.);
#17805 = CARTESIAN_POINT('',(0.,0.));
#17806 = CARTESIAN_POINT('',(6.28318530718,0.));
#17807 = ( GEOMETRIC_REPRESENTATION_CONTEXT(2) 
PARAMETRIC_REPRESENTATION_CONTEXT() REPRESENTATION_CONTEXT('2D SPACE',''
  ) );
#17808 = ORIENTED_EDGE('',*,*,#17758,.F.);
#17809 = ORIENTED_EDGE('',*,*,#17724,.T.);
#17810 = ADVANCED_FACE('',(#17811),#17795,.T.);
#17811 = FACE_BOUND('',#17812,.T.);
#17812 = EDGE_LOOP('',(#17813,#17835,#17864,#17865));
#17813 = ORIENTED_EDGE('',*,*,#17814,.T.);
#17814 = EDGE_CURVE('',#17759,#17815,#17817,.T.);
#17815 = VERTEX_POINT('',#17816);
#17816 = CARTESIAN_POINT('',(-34.86821888846,3.03571497865,159.25));
#17817 = SEAM_CURVE('',#17818,(#17822,#17828),.PCURVE_S1.);
#17818 = LINE('',#17819,#17820);
#17819 = CARTESIAN_POINT('',(-34.95460905618,-1.887554511276,159.25));
#17820 = VECTOR('',#17821,1.);
#17821 = DIRECTION('',(1.754461559288E-02,0.999846081386,0.));
#17822 = PCURVE('',#17795,#17823);
#17823 = DEFINITIONAL_REPRESENTATION('',(#17824),#17827);
#17824 = B_SPLINE_CURVE_WITH_KNOTS('',1,(#17825,#17826),.UNSPECIFIED.,
  .F.,.F.,(2,2),(0.,4.924027389395),.PIECEWISE_BEZIER_KNOTS.);
#17825 = CARTESIAN_POINT('',(6.28318530718,0.));
#17826 = CARTESIAN_POINT('',(6.28318530718,4.924027389395));
#17827 = ( GEOMETRIC_REPRESENTATION_CONTEXT(2) 
PARAMETRIC_REPRESENTATION_CONTEXT() REPRESENTATION_CONTEXT('2D SPACE',''
  ) );
#17828 = PCURVE('',#17795,#17829);
#17829 = DEFINITIONAL_REPRESENTATION('',(#17830),#17834);
#17830 = LINE('',#17831,#17832);
#17831 = CARTESIAN_POINT('',(0.,0.));
#17832 = VECTOR('',#17833,1.);
#17833 = DIRECTION('',(0.,1.));
#17834 = ( GEOMETRIC_REPRESENTATION_CONTEXT(2) 
PARAMETRIC_REPRESENTATION_CONTEXT() REPRESENTATION_CONTEXT('2D SPACE',''
  ) );
#17835 = ORIENTED_EDGE('',*,*,#17836,.F.);
#17836 = EDGE_CURVE('',#17815,#17815,#17837,.T.);
#17837 = SURFACE_CURVE('',#17838,(#17843,#17850),.PCURVE_S1.);
#17838 = CIRCLE('',#17839,0.75);
#17839 = AXIS2_PLACEMENT_3D('',#17840,#17841,#17842);
#17840 = CARTESIAN_POINT('',(-35.61643824915,3.087365615601,159.25));
#17841 = DIRECTION('',(-6.886751593559E-02,-0.997625814245,
    2.176945146951E-16));
#17842 = DIRECTION('',(0.997625814245,-6.886751593559E-02,
    -1.110223024625E-16));
#17843 = PCURVE('',#17795,#17844);
#17844 = DEFINITIONAL_REPRESENTATION('',(#17845),#17849);
#17845 = LINE('',#17846,#17847);
#17846 = CARTESIAN_POINT('',(0.,4.924027389395));
#17847 = VECTOR('',#17848,1.);
#17848 = DIRECTION('',(1.,0.));
#17849 = ( GEOMETRIC_REPRESENTATION_CONTEXT(2) 
PARAMETRIC_REPRESENTATION_CONTEXT() REPRESENTATION_CONTEXT('2D SPACE',''
  ) );
#17850 = PCURVE('',#17851,#17859);
#17851 = SURFACE_OF_LINEAR_EXTRUSION('',#17852,#17857);
#17852 = CIRCLE('',#17853,0.75);
#17853 = AXIS2_PLACEMENT_3D('',#17854,#17855,#17856);
#17854 = CARTESIAN_POINT('',(-35.61643824915,3.087365615601,159.25));
#17855 = DIRECTION('',(-6.886751593559E-02,-0.997625814245,
    2.176945146951E-16));
#17856 = DIRECTION('',(0.997625814245,-6.886751593559E-02,
    -1.110223024625E-16));
#17857 = VECTOR('',#17858,1.);
#17858 = DIRECTION('',(0.154765070345,0.987951300926,0.));
#17859 = DEFINITIONAL_REPRESENTATION('',(#17860),#17863);
#17860 = B_SPLINE_CURVE_WITH_KNOTS('',1,(#17861,#17862),.UNSPECIFIED.,
  .F.,.F.,(2,2),(0.,6.28318530718),.PIECEWISE_BEZIER_KNOTS.);
#17861 = CARTESIAN_POINT('',(0.,0.));
#17862 = CARTESIAN_POINT('',(6.28318530718,0.));
#17863 = ( GEOMETRIC_REPRESENTATION_CONTEXT(2) 
PARAMETRIC_REPRESENTATION_CONTEXT() REPRESENTATION_CONTEXT('2D SPACE',''
  ) );
#17864 = ORIENTED_EDGE('',*,*,#17814,.F.);
#17865 = ORIENTED_EDGE('',*,*,#17780,.T.);
#17866 = ADVANCED_FACE('',(#17867),#17851,.T.);
#17867 = FACE_BOUND('',#17868,.T.);
#17868 = EDGE_LOOP('',(#17869,#17891,#17920,#17921));
#17869 = ORIENTED_EDGE('',*,*,#17870,.T.);
#17870 = EDGE_CURVE('',#17815,#17871,#17873,.T.);
#17871 = VERTEX_POINT('',#17872);
#17872 = CARTESIAN_POINT('',(-34.10615144316,7.900414243797,159.25));
#17873 = SEAM_CURVE('',#17874,(#17878,#17884),.PCURVE_S1.);
#17874 = LINE('',#17875,#17876);
#17875 = CARTESIAN_POINT('',(-34.86821888846,3.03571497865,159.25));
#17876 = VECTOR('',#17877,1.);
#17877 = DIRECTION('',(0.154765070345,0.987951300926,0.));
#17878 = PCURVE('',#17851,#17879);
#17879 = DEFINITIONAL_REPRESENTATION('',(#17880),#17883);
#17880 = B_SPLINE_CURVE_WITH_KNOTS('',1,(#17881,#17882),.UNSPECIFIED.,
  .F.,.F.,(2,2),(0.,4.924027389395),.PIECEWISE_BEZIER_KNOTS.);
#17881 = CARTESIAN_POINT('',(6.28318530718,0.));
#17882 = CARTESIAN_POINT('',(6.28318530718,4.924027389395));
#17883 = ( GEOMETRIC_REPRESENTATION_CONTEXT(2) 
PARAMETRIC_REPRESENTATION_CONTEXT() REPRESENTATION_CONTEXT('2D SPACE',''
  ) );
#17884 = PCURVE('',#17851,#17885);
#17885 = DEFINITIONAL_REPRESENTATION('',(#17886),#17890);
#17886 = LINE('',#17887,#17888);
#17887 = CARTESIAN_POINT('',(0.,0.));
#17888 = VECTOR('',#17889,1.);
#17889 = DIRECTION('',(0.,1.));
#17890 = ( GEOMETRIC_REPRESENTATION_CONTEXT(2) 
PARAMETRIC_REPRESENTATION_CONTEXT() REPRESENTATION_CONTEXT('2D SPACE',''
  ) );
#17891 = ORIENTED_EDGE('',*,*,#17892,.F.);
#17892 = EDGE_CURVE('',#17871,#17871,#17893,.T.);
#17893 = SURFACE_CURVE('',#17894,(#17899,#17906),.PCURVE_S1.);
#17894 = CIRCLE('',#17895,0.75);
#17895 = AXIS2_PLACEMENT_3D('',#17896,#17897,#17898);
#17896 = CARTESIAN_POINT('',(-34.85437080385,7.952064880749,159.25));
#17897 = DIRECTION('',(-6.886751593559E-02,-0.997625814245,
    2.176945146951E-16));
#17898 = DIRECTION('',(0.997625814245,-6.886751593559E-02,
    -1.110223024625E-16));
#17899 = PCURVE('',#17851,#17900);
#17900 = DEFINITIONAL_REPRESENTATION('',(#17901),#17905);
#17901 = LINE('',#17902,#17903);
#17902 = CARTESIAN_POINT('',(0.,4.924027389395));
#17903 = VECTOR('',#17904,1.);
#17904 = DIRECTION('',(1.,0.));
#17905 = ( GEOMETRIC_REPRESENTATION_CONTEXT(2) 
PARAMETRIC_REPRESENTATION_CONTEXT() REPRESENTATION_CONTEXT('2D SPACE',''
  ) );
#17906 = PCURVE('',#17907,#17915);
#17907 = SURFACE_OF_LINEAR_EXTRUSION('',#17908,#17913);
#17908 = CIRCLE('',#17909,0.75);
#17909 = AXIS2_PLACEMENT_3D('',#17910,#17911,#17912);
#17910 = CARTESIAN_POINT('',(-34.85437080385,7.952064880749,159.25));
#17911 = DIRECTION('',(-6.886751593559E-02,-0.997625814245,
    2.176945146951E-16));
#17912 = DIRECTION('',(0.997625814245,-6.886751593559E-02,
    -1.110223024625E-16));
#17913 = VECTOR('',#17914,1.);
#17914 = DIRECTION('',(0.289049486387,0.957314156596,0.));
#17915 = DEFINITIONAL_REPRESENTATION('',(#17916),#17919);
#17916 = B_SPLINE_CURVE_WITH_KNOTS('',1,(#17917,#17918),.UNSPECIFIED.,
  .F.,.F.,(2,2),(0.,6.28318530718),.PIECEWISE_BEZIER_KNOTS.);
#17917 = CARTESIAN_POINT('',(0.,0.));
#17918 = CARTESIAN_POINT('',(6.28318530718,0.));
#17919 = ( GEOMETRIC_REPRESENTATION_CONTEXT(2) 
PARAMETRIC_REPRESENTATION_CONTEXT() REPRESENTATION_CONTEXT('2D SPACE',''
  ) );
#17920 = ORIENTED_EDGE('',*,*,#17870,.F.);
#17921 = ORIENTED_EDGE('',*,*,#17836,.T.);
#17922 = ADVANCED_FACE('',(#17923),#17907,.T.);
#17923 = FACE_BOUND('',#17924,.T.);
#17924 = EDGE_LOOP('',(#17925,#17947,#17976,#17977));
#17925 = ORIENTED_EDGE('',*,*,#17926,.T.);
#17926 = EDGE_CURVE('',#17871,#17927,#17929,.T.);
#17927 = VERTEX_POINT('',#17928);
#17928 = CARTESIAN_POINT('',(-32.6828638553,12.614255371131,159.25));
#17929 = SEAM_CURVE('',#17930,(#17934,#17940),.PCURVE_S1.);
#17930 = LINE('',#17931,#17932);
#17931 = CARTESIAN_POINT('',(-34.10615144316,7.900414243797,159.25));
#17932 = VECTOR('',#17933,1.);
#17933 = DIRECTION('',(0.289049486387,0.957314156596,0.));
#17934 = PCURVE('',#17907,#17935);
#17935 = DEFINITIONAL_REPRESENTATION('',(#17936),#17939);
#17936 = B_SPLINE_CURVE_WITH_KNOTS('',1,(#17937,#17938),.UNSPECIFIED.,
  .F.,.F.,(2,2),(0.,4.924027389395),.PIECEWISE_BEZIER_KNOTS.);
#17937 = CARTESIAN_POINT('',(6.28318530718,0.));
#17938 = CARTESIAN_POINT('',(6.28318530718,4.924027389395));
#17939 = ( GEOMETRIC_REPRESENTATION_CONTEXT(2) 
PARAMETRIC_REPRESENTATION_CONTEXT() REPRESENTATION_CONTEXT('2D SPACE',''
  ) );
#17940 = PCURVE('',#17907,#17941);
#17941 = DEFINITIONAL_REPRESENTATION('',(#17942),#17946);
#17942 = LINE('',#17943,#17944);
#17943 = CARTESIAN_POINT('',(0.,0.));
#17944 = VECTOR('',#17945,1.);
#17945 = DIRECTION('',(0.,1.));
#17946 = ( GEOMETRIC_REPRESENTATION_CONTEXT(2) 
PARAMETRIC_REPRESENTATION_CONTEXT() REPRESENTATION_CONTEXT('2D SPACE',''
  ) );
#17947 = ORIENTED_EDGE('',*,*,#17948,.F.);
#17948 = EDGE_CURVE('',#17927,#17927,#17949,.T.);
#17949 = SURFACE_CURVE('',#17950,(#17955,#17962),.PCURVE_S1.);
#17950 = CIRCLE('',#17951,0.75);
#17951 = AXIS2_PLACEMENT_3D('',#17952,#17953,#17954);
#17952 = CARTESIAN_POINT('',(-33.43108321598,12.665906008083,159.25));
#17953 = DIRECTION('',(-6.886751593559E-02,-0.997625814245,
    2.176945146951E-16));
#17954 = DIRECTION('',(0.997625814245,-6.886751593559E-02,
    -1.110223024625E-16));
#17955 = PCURVE('',#17907,#17956);
#17956 = DEFINITIONAL_REPRESENTATION('',(#17957),#17961);
#17957 = LINE('',#17958,#17959);
#17958 = CARTESIAN_POINT('',(0.,4.924027389395));
#17959 = VECTOR('',#17960,1.);
#17960 = DIRECTION('',(1.,0.));
#17961 = ( GEOMETRIC_REPRESENTATION_CONTEXT(2) 
PARAMETRIC_REPRESENTATION_CONTEXT() REPRESENTATION_CONTEXT('2D SPACE',''
  ) );
#17962 = PCURVE('',#17963,#17971);
#17963 = SURFACE_OF_LINEAR_EXTRUSION('',#17964,#17969);
#17964 = CIRCLE('',#17965,0.75);
#17965 = AXIS2_PLACEMENT_3D('',#17966,#17967,#17968);
#17966 = CARTESIAN_POINT('',(-33.43108321598,12.665906008083,159.25));
#17967 = DIRECTION('',(-6.886751593559E-02,-0.997625814245,
    1.623151572483E-16));
#17968 = DIRECTION('',(0.997625814245,-6.886751593559E-02,
    -9.71445146547E-17));
#17969 = VECTOR('',#17970,1.);
#17970 = DIRECTION('',(0.134777701116,0.293041937044,0.94655237278));
#17971 = DEFINITIONAL_REPRESENTATION('',(#17972),#17975);
#17972 = B_SPLINE_CURVE_WITH_KNOTS('',1,(#17973,#17974),.UNSPECIFIED.,
  .F.,.F.,(2,2),(0.,6.28318530718),.PIECEWISE_BEZIER_KNOTS.);
#17973 = CARTESIAN_POINT('',(0.,0.));
#17974 = CARTESIAN_POINT('',(6.28318530718,0.));
#17975 = ( GEOMETRIC_REPRESENTATION_CONTEXT(2) 
PARAMETRIC_REPRESENTATION_CONTEXT() REPRESENTATION_CONTEXT('2D SPACE',''
  ) );
#17976 = ORIENTED_EDGE('',*,*,#17926,.F.);
#17977 = ORIENTED_EDGE('',*,*,#17892,.T.);
#17978 = ADVANCED_FACE('',(#17979),#17963,.T.);
#17979 = FACE_BOUND('',#17980,.T.);
#17980 = EDGE_LOOP('',(#17981,#18003,#18032,#18033));
#17981 = ORIENTED_EDGE('',*,*,#17982,.T.);
#17982 = EDGE_CURVE('',#17927,#17983,#17985,.T.);
#17983 = VERTEX_POINT('',#17984);
#17984 = CARTESIAN_POINT('',(-30.62535722689,17.087812368149,173.7));
#17985 = SEAM_CURVE('',#17986,(#17990,#17996),.PCURVE_S1.);
#17986 = LINE('',#17987,#17988);
#17987 = CARTESIAN_POINT('',(-32.6828638553,12.614255371131,159.25));
#17988 = VECTOR('',#17989,1.);
#17989 = DIRECTION('',(0.134777701116,0.293041937044,0.94655237278));
#17990 = PCURVE('',#17963,#17991);
#17991 = DEFINITIONAL_REPRESENTATION('',(#17992),#17995);
#17992 = B_SPLINE_CURVE_WITH_KNOTS('',1,(#17993,#17994),.UNSPECIFIED.,
  .F.,.F.,(2,2),(0.,15.265927607961),.PIECEWISE_BEZIER_KNOTS.);
#17993 = CARTESIAN_POINT('',(6.28318530718,0.));
#17994 = CARTESIAN_POINT('',(6.28318530718,15.265927607961));
#17995 = ( GEOMETRIC_REPRESENTATION_CONTEXT(2) 
PARAMETRIC_REPRESENTATION_CONTEXT() REPRESENTATION_CONTEXT('2D SPACE',''
  ) );
#17996 = PCURVE('',#17963,#17997);
#17997 = DEFINITIONAL_REPRESENTATION('',(#17998),#18002);
#17998 = LINE('',#17999,#18000);
#17999 = CARTESIAN_POINT('',(0.,0.));
#18000 = VECTOR('',#18001,1.);
#18001 = DIRECTION('',(0.,1.));
#18002 = ( GEOMETRIC_REPRESENTATION_CONTEXT(2) 
PARAMETRIC_REPRESENTATION_CONTEXT() REPRESENTATION_CONTEXT('2D SPACE',''
  ) );
#18003 = ORIENTED_EDGE('',*,*,#18004,.F.);
#18004 = EDGE_CURVE('',#17983,#17983,#18005,.T.);
#18005 = SURFACE_CURVE('',#18006,(#18011,#18018),.PCURVE_S1.);
#18006 = CIRCLE('',#18007,0.75);
#18007 = AXIS2_PLACEMENT_3D('',#18008,#18009,#18010);
#18008 = CARTESIAN_POINT('',(-31.37357658758,17.1394630051,173.7));
#18009 = DIRECTION('',(-6.886751593559E-02,-0.997625814245,
    1.623151572483E-16));
#18010 = DIRECTION('',(0.997625814245,-6.886751593559E-02,
    -9.71445146547E-17));
#18011 = PCURVE('',#17963,#18012);
#18012 = DEFINITIONAL_REPRESENTATION('',(#18013),#18017);
#18013 = LINE('',#18014,#18015);
#18014 = CARTESIAN_POINT('',(0.,15.265927607961));
#18015 = VECTOR('',#18016,1.);
#18016 = DIRECTION('',(1.,0.));
#18017 = ( GEOMETRIC_REPRESENTATION_CONTEXT(2) 
PARAMETRIC_REPRESENTATION_CONTEXT() REPRESENTATION_CONTEXT('2D SPACE',''
  ) );
#18018 = PCURVE('',#18019,#18027);
#18019 = SURFACE_OF_LINEAR_EXTRUSION('',#18020,#18025);
#18020 = CIRCLE('',#18021,0.75);
#18021 = AXIS2_PLACEMENT_3D('',#18022,#18023,#18024);
#18022 = CARTESIAN_POINT('',(-31.37357658758,17.1394630051,173.7));
#18023 = DIRECTION('',(-6.886751593559E-02,-0.997625814245,
    1.623151572483E-16));
#18024 = DIRECTION('',(0.997625814245,-6.886751593559E-02,
    -9.71445146547E-17));
#18025 = VECTOR('',#18026,1.);
#18026 = DIRECTION('',(0.538724224386,0.842482171954,0.));
#18027 = DEFINITIONAL_REPRESENTATION('',(#18028),#18031);
#18028 = B_SPLINE_CURVE_WITH_KNOTS('',1,(#18029,#18030),.UNSPECIFIED.,
  .F.,.F.,(2,2),(0.,6.28318530718),.PIECEWISE_BEZIER_KNOTS.);
#18029 = CARTESIAN_POINT('',(0.,0.));
#18030 = CARTESIAN_POINT('',(6.28318530718,0.));
#18031 = ( GEOMETRIC_REPRESENTATION_CONTEXT(2) 
PARAMETRIC_REPRESENTATION_CONTEXT() REPRESENTATION_CONTEXT('2D SPACE',''
  ) );
#18032 = ORIENTED_EDGE('',*,*,#17982,.F.);
#18033 = ORIENTED_EDGE('',*,*,#17948,.T.);
#18034 = ADVANCED_FACE('',(#18035),#18019,.T.);
#18035 = FACE_BOUND('',#18036,.T.);
#18036 = EDGE_LOOP('',(#18037,#18059,#18088,#18089));
#18037 = ORIENTED_EDGE('',*,*,#18038,.T.);
#18038 = EDGE_CURVE('',#17983,#18039,#18041,.T.);
#18039 = VERTEX_POINT('',#18040);
#18040 = CARTESIAN_POINT('',(-27.97266439069,21.236217657925,173.7));
#18041 = SEAM_CURVE('',#18042,(#18046,#18052),.PCURVE_S1.);
#18042 = LINE('',#18043,#18044);
#18043 = CARTESIAN_POINT('',(-30.62535722689,17.087812368149,173.7));
#18044 = VECTOR('',#18045,1.);
#18045 = DIRECTION('',(0.538724224386,0.842482171954,0.));
#18046 = PCURVE('',#18019,#18047);
#18047 = DEFINITIONAL_REPRESENTATION('',(#18048),#18051);
#18048 = B_SPLINE_CURVE_WITH_KNOTS('',1,(#18049,#18050),.UNSPECIFIED.,
  .F.,.F.,(2,2),(0.,4.924027389395),.PIECEWISE_BEZIER_KNOTS.);
#18049 = CARTESIAN_POINT('',(6.28318530718,0.));
#18050 = CARTESIAN_POINT('',(6.28318530718,4.924027389395));
#18051 = ( GEOMETRIC_REPRESENTATION_CONTEXT(2) 
PARAMETRIC_REPRESENTATION_CONTEXT() REPRESENTATION_CONTEXT('2D SPACE',''
  ) );
#18052 = PCURVE('',#18019,#18053);
#18053 = DEFINITIONAL_REPRESENTATION('',(#18054),#18058);
#18054 = LINE('',#18055,#18056);
#18055 = CARTESIAN_POINT('',(0.,0.));
#18056 = VECTOR('',#18057,1.);
#18057 = DIRECTION('',(0.,1.));
#18058 = ( GEOMETRIC_REPRESENTATION_CONTEXT(2) 
PARAMETRIC_REPRESENTATION_CONTEXT() REPRESENTATION_CONTEXT('2D SPACE',''
  ) );
#18059 = ORIENTED_EDGE('',*,*,#18060,.F.);
#18060 = EDGE_CURVE('',#18039,#18039,#18061,.T.);
#18061 = SURFACE_CURVE('',#18062,(#18067,#18074),.PCURVE_S1.);
#18062 = CIRCLE('',#18063,0.75);
#18063 = AXIS2_PLACEMENT_3D('',#18064,#18065,#18066);
#18064 = CARTESIAN_POINT('',(-28.72088375137,21.287868294877,173.7));
#18065 = DIRECTION('',(-6.886751593559E-02,-0.997625814245,
    1.623151572483E-16));
#18066 = DIRECTION('',(0.997625814245,-6.886751593559E-02,
    -9.71445146547E-17));
#18067 = PCURVE('',#18019,#18068);
#18068 = DEFINITIONAL_REPRESENTATION('',(#18069),#18073);
#18069 = LINE('',#18070,#18071);
#18070 = CARTESIAN_POINT('',(0.,4.924027389395));
#18071 = VECTOR('',#18072,1.);
#18072 = DIRECTION('',(1.,0.));
#18073 = ( GEOMETRIC_REPRESENTATION_CONTEXT(2) 
PARAMETRIC_REPRESENTATION_CONTEXT() REPRESENTATION_CONTEXT('2D SPACE',''
  ) );
#18074 = PCURVE('',#18075,#18083);
#18075 = SURFACE_OF_LINEAR_EXTRUSION('',#18076,#18081);
#18076 = CIRCLE('',#18077,0.75);
#18077 = AXIS2_PLACEMENT_3D('',#18078,#18079,#18080);
#18078 = CARTESIAN_POINT('',(-28.72088375137,21.287868294877,173.7));
#18079 = DIRECTION('',(-6.886751593559E-02,-0.997625814245,
    1.623151572483E-16));
#18080 = DIRECTION('',(0.997625814245,-6.886751593559E-02,
    -9.71445146547E-17));
#18081 = VECTOR('',#18082,1.);
#18082 = DIRECTION('',(0.649377982116,0.760465802218,0.));
#18083 = DEFINITIONAL_REPRESENTATION('',(#18084),#18087);
#18084 = B_SPLINE_CURVE_WITH_KNOTS('',1,(#18085,#18086),.UNSPECIFIED.,
  .F.,.F.,(2,2),(0.,6.28318530718),.PIECEWISE_BEZIER_KNOTS.);
#18085 = CARTESIAN_POINT('',(0.,0.));
#18086 = CARTESIAN_POINT('',(6.28318530718,0.));
#18087 = ( GEOMETRIC_REPRESENTATION_CONTEXT(2) 
PARAMETRIC_REPRESENTATION_CONTEXT() REPRESENTATION_CONTEXT('2D SPACE',''
  ) );
#18088 = ORIENTED_EDGE('',*,*,#18038,.F.);
#18089 = ORIENTED_EDGE('',*,*,#18004,.T.);
#18090 = ADVANCED_FACE('',(#18091),#18075,.T.);
#18091 = FACE_BOUND('',#18092,.T.);
#18092 = EDGE_LOOP('',(#18093,#18115,#18144,#18145));
#18093 = ORIENTED_EDGE('',*,*,#18094,.T.);
#18094 = EDGE_CURVE('',#18039,#18095,#18097,.T.);
#18095 = VERTEX_POINT('',#18096);
#18096 = CARTESIAN_POINT('',(-24.77510942068,24.980772096743,173.7));
#18097 = SEAM_CURVE('',#18098,(#18102,#18108),.PCURVE_S1.);
#18098 = LINE('',#18099,#18100);
#18099 = CARTESIAN_POINT('',(-27.97266439069,21.236217657925,173.7));
#18100 = VECTOR('',#18101,1.);
#18101 = DIRECTION('',(0.649377982116,0.760465802218,0.));
#18102 = PCURVE('',#18075,#18103);
#18103 = DEFINITIONAL_REPRESENTATION('',(#18104),#18107);
#18104 = B_SPLINE_CURVE_WITH_KNOTS('',1,(#18105,#18106),.UNSPECIFIED.,
  .F.,.F.,(2,2),(0.,4.924027389395),.PIECEWISE_BEZIER_KNOTS.);
#18105 = CARTESIAN_POINT('',(6.28318530718,0.));
#18106 = CARTESIAN_POINT('',(6.28318530718,4.924027389395));
#18107 = ( GEOMETRIC_REPRESENTATION_CONTEXT(2) 
PARAMETRIC_REPRESENTATION_CONTEXT() REPRESENTATION_CONTEXT('2D SPACE',''
  ) );
#18108 = PCURVE('',#18075,#18109);
#18109 = DEFINITIONAL_REPRESENTATION('',(#18110),#18114);
#18110 = LINE('',#18111,#18112);
#18111 = CARTESIAN_POINT('',(0.,0.));
#18112 = VECTOR('',#18113,1.);
#18113 = DIRECTION('',(0.,1.));
#18114 = ( GEOMETRIC_REPRESENTATION_CONTEXT(2) 
PARAMETRIC_REPRESENTATION_CONTEXT() REPRESENTATION_CONTEXT('2D SPACE',''
  ) );
#18115 = ORIENTED_EDGE('',*,*,#18116,.F.);
#18116 = EDGE_CURVE('',#18095,#18095,#18117,.T.);
#18117 = SURFACE_CURVE('',#18118,(#18123,#18130),.PCURVE_S1.);
#18118 = CIRCLE('',#18119,0.75);
#18119 = AXIS2_PLACEMENT_3D('',#18120,#18121,#18122);
#18120 = CARTESIAN_POINT('',(-25.52332878136,25.032422733695,173.7));
#18121 = DIRECTION('',(-6.886751593559E-02,-0.997625814245,
    1.623151572483E-16));
#18122 = DIRECTION('',(0.997625814245,-6.886751593559E-02,
    -9.71445146547E-17));
#18123 = PCURVE('',#18075,#18124);
#18124 = DEFINITIONAL_REPRESENTATION('',(#18125),#18129);
#18125 = LINE('',#18126,#18127);
#18126 = CARTESIAN_POINT('',(0.,4.924027389395));
#18127 = VECTOR('',#18128,1.);
#18128 = DIRECTION('',(1.,0.));
#18129 = ( GEOMETRIC_REPRESENTATION_CONTEXT(2) 
PARAMETRIC_REPRESENTATION_CONTEXT() REPRESENTATION_CONTEXT('2D SPACE',''
  ) );
#18130 = PCURVE('',#18131,#18139);
#18131 = SURFACE_OF_LINEAR_EXTRUSION('',#18132,#18137);
#18132 = CIRCLE('',#18133,0.75);
#18133 = AXIS2_PLACEMENT_3D('',#18134,#18135,#18136);
#18134 = CARTESIAN_POINT('',(-25.52332878136,25.032422733695,173.7));
#18135 = DIRECTION('',(-6.886751593559E-02,-0.997625814245,
    1.623151572483E-16));
#18136 = DIRECTION('',(0.997625814245,-6.886751593559E-02,
    -9.71445146547E-17));
#18137 = VECTOR('',#18138,1.);
#18138 = DIRECTION('',(0.747712429757,0.664022682133,0.));
#18139 = DEFINITIONAL_REPRESENTATION('',(#18140),#18143);
#18140 = B_SPLINE_CURVE_WITH_KNOTS('',1,(#18141,#18142),.UNSPECIFIED.,
  .F.,.F.,(2,2),(0.,6.28318530718),.PIECEWISE_BEZIER_KNOTS.);
#18141 = CARTESIAN_POINT('',(0.,0.));
#18142 = CARTESIAN_POINT('',(6.28318530718,0.));
#18143 = ( GEOMETRIC_REPRESENTATION_CONTEXT(2) 
PARAMETRIC_REPRESENTATION_CONTEXT() REPRESENTATION_CONTEXT('2D SPACE',''
  ) );
#18144 = ORIENTED_EDGE('',*,*,#18094,.F.);
#18145 = ORIENTED_EDGE('',*,*,#18060,.T.);
#18146 = ADVANCED_FACE('',(#18147),#18131,.T.);
#18147 = FACE_BOUND('',#18148,.T.);
#18148 = EDGE_LOOP('',(#18149,#18171,#18200,#18201));
#18149 = ORIENTED_EDGE('',*,*,#18150,.T.);
#18150 = EDGE_CURVE('',#18095,#18151,#18153,.T.);
#18151 = VERTEX_POINT('',#18152);
#18152 = CARTESIAN_POINT('',(-21.09335293716,28.250437970744,173.7));
#18153 = SEAM_CURVE('',#18154,(#18158,#18164),.PCURVE_S1.);
#18154 = LINE('',#18155,#18156);
#18155 = CARTESIAN_POINT('',(-24.77510942068,24.980772096743,173.7));
#18156 = VECTOR('',#18157,1.);
#18157 = DIRECTION('',(0.747712429757,0.664022682133,0.));
#18158 = PCURVE('',#18131,#18159);
#18159 = DEFINITIONAL_REPRESENTATION('',(#18160),#18163);
#18160 = B_SPLINE_CURVE_WITH_KNOTS('',1,(#18161,#18162),.UNSPECIFIED.,
  .F.,.F.,(2,2),(0.,4.924027389395),.PIECEWISE_BEZIER_KNOTS.);
#18161 = CARTESIAN_POINT('',(6.28318530718,0.));
#18162 = CARTESIAN_POINT('',(6.28318530718,4.924027389395));
#18163 = ( GEOMETRIC_REPRESENTATION_CONTEXT(2) 
PARAMETRIC_REPRESENTATION_CONTEXT() REPRESENTATION_CONTEXT('2D SPACE',''
  ) );
#18164 = PCURVE('',#18131,#18165);
#18165 = DEFINITIONAL_REPRESENTATION('',(#18166),#18170);
#18166 = LINE('',#18167,#18168);
#18167 = CARTESIAN_POINT('',(0.,0.));
#18168 = VECTOR('',#18169,1.);
#18169 = DIRECTION('',(0.,1.));
#18170 = ( GEOMETRIC_REPRESENTATION_CONTEXT(2) 
PARAMETRIC_REPRESENTATION_CONTEXT() REPRESENTATION_CONTEXT('2D SPACE',''
  ) );
#18171 = ORIENTED_EDGE('',*,*,#18172,.F.);
#18172 = EDGE_CURVE('',#18151,#18151,#18173,.T.);
#18173 = SURFACE_CURVE('',#18174,(#18179,#18186),.PCURVE_S1.);
#18174 = CIRCLE('',#18175,0.75);
#18175 = AXIS2_PLACEMENT_3D('',#18176,#18177,#18178);
#18176 = CARTESIAN_POINT('',(-21.84157229784,28.302088607695,173.7));
#18177 = DIRECTION('',(-6.886751593559E-02,-0.997625814245,
    1.623151572483E-16));
#18178 = DIRECTION('',(0.997625814245,-6.886751593559E-02,
    -9.71445146547E-17));
#18179 = PCURVE('',#18131,#18180);
#18180 = DEFINITIONAL_REPRESENTATION('',(#18181),#18185);
#18181 = LINE('',#18182,#18183);
#18182 = CARTESIAN_POINT('',(0.,4.924027389395));
#18183 = VECTOR('',#18184,1.);
#18184 = DIRECTION('',(1.,0.));
#18185 = ( GEOMETRIC_REPRESENTATION_CONTEXT(2) 
PARAMETRIC_REPRESENTATION_CONTEXT() REPRESENTATION_CONTEXT('2D SPACE',''
  ) );
#18186 = PCURVE('',#18187,#18195);
#18187 = SURFACE_OF_LINEAR_EXTRUSION('',#18188,#18193);
#18188 = CIRCLE('',#18189,0.75);
#18189 = AXIS2_PLACEMENT_3D('',#18190,#18191,#18192);
#18190 = CARTESIAN_POINT('',(-21.84157229784,28.302088607695,173.7));
#18191 = DIRECTION('',(-6.886751593559E-02,-0.997625814245,
    1.623151572483E-16));
#18192 = DIRECTION('',(0.997625814245,-6.886751593559E-02,
    -9.71445146547E-17));
#18193 = VECTOR('',#18194,1.);
#18194 = DIRECTION('',(0.8318620705,0.554982428247,0.));
#18195 = DEFINITIONAL_REPRESENTATION('',(#18196),#18199);
#18196 = B_SPLINE_CURVE_WITH_KNOTS('',1,(#18197,#18198),.UNSPECIFIED.,
  .F.,.F.,(2,2),(0.,6.28318530718),.PIECEWISE_BEZIER_KNOTS.);
#18197 = CARTESIAN_POINT('',(0.,0.));
#18198 = CARTESIAN_POINT('',(6.28318530718,0.));
#18199 = ( GEOMETRIC_REPRESENTATION_CONTEXT(2) 
PARAMETRIC_REPRESENTATION_CONTEXT() REPRESENTATION_CONTEXT('2D SPACE',''
  ) );
#18200 = ORIENTED_EDGE('',*,*,#18150,.F.);
#18201 = ORIENTED_EDGE('',*,*,#18116,.T.);
#18202 = ADVANCED_FACE('',(#18203),#18187,.T.);
#18203 = FACE_BOUND('',#18204,.T.);
#18204 = EDGE_LOOP('',(#18205,#18227,#18254,#18255));
#18205 = ORIENTED_EDGE('',*,*,#18206,.T.);
#18206 = EDGE_CURVE('',#18151,#18207,#18209,.T.);
#18207 = VERTEX_POINT('',#18208);
#18208 = CARTESIAN_POINT('',(-16.99724131782,30.983186648066,173.7));
#18209 = SEAM_CURVE('',#18210,(#18214,#18220),.PCURVE_S1.);
#18210 = LINE('',#18211,#18212);
#18211 = CARTESIAN_POINT('',(-21.09335293716,28.250437970744,173.7));
#18212 = VECTOR('',#18213,1.);
#18213 = DIRECTION('',(0.8318620705,0.554982428247,0.));
#18214 = PCURVE('',#18187,#18215);
#18215 = DEFINITIONAL_REPRESENTATION('',(#18216),#18219);
#18216 = B_SPLINE_CURVE_WITH_KNOTS('',1,(#18217,#18218),.UNSPECIFIED.,
  .F.,.F.,(2,2),(0.,4.924027389395),.PIECEWISE_BEZIER_KNOTS.);
#18217 = CARTESIAN_POINT('',(6.28318530718,0.));
#18218 = CARTESIAN_POINT('',(6.28318530718,4.924027389395));
#18219 = ( GEOMETRIC_REPRESENTATION_CONTEXT(2) 
PARAMETRIC_REPRESENTATION_CONTEXT() REPRESENTATION_CONTEXT('2D SPACE',''
  ) );
#18220 = PCURVE('',#18187,#18221);
#18221 = DEFINITIONAL_REPRESENTATION('',(#18222),#18226);
#18222 = LINE('',#18223,#18224);
#18223 = CARTESIAN_POINT('',(0.,0.));
#18224 = VECTOR('',#18225,1.);
#18225 = DIRECTION('',(0.,1.));
#18226 = ( GEOMETRIC_REPRESENTATION_CONTEXT(2) 
PARAMETRIC_REPRESENTATION_CONTEXT() REPRESENTATION_CONTEXT('2D SPACE',''
  ) );
#18227 = ORIENTED_EDGE('',*,*,#18228,.F.);
#18228 = EDGE_CURVE('',#18207,#18207,#18229,.T.);
#18229 = SURFACE_CURVE('',#18230,(#18235,#18242),.PCURVE_S1.);
#18230 = CIRCLE('',#18231,0.75);
#18231 = AXIS2_PLACEMENT_3D('',#18232,#18233,#18234);
#18232 = CARTESIAN_POINT('',(-17.7454606785,31.034837285018,173.7));
#18233 = DIRECTION('',(-6.886751593559E-02,-0.997625814245,
    1.623151572483E-16));
#18234 = DIRECTION('',(0.997625814245,-6.886751593559E-02,
    -9.71445146547E-17));
#18235 = PCURVE('',#18187,#18236);
#18236 = DEFINITIONAL_REPRESENTATION('',(#18237),#18241);
#18237 = LINE('',#18238,#18239);
#18238 = CARTESIAN_POINT('',(0.,4.924027389395));
#18239 = VECTOR('',#18240,1.);
#18240 = DIRECTION('',(1.,0.));
#18241 = ( GEOMETRIC_REPRESENTATION_CONTEXT(2) 
PARAMETRIC_REPRESENTATION_CONTEXT() REPRESENTATION_CONTEXT('2D SPACE',''
  ) );
#18242 = PCURVE('',#18243,#18248);
#18243 = PLANE('',#18244);
#18244 = AXIS2_PLACEMENT_3D('',#18245,#18246,#18247);
#18245 = CARTESIAN_POINT('',(-17.7454606785,31.034837285018,173.7));
#18246 = DIRECTION('',(-6.886751593559E-02,-0.997625814245,-0.));
#18247 = DIRECTION('',(-0.997625814245,6.886751593559E-02,0.));
#18248 = DEFINITIONAL_REPRESENTATION('',(#18249),#18253);
#18249 = CIRCLE('',#18250,0.75);
#18250 = AXIS2_PLACEMENT_2D('',#18251,#18252);
#18251 = CARTESIAN_POINT('',(3.544278876594E-15,0.));
#18252 = DIRECTION('',(-1.,9.71445146547E-17));
#18253 = ( GEOMETRIC_REPRESENTATION_CONTEXT(2) 
PARAMETRIC_REPRESENTATION_CONTEXT() REPRESENTATION_CONTEXT('2D SPACE',''
  ) );
#18254 = ORIENTED_EDGE('',*,*,#18206,.F.);
#18255 = ORIENTED_EDGE('',*,*,#18172,.T.);
#18256 = ADVANCED_FACE('',(#18257),#14047,.F.);
#18257 = FACE_BOUND('',#18258,.F.);
#18258 = EDGE_LOOP('',(#18259));
#18259 = ORIENTED_EDGE('',*,*,#14032,.T.);
#18260 = ADVANCED_FACE('',(#18261),#18243,.T.);
#18261 = FACE_BOUND('',#18262,.T.);
#18262 = EDGE_LOOP('',(#18263));
#18263 = ORIENTED_EDGE('',*,*,#18228,.T.);
#18264 = ( GEOMETRIC_REPRESENTATION_CONTEXT(3) 
GLOBAL_UNCERTAINTY_ASSIGNED_CONTEXT((#18271)) 
GLOBAL_UNIT_ASSIGNED_CONTEXT((#18265,#18269,#18270)) 
REPRESENTATION_CONTEXT('Context #1',
  '3D Context with UNIT and UNCERTAINTY') );
#18265 = ( CONVERSION_BASED_UNIT('INCH',#18267) LENGTH_UNIT() NAMED_UNIT
(#18266) );
#18266 = DIMENSIONAL_EXPONENTS(1.,0.,0.,0.,0.,0.,0.);
#18267 = LENGTH_MEASURE_WITH_UNIT(25.4,#18268);
#18268 = ( LENGTH_UNIT() NAMED_UNIT(*) SI_UNIT(.MILLI.,.METRE.) );
#18269 = ( NAMED_UNIT(*) PLANE_ANGLE_UNIT() SI_UNIT($,.RADIAN.) );
#18270 = ( NAMED_UNIT(*) SI_UNIT($,.STERADIAN.) SOLID_ANGLE_UNIT() );
#18271 = UNCERTAINTY_MEASURE_WITH_UNIT(LENGTH_MEASURE(1.E-07),#18265,
  'distance_accuracy_value','confusion accuracy');
#18272 = PRODUCT_RELATED_PRODUCT_CATEGORY('part',$,(#7));
ENDSEC;
END-ISO-10303-21;
